actual_id,predicted_id,actual_label,predicted_label,prob_car-alarm,prob_community-radio,prob_construction-site,prob_crowd-noise,prob_generator,prob_mobile-music,prob_motorvehicle-horn,prob_motorvehicle-siren
6,3,motorvehicle-horn,crowd-noise,0.0031845677,0.082455404,0.0073574726,0.769548,0.008873862,0.10816511,0.016021429,0.0043941266
3,3,crowd-noise,crowd-noise,0.08835605,0.14619678,0.026913702,0.44532573,0.054185126,0.12703082,0.089617774,0.02237401
1,1,community-radio,community-radio,0.0261024,0.52079403,0.013193057,0.087707184,0.0033575478,0.1777895,0.11453929,0.05651702
6,6,motorvehicle-horn,motorvehicle-horn,0.10753935,0.011125907,0.00649952,0.030757165,0.17451599,0.0016029008,0.65558463,0.012374569
0,3,car-alarm,crowd-noise,0.00025122642,0.0022822784,0.0005360438,0.99061066,0.00048038052,0.0053171935,0.0003657628,0.00015642922
0,0,car-alarm,car-alarm,0.9973667,0.0001062912,0.0005721632,0.00043508416,1.2010584e-05,6.815357e-05,0.00022933689,0.0012103188
4,4,generator,generator,2.5931884e-05,6.330285e-05,0.00017309345,4.328137e-05,0.99932253,4.224214e-06,0.0003513476,1.6331609e-05
3,3,crowd-noise,crowd-noise,5.9334885e-05,0.0016004606,0.0003299397,0.99557424,8.1315615e-05,0.0021176822,6.705145e-05,0.00016995959
5,5,mobile-music,mobile-music,0.00012335574,0.38280353,0.02574484,0.007998436,0.0017137808,0.57849324,0.0023372213,0.00078558706
2,2,construction-site,construction-site,0.03245103,0.024741724,0.45823622,0.1432452,0.14398062,0.0031278555,0.18771735,0.006500055
0,0,car-alarm,car-alarm,0.9996718,2.569504e-06,4.860103e-05,3.0184607e-05,1.1344905e-05,1.517933e-06,0.00020621238,2.7820572e-05
0,0,car-alarm,car-alarm,0.9994299,3.142835e-06,0.00010884315,4.1598632e-05,7.0188116e-06,4.4583658e-06,0.00034264228,6.245242e-05
2,6,construction-site,motorvehicle-horn,0.066910475,0.008601233,0.28097826,0.057546612,0.019414496,0.004890626,0.5493615,0.012296738
6,6,motorvehicle-horn,motorvehicle-horn,0.20523146,0.021288348,0.037008822,0.06499028,0.005153656,0.0087311715,0.6290305,0.028565716
4,4,generator,generator,5.745195e-06,2.1031048e-05,5.539551e-06,3.2365547e-06,0.9999337,1.7687333e-07,2.3418665e-05,7.175996e-06
6,6,motorvehicle-horn,motorvehicle-horn,0.11731735,0.0030669433,0.0018648686,0.010297192,0.011443272,0.00045972766,0.84568286,0.009867864
0,0,car-alarm,car-alarm,0.59884876,0.0038549153,0.005372813,0.007428156,0.010041615,0.00059583376,0.36401016,0.009847791
3,3,crowd-noise,crowd-noise,0.0003498071,0.0025185293,0.0034954634,0.9890344,0.00049338565,0.0030514735,0.0006082143,0.0004487615
2,2,construction-site,construction-site,0.0019289362,0.011517893,0.9173736,0.05013386,0.0058557563,0.0054010623,0.0065077646,0.0012812319
2,2,construction-site,construction-site,0.0025271967,0.004452696,0.95546293,0.013547514,0.0046561146,0.0017625842,0.015770648,0.0018203305
6,0,motorvehicle-horn,car-alarm,0.42843032,0.019544162,0.014106275,0.04090431,0.07361319,0.0027749261,0.3904941,0.030132726
7,7,motorvehicle-siren,motorvehicle-siren,0.00060758827,0.00022825207,0.00045042371,0.00025716802,9.000337e-06,1.1925193e-05,0.00010367919,0.99833196
4,1,generator,community-radio,0.001251347,0.6702282,0.007100071,0.25682604,0.008788383,0.029209705,0.021260971,0.005335278
7,7,motorvehicle-siren,motorvehicle-siren,0.00017227953,0.00035683907,0.00015552853,0.0001650403,6.4690095e-05,7.0582078e-06,0.00047274693,0.9986059
4,4,generator,generator,2.4972396e-05,0.00027088015,0.00034588287,9.2998e-05,0.9986854,1.7300757e-05,0.0005318718,3.067945e-05
4,4,generator,generator,0.0006258399,0.014308354,0.0029607546,0.006663903,0.9619963,0.0007887149,0.01186302,0.0007932088
2,2,construction-site,construction-site,7.313487e-05,0.011608092,0.9638533,0.00802755,0.014343352,0.0009037917,0.000645658,0.0005450892
5,5,mobile-music,mobile-music,0.0028682651,0.004507346,0.017000997,0.0018702262,0.0014283925,0.5288837,0.4427099,0.00073116325
3,7,crowd-noise,motorvehicle-siren,2.417084e-05,0.0017329628,0.00017398923,0.0010826263,1.8671937e-05,2.1257258e-05,4.8776084e-05,0.9968976
0,0,car-alarm,car-alarm,0.99967563,1.0463823e-05,4.4517816e-05,9.537251e-05,2.4928617e-05,5.0860026e-06,0.00012140268,2.2639804e-05
0,0,car-alarm,car-alarm,0.9997701,1.9380786e-06,3.9515824e-05,1.7536966e-05,5.0921617e-06,1.98934e-06,0.00015164717,1.2159254e-05
2,2,construction-site,construction-site,0.00038462703,0.0011417117,0.9833624,0.009345862,0.0017812955,8.5527136e-05,0.00018484681,0.0037138257
2,2,construction-site,construction-site,0.0004171586,0.0069561647,0.95507914,0.03153428,0.0020095506,0.0012420471,0.0023451021,0.0004166151
6,6,motorvehicle-horn,motorvehicle-horn,0.09178357,0.00061426114,0.0038456877,0.0042774384,0.0022506933,0.00015230745,0.87849367,0.018582357
1,1,community-radio,community-radio,0.00010000654,0.5260254,0.003506739,0.012649963,0.004797477,0.44969347,0.0017751638,0.0014518043
6,6,motorvehicle-horn,motorvehicle-horn,0.330068,0.010881399,0.029376322,0.0286186,0.01738514,0.0038504025,0.56315696,0.0166632
1,3,community-radio,crowd-noise,0.007513786,0.122569256,0.045375247,0.58113444,0.007895156,0.19630982,0.03385089,0.005351405
2,2,construction-site,construction-site,2.8688624e-05,9.8250704e-05,0.99911267,0.000593416,4.3068245e-05,1.1756037e-05,1.1306791e-05,0.00010086527
5,5,mobile-music,mobile-music,0.0019502951,0.0223122,0.0046394463,0.028260592,0.00014096344,0.93537515,0.005766043,0.0015552341
4,4,generator,generator,9.044575e-05,0.0004365243,3.1275347e-05,0.00022964351,0.99850214,2.1138154e-05,0.0004970211,0.00019188643
7,7,motorvehicle-siren,motorvehicle-siren,4.9407754e-05,0.0006982294,0.00060126756,0.00022180511,0.00025088523,1.524599e-05,0.0003826826,0.9977805
6,6,motorvehicle-horn,motorvehicle-horn,0.13935027,0.0008765938,0.0026313416,0.0044796867,0.0025248139,0.00024935813,0.84280825,0.007079682
0,0,car-alarm,car-alarm,0.9996928,5.5465352e-06,6.166063e-05,4.9486203e-05,1.0454316e-05,5.261224e-06,0.00015308686,2.171188e-05
1,1,community-radio,community-radio,3.1402626e-05,0.9895048,0.00015236574,0.003101751,0.0001799488,0.005585591,0.0010417087,0.00040248365
2,2,construction-site,construction-site,0.0015213252,0.009532279,0.9396343,0.0348121,0.0056328587,0.003484346,0.0040273736,0.0013554271
3,3,crowd-noise,crowd-noise,0.057970323,0.06692931,0.06291121,0.35933074,0.0038836154,0.29297027,0.14988297,0.006121563
6,6,motorvehicle-horn,motorvehicle-horn,0.1675544,0.0020362167,0.006168995,0.008183196,0.019648168,0.00043216834,0.7498303,0.046146497
3,3,crowd-noise,crowd-noise,5.585912e-05,0.0011530622,0.00016400193,0.9969777,0.00010594225,0.00122406,4.518039e-05,0.00027425136
0,0,car-alarm,car-alarm,0.99968064,4.0578984e-06,4.392267e-05,3.848221e-05,1.2937141e-05,3.5568692e-06,0.0002005647,1.5731825e-05
1,1,community-radio,community-radio,0.0007202445,0.91166943,0.006602484,0.03552017,0.003226242,0.026034014,0.013418807,0.0028085439
3,3,crowd-noise,crowd-noise,0.0001281996,0.0053432477,0.0003089859,0.9872564,8.80693e-05,0.005955712,0.00012925462,0.0007901531
5,3,mobile-music,crowd-noise,0.0030239485,0.1503216,0.008002056,0.70327824,0.003700381,0.11557118,0.013139272,0.0029633385
3,1,crowd-noise,community-radio,0.0001571732,0.98501796,0.0005578194,0.0053842757,0.002059582,0.0026894384,0.002666685,0.0014670272
2,2,construction-site,construction-site,0.0005179881,0.0049257437,0.9706153,0.0066674496,0.009616055,0.0008633938,0.0061780224,0.0006160369
5,5,mobile-music,mobile-music,0.00019681238,0.05565534,0.00033497327,0.025269909,0.0002356929,0.9163649,0.0015769101,0.0003654869
3,3,crowd-noise,crowd-noise,0.0018096908,0.3366044,0.012445288,0.4993816,0.007502771,0.12316612,0.014773292,0.0043167984
2,2,construction-site,construction-site,0.0025361574,0.0047671194,0.9476002,0.0062679932,0.0024515854,0.020280804,0.013900031,0.0021960358
1,1,community-radio,community-radio,0.0011505809,0.9147102,0.0024489,0.036574017,0.006170341,0.022318503,0.013588183,0.0030393198
1,1,community-radio,community-radio,9.833177e-05,0.9754107,0.000109914414,0.0013975664,0.00015457874,0.021875339,0.00058877544,0.00036479745
2,2,construction-site,construction-site,0.0011879929,0.021576395,0.9145124,0.037940815,0.003427152,0.015533719,0.0050208056,0.0008006798
4,4,generator,generator,0.0051459596,0.12786457,0.032289114,0.15005308,0.5911691,0.0059173033,0.052865222,0.034695715
6,6,motorvehicle-horn,motorvehicle-horn,0.3185445,0.001325118,0.00466474,0.0050133485,0.0037705312,0.0009203016,0.6583334,0.007428062
6,6,motorvehicle-horn,motorvehicle-horn,0.006508247,0.0006441521,0.048624817,0.0037795126,0.006616843,0.002917996,0.9287856,0.0021228394
7,7,motorvehicle-siren,motorvehicle-siren,1.8254048e-06,8.336059e-05,1.8264365e-05,1.3608254e-05,4.7025122e-07,6.8378233e-07,1.2410726e-05,0.99986935
3,1,crowd-noise,community-radio,0.020680187,0.37543046,0.019744081,0.21315758,0.1287606,0.01933216,0.1442211,0.078673884
1,1,community-radio,community-radio,3.7554666e-05,0.8203727,0.00013767261,0.00045559506,0.000105278676,0.17806607,0.00019116483,0.0006339076
4,4,generator,generator,0.00029872326,0.0012886005,7.714379e-05,0.00028007696,0.996347,1.629948e-05,0.000582463,0.0011097264
2,2,construction-site,construction-site,0.007601151,0.023290327,0.7619387,0.076267675,0.04749706,0.024734009,0.054973416,0.0036977353
0,0,car-alarm,car-alarm,0.99817026,1.4931008e-05,0.00045380698,0.00023601632,0.00010180845,3.0800817e-05,0.0009002773,9.204015e-05
4,4,generator,generator,0.0003136576,0.0031782743,0.00039822425,0.00029118455,0.98939145,5.913382e-05,0.0059104306,0.00045766076
5,5,mobile-music,mobile-music,7.432853e-05,0.32302302,0.0005049676,0.0023137287,0.00012617931,0.6724931,0.0013485748,0.00011604356
2,2,construction-site,construction-site,0.00074122683,0.00023393639,0.98675793,0.0018165116,0.00023954778,2.8452036e-05,0.00011952007,0.01006278
7,7,motorvehicle-siren,motorvehicle-siren,5.9828744e-06,6.134479e-05,2.9978803e-05,2.3476032e-05,4.856057e-06,4.1815676e-07,1.50512615e-05,0.99985886
6,0,motorvehicle-horn,car-alarm,0.62467885,0.0039077443,0.014396749,0.024558028,0.02794596,0.0018372741,0.29771942,0.0049559586
6,7,motorvehicle-horn,motorvehicle-siren,0.0017276544,0.0040933513,0.0008114329,0.001016137,0.0008593196,0.00017150836,0.019524641,0.971796
4,4,generator,generator,8.738849e-05,0.00020034275,0.00020391849,0.000116893774,0.9980051,1.8075714e-05,0.0013042695,6.39668e-05
4,4,generator,generator,0.0026180556,0.007485488,0.07343247,0.029109608,0.86195165,0.0012468133,0.017629014,0.0065270346
2,2,construction-site,construction-site,0.0005375327,0.006696518,0.93512875,0.04914601,0.003281848,0.0021903936,0.0022870214,0.0007319153
3,3,crowd-noise,crowd-noise,0.007558284,0.042405125,0.019348402,0.70024866,0.016105814,0.20077929,0.007017796,0.0065366654
0,0,car-alarm,car-alarm,0.99938977,7.736805e-06,0.0001494806,8.3523795e-05,2.8240715e-05,4.6149867e-06,0.00030015092,3.6460566e-05
5,5,mobile-music,mobile-music,0.00019887056,0.008184404,0.005388021,0.0029259708,0.00029772666,0.9799836,0.0028693802,0.0001520204
6,6,motorvehicle-horn,motorvehicle-horn,0.27598792,0.008171958,0.003816221,0.0124147795,0.038183954,0.00038537706,0.649563,0.011476757
0,0,car-alarm,car-alarm,0.99968255,6.246454e-06,5.4623924e-05,3.4718592e-05,1.6591843e-05,3.6242766e-06,0.00018252447,1.915835e-05
6,6,motorvehicle-horn,motorvehicle-horn,0.2084941,0.0009860941,0.0005664001,0.0034584664,0.0022165778,0.0001364838,0.7793883,0.0047535645
3,3,crowd-noise,crowd-noise,0.00041129976,0.001186737,0.0020009577,0.9936422,0.0010921119,0.0009689773,0.00028613658,0.00041150735
2,2,construction-site,construction-site,0.045314513,0.02459319,0.5577008,0.18964073,0.048301067,0.008089769,0.115492016,0.010867891
4,4,generator,generator,0.00019068403,0.00029484194,0.000911983,0.0002354225,0.99595803,3.6491496e-05,0.0022395744,0.00013306751
1,5,community-radio,mobile-music,6.0240323e-05,0.4460817,0.000448151,0.0026509536,0.00023240656,0.54916334,0.0012659089,9.7305274e-05
0,6,car-alarm,motorvehicle-horn,0.29709536,0.0017697144,0.006638155,0.006079938,0.0055206493,0.0015185847,0.67547905,0.005898491
2,4,construction-site,generator,0.021726098,0.030755252,0.03504206,0.03414548,0.50112504,0.0026162541,0.36454287,0.010046912
4,4,generator,generator,0.00058674463,0.012983498,0.0005992303,0.0006620936,0.97286993,0.00027828288,0.011354082,0.0006661728
0,0,car-alarm,car-alarm,0.83388615,0.0072579365,0.0065805903,0.013352793,0.010420476,0.0016844777,0.12311626,0.0037012717
4,4,generator,generator,2.467222e-05,0.00023707557,0.00031400973,9.232467e-05,0.99883157,1.5971598e-05,0.00045407753,3.0326777e-05
0,0,car-alarm,car-alarm,0.9997011,2.8463542e-06,6.4859014e-05,3.5971974e-05,7.321167e-06,2.144586e-06,0.0001441692,4.1620042e-05
0,6,car-alarm,motorvehicle-horn,0.21602301,0.0025543184,0.006632956,0.0069703576,0.019360023,0.0009202832,0.7040164,0.04352273
1,2,community-radio,construction-site,0.0008982555,0.020821484,0.9212946,0.006545601,0.025581349,0.004990898,0.016637987,0.003229764
4,4,generator,generator,0.002343543,0.008029893,0.0003116094,0.0015403834,0.7235952,0.00019559999,0.007992345,0.25599143
7,7,motorvehicle-siren,motorvehicle-siren,2.6813805e-06,8.319079e-05,9.1809794e-05,2.6466372e-05,5.9820013e-06,4.3993046e-07,9.644344e-06,0.99977976
4,2,generator,construction-site,0.058027986,0.04288996,0.3342395,0.2653724,0.022741752,0.013734603,0.24990042,0.013093456
0,6,car-alarm,motorvehicle-horn,0.24788952,0.010153444,0.05516009,0.026366396,0.25033814,0.002726228,0.3866131,0.020753065
5,5,mobile-music,mobile-music,5.525761e-05,0.0024605177,0.00013371276,0.0005935305,5.18217e-06,0.99640864,0.00029997563,4.3093358e-05
2,2,construction-site,construction-site,0.00021667771,0.0018423228,0.9872493,0.008681747,0.000935361,0.00032259896,0.00058031053,0.00017159394
5,5,mobile-music,mobile-music,5.7917507e-05,0.02271911,0.0003939855,0.009389524,8.202867e-05,0.9665894,0.0006817224,8.6338645e-05
1,6,community-radio,motorvehicle-horn,0.024864485,0.11808646,0.031412255,0.060047377,0.059253268,0.11666014,0.53849274,0.05118327
1,1,community-radio,community-radio,0.001945009,0.8385329,0.003927708,0.05351688,0.0149329845,0.05955542,0.023718648,0.003870389
3,3,crowd-noise,crowd-noise,0.00013796707,0.0005932326,0.0005105822,0.99748826,0.0002937927,0.0007690777,8.392022e-05,0.000123074
6,6,motorvehicle-horn,motorvehicle-horn,0.15952714,0.0011350696,0.02068201,0.0057484587,0.013033344,0.0009412985,0.7937978,0.005134869
7,7,motorvehicle-siren,motorvehicle-siren,6.129903e-06,0.00010482877,2.1345204e-05,1.4085424e-05,1.2556272e-06,1.251911e-06,3.616334e-05,0.99981505
2,3,construction-site,crowd-noise,0.00799907,0.042061247,0.32600176,0.4655758,0.08758573,0.006870273,0.03790069,0.026005413
5,5,mobile-music,mobile-music,0.012905873,0.3207052,0.00047089419,0.022132186,0.0023366585,0.633726,0.00531662,0.0024065434
2,2,construction-site,construction-site,0.00010093906,5.261032e-05,0.99920875,0.00040205193,2.3286697e-05,1.0307043e-05,1.8466093e-05,0.00018366153
7,7,motorvehicle-siren,motorvehicle-siren,1.1840653e-05,0.00010198247,0.00021209434,9.750865e-05,1.1557279e-05,8.252903e-07,1.0923466e-05,0.99955326
6,1,motorvehicle-horn,community-radio,0.035558578,0.34586975,0.049681187,0.28404173,0.018865883,0.039604317,0.19223534,0.0341432
6,6,motorvehicle-horn,motorvehicle-horn,0.038629867,0.016191795,0.06404996,0.048815895,0.3703054,0.0025752925,0.39190108,0.06753064
0,0,car-alarm,car-alarm,0.9993333,1.024695e-05,8.634473e-05,0.00012714253,3.2828662e-05,1.1079152e-05,0.00036077076,3.8224694e-05
0,0,car-alarm,car-alarm,0.98941946,6.279339e-05,0.0009023422,0.000845341,8.461935e-05,1.4719539e-05,0.00030519135,0.008365513
7,7,motorvehicle-siren,motorvehicle-siren,3.7614645e-06,0.00010856743,6.207544e-05,5.3033036e-05,9.7622205e-06,7.119808e-07,7.760809e-06,0.99975437
6,6,motorvehicle-horn,motorvehicle-horn,0.19432701,0.019714896,0.016397841,0.118598096,0.06916898,0.0077632014,0.5372702,0.03675979
2,2,construction-site,construction-site,9.9915036e-05,0.00015667581,0.99820566,0.000445959,0.0006020392,4.182748e-05,0.00039240593,5.5417906e-05
1,3,community-radio,crowd-noise,0.0003084935,0.006170864,0.001373747,0.9863544,0.00078357884,0.0040769875,0.0005024895,0.00042954576
0,0,car-alarm,car-alarm,0.9996363,3.6398033e-06,7.9260826e-05,2.751137e-05,8.311458e-06,4.679036e-06,0.00021832729,2.1940214e-05
2,2,construction-site,construction-site,0.00035009254,0.002007744,0.99311393,0.00069843815,0.00040454578,0.00028421226,0.00042649123,0.0027146519
1,1,community-radio,community-radio,9.339997e-05,0.9576839,0.0011228356,0.0013223374,0.00027831396,0.03864127,0.00057781395,0.00028022408
2,2,construction-site,construction-site,5.26487e-05,0.00012852669,0.99894625,0.00048862735,2.9753293e-05,1.2017737e-05,1.5123858e-05,0.0003270371
6,6,motorvehicle-horn,motorvehicle-horn,0.16246697,0.0049224272,0.017487483,0.015108888,0.0033657616,0.0033026566,0.7734618,0.01988401
0,0,car-alarm,car-alarm,0.99952435,3.259786e-06,0.00011021222,4.02131e-05,1.3055108e-05,3.3595986e-06,0.00027620708,2.925239e-05
2,2,construction-site,construction-site,0.027472628,0.030813279,0.5177742,0.3338968,0.01049606,0.04243395,0.027945386,0.0091676675
1,1,community-radio,community-radio,0.00036799815,0.9293432,0.0009681651,0.018635958,0.00680378,0.040301263,0.0024253367,0.0011541984
6,1,motorvehicle-horn,community-radio,0.02347452,0.24215534,0.0821981,0.19435966,0.16282953,0.053260904,0.23220931,0.009512633
7,7,motorvehicle-siren,motorvehicle-siren,4.0498203e-06,4.367187e-05,7.5965814e-05,3.5826095e-05,2.6153386e-06,1.9852816e-06,6.0997972e-06,0.99982977
6,1,motorvehicle-horn,community-radio,0.004941306,0.7931139,0.036803935,0.060276248,0.015685424,0.021913582,0.045914453,0.021351075
2,2,construction-site,construction-site,1.9788713e-05,0.0009511749,0.9658152,0.0006181773,0.03149872,0.0004351402,0.00056750217,9.4279356e-05
5,5,mobile-music,mobile-music,1.1246958e-05,0.0019697223,2.845015e-05,9.551949e-05,1.0248917e-06,0.9978085,7.042326e-05,1.5146233e-05
6,6,motorvehicle-horn,motorvehicle-horn,0.24687004,0.0006971337,0.0023793736,0.0044271057,0.006135061,0.00029701082,0.7333042,0.0058900113
0,6,car-alarm,motorvehicle-horn,0.4489499,0.012556907,0.005245434,0.016392335,0.03566563,0.0023556463,0.4721875,0.0066466904
0,0,car-alarm,car-alarm,0.80398166,0.029538946,0.009872351,0.046979856,0.003369267,0.008640101,0.09149954,0.006118344
0,0,car-alarm,car-alarm,0.9994246,5.741727e-06,0.000118295524,6.8920934e-05,2.9492541e-05,2.6581004e-06,0.000310066,4.0328403e-05
6,5,motorvehicle-horn,mobile-music,0.015192335,0.112848274,0.055587817,0.031791147,0.010216844,0.63329566,0.13387439,0.007193495
1,1,community-radio,community-radio,0.00022361899,0.98383784,0.0004954434,0.0034516265,0.00055913307,0.010101133,0.0009469523,0.0003842739
1,1,community-radio,community-radio,0.00055545045,0.6026874,0.0044782413,0.033006318,0.056483343,0.13065645,0.0050530615,0.16707976
4,4,generator,generator,9.907893e-06,2.6434407e-05,7.5146214e-05,1.45196e-05,0.9997042,1.1173391e-06,0.00015916313,9.517593e-06
1,1,community-radio,community-radio,0.0006202525,0.9283385,0.00044581838,0.04765731,0.0014787015,0.017899934,0.0032600877,0.0002992361
6,2,motorvehicle-horn,construction-site,0.0064175073,0.020049717,0.57518786,0.33395985,0.032243975,0.013702176,0.012265365,0.0061735427
3,3,crowd-noise,crowd-noise,0.03181923,0.06801807,0.09233799,0.58483356,0.018832615,0.045606863,0.02258929,0.13596235
7,7,motorvehicle-siren,motorvehicle-siren,2.1307404e-05,0.00046035342,5.4067365e-05,8.932115e-05,4.4032713e-06,5.3780177e-06,0.00012263576,0.99924254
7,7,motorvehicle-siren,motorvehicle-siren,2.3853696e-05,0.0019245241,0.0023339468,0.00029116563,3.1712385e-05,1.2990704e-05,7.087934e-05,0.99531084
1,1,community-radio,community-radio,0.00014751875,0.99321,0.00018198598,0.0019336904,0.0014574707,0.0015660989,0.00072398025,0.000779365
1,1,community-radio,community-radio,0.00010266954,0.96317315,0.0004902399,0.003819875,0.0011739574,0.024932208,0.005478757,0.00082912843
6,6,motorvehicle-horn,motorvehicle-horn,0.44856575,0.011361185,0.0114752855,0.03123997,0.016895177,0.0032493616,0.449782,0.027431313
5,5,mobile-music,mobile-music,0.0011286447,0.36721465,0.0022664117,0.16881488,0.005600739,0.44971672,0.003965773,0.0012921663
2,6,construction-site,motorvehicle-horn,0.0055412743,0.00033836256,0.022868812,0.0023662788,0.0031334367,0.0027601842,0.9612432,0.0017483999
4,4,generator,generator,6.4071966e-05,0.001977974,0.0016779519,0.00043101262,0.99385697,0.0001314545,0.0017870496,7.35491e-05
2,2,construction-site,construction-site,0.0051989914,0.0150078265,0.7660243,0.06103109,0.0066948687,0.0007906922,0.024725132,0.12052705
1,1,community-radio,community-radio,4.2943986e-05,0.9873619,0.00016746599,0.0012224735,0.001357765,0.009346505,0.00037803882,0.00012285115
0,6,car-alarm,motorvehicle-horn,0.25999328,0.001617532,0.0038622867,0.0065073837,0.0019309345,0.0010744005,0.7172459,0.007768286
3,3,crowd-noise,crowd-noise,0.0012494959,0.018992346,0.07250207,0.8914629,0.0013045717,0.009827287,0.001980796,0.002680491
5,5,mobile-music,mobile-music,2.2745873e-05,0.024831066,0.00017681143,0.00026828895,1.0355763e-05,0.9744409,0.00019856365,5.1296807e-05
5,5,mobile-music,mobile-music,8.012609e-05,0.0047254087,0.00034909716,0.0001367823,4.378586e-06,0.99450433,9.148138e-05,0.00010839147
6,6,motorvehicle-horn,motorvehicle-horn,0.22420104,0.0009543743,0.008853007,0.0053329836,0.0052363994,0.0004292772,0.7484126,0.0065803677
3,3,crowd-noise,crowd-noise,0.00015671071,0.0010632584,0.0011667903,0.99595636,0.0005180065,0.0007950307,0.0001655402,0.00017824823
4,4,generator,generator,9.8259785e-05,0.00026493534,0.00030868244,0.00015867909,0.9973961,2.4915194e-05,0.0016918492,5.6690034e-05
1,5,community-radio,mobile-music,0.0017663633,0.21616052,0.0009546816,0.105157994,0.0056511066,0.65886855,0.008210518,0.0032301855
1,3,community-radio,crowd-noise,0.040565535,0.23143403,0.0126829,0.41975528,0.0017018792,0.26970768,0.021877553,0.0022752166
0,0,car-alarm,car-alarm,0.99962044,5.7523903e-06,0.00015235065,4.6752935e-05,6.264135e-06,3.59273e-06,7.189531e-05,9.284268e-05
6,6,motorvehicle-horn,motorvehicle-horn,0.03764885,0.2680463,0.060362224,0.06537495,0.20667028,0.017823134,0.32405758,0.020016663
4,4,generator,generator,0.0039502764,0.0216491,0.1554214,0.05309862,0.73939383,0.0015991229,0.0052127144,0.019674923
6,6,motorvehicle-horn,motorvehicle-horn,0.016550064,5.379094e-05,0.00038302477,0.0007625713,0.00046380865,7.8831e-05,0.98152345,0.00018444046
0,0,car-alarm,car-alarm,0.99939907,2.8422398e-06,0.00010140892,3.559808e-05,1.873111e-05,1.821078e-06,0.00039712418,4.340303e-05
4,4,generator,generator,0.00012227976,0.00020454818,4.2592143e-05,1.6768894e-05,0.99934036,1.7057065e-06,0.00020465472,6.723345e-05
2,2,construction-site,construction-site,3.726526e-05,0.005364857,0.9851968,0.0047903215,0.0037460544,0.00033450857,0.00029821947,0.00023198039
3,3,crowd-noise,crowd-noise,0.0008488394,0.010185048,0.107348695,0.8739936,0.0026427817,0.0015195323,0.001217942,0.0022435759
6,6,motorvehicle-horn,motorvehicle-horn,0.027589083,0.02867992,0.0023078248,0.014474381,0.010705967,0.017794712,0.89158267,0.0068653584
4,4,generator,generator,9.673134e-06,7.16713e-05,0.00013543521,3.274015e-05,0.9995363,3.5100052e-06,0.00020084788,9.901147e-06
1,1,community-radio,community-radio,0.012966573,0.26722145,0.17247593,0.2631035,0.07817223,0.114356704,0.062764905,0.02893871
2,2,construction-site,construction-site,0.00047274542,0.0005999852,0.99435,0.0037807534,0.00020341031,0.00028618262,0.00020116383,0.000105830535
1,1,community-radio,community-radio,0.15906931,0.54518086,0.039515376,0.16321312,0.004900338,0.056033272,0.027224202,0.004863453
2,2,construction-site,construction-site,0.011951983,0.0023994162,0.7785156,0.0075808875,0.0040789954,0.12045843,0.07399435,0.0010203987
3,3,crowd-noise,crowd-noise,0.0021632668,0.06500259,0.0145003395,0.8474958,0.0009907885,0.06345364,0.0029589564,0.0034346757
6,6,motorvehicle-horn,motorvehicle-horn,0.039052956,0.0053258953,0.029574247,0.0079808105,0.0020992733,0.035139855,0.8153358,0.06549112
3,3,crowd-noise,crowd-noise,0.00016583146,0.00034866025,0.00028325635,0.9983504,0.00021458755,0.00048262218,6.009192e-05,9.45788e-05
7,7,motorvehicle-siren,motorvehicle-siren,1.2834392e-06,4.5872723e-05,6.8591403e-06,7.226796e-06,8.798424e-07,2.8264438e-07,7.810885e-06,0.9999298
2,2,construction-site,construction-site,0.00029679126,0.021291828,0.95398355,0.013191376,0.0008659167,0.006529258,0.002964522,0.0008767558
7,7,motorvehicle-siren,motorvehicle-siren,0.00023037217,0.00054194237,0.0048970156,0.0008177925,9.017461e-05,7.3746724e-06,0.00016062276,0.9932547
2,2,construction-site,construction-site,0.003575684,0.18574421,0.35665402,0.3351644,0.036812197,0.02799982,0.031206675,0.022843013
2,2,construction-site,construction-site,0.0061902776,0.05061745,0.51285106,0.37962422,0.007277816,0.03332863,0.0037461664,0.006364415
4,4,generator,generator,0.00066628534,0.00528074,0.03509949,0.0030761964,0.9429141,0.000479081,0.011196468,0.0012875705
4,2,generator,construction-site,0.0025535503,0.009355377,0.8816763,0.037640657,0.05505807,0.0016344248,0.0056778044,0.006403794
6,3,motorvehicle-horn,crowd-noise,0.0384265,0.22476083,0.062352862,0.31729364,0.02353457,0.01815299,0.28135112,0.034127455
7,1,motorvehicle-siren,community-radio,0.0007253857,0.5950968,0.09775831,0.0046302713,0.02016505,0.0029080443,0.004574036,0.27414212
0,6,car-alarm,motorvehicle-horn,0.17731686,0.006417928,0.009931734,0.01717606,0.01068579,0.002804432,0.7636451,0.012022053
5,5,mobile-music,mobile-music,2.0208809e-05,0.0015950195,5.5973178e-05,0.00018686485,1.2900653e-06,0.9980374,8.654707e-05,1.675208e-05
7,7,motorvehicle-siren,motorvehicle-siren,0.0006443903,0.00094198337,0.0041546286,0.0007718199,0.0003017201,6.165533e-05,0.00427665,0.98884714
7,7,motorvehicle-siren,motorvehicle-siren,0.00023005487,0.0015508258,0.000562361,0.00068594766,0.00036623635,2.2339986e-05,0.00032434985,0.9962579
1,1,community-radio,community-radio,0.0005874555,0.95979136,0.00045870198,0.024410283,0.003576883,0.0033254463,0.001812417,0.006037424
3,3,crowd-noise,crowd-noise,5.519005e-05,0.00017171846,0.00017498928,0.9991798,0.000111753405,0.00024524995,1.9451061e-05,4.1835607e-05
2,1,construction-site,community-radio,0.0020235442,0.41030264,0.15792283,0.28512323,0.06949145,0.03379114,0.021121265,0.020223923
3,3,crowd-noise,crowd-noise,0.018965667,0.38820142,0.0023752265,0.4388995,0.008362798,0.04908141,0.086156,0.007957913
6,6,motorvehicle-horn,motorvehicle-horn,0.18596579,0.0042085866,0.012638446,0.0154868895,0.0113798035,0.00096958387,0.75045204,0.018898938
3,3,crowd-noise,crowd-noise,0.009444479,0.010554925,0.15469658,0.68434733,0.10666601,0.013374291,0.011539098,0.009377271
1,1,community-radio,community-radio,0.013717151,0.78781044,0.0033007616,0.14698009,0.0014642389,0.017773792,0.01798012,0.0109734805
5,5,mobile-music,mobile-music,2.3128441e-05,0.0033689947,0.000137597,0.00043025028,6.870415e-06,0.9956916,0.00030914776,3.241678e-05
3,3,crowd-noise,crowd-noise,0.0004618795,0.041916482,0.1285893,0.8060152,0.0014577695,0.01642103,0.0021765367,0.002961815
4,4,generator,generator,0.00022505171,0.0048696874,6.080127e-05,0.0002684876,0.9933589,2.74303e-05,0.00037107585,0.0008185923
3,1,crowd-noise,community-radio,0.0011010484,0.86773944,0.0035451977,0.07465732,0.014472787,0.014946088,0.012669571,0.010868457
2,2,construction-site,construction-site,6.439859e-05,0.0035080188,0.9861544,0.006397695,0.0029085714,0.0003049964,0.0003952427,0.00026666775
4,4,generator,generator,1.8116714e-05,2.9080287e-05,0.00053612614,4.62104e-05,0.9992343,1.5256421e-06,9.1785354e-05,4.2925858e-05
2,2,construction-site,construction-site,0.0066061467,0.009388377,0.89212674,0.07149182,0.0030791613,0.0075878617,0.008322584,0.0013973361
6,6,motorvehicle-horn,motorvehicle-horn,0.09702274,0.012282684,0.004715696,0.01646282,0.012529187,0.0039732307,0.7715001,0.08151362
4,4,generator,generator,0.00023282914,0.0013531373,5.721264e-05,0.00017771605,0.99692637,1.1599931e-05,0.00050183607,0.00073934195
5,5,mobile-music,mobile-music,0.0001501747,0.006693749,0.00033833747,0.0028293657,2.8721213e-05,0.9891075,0.0007533011,9.879525e-05
0,0,car-alarm,car-alarm,0.9993204,6.308957e-06,0.00025302713,5.7646022e-05,9.003545e-06,2.8756704e-06,0.00010199353,0.0002487499
3,1,crowd-noise,community-radio,0.015084514,0.38773227,0.06185151,0.21771376,0.03797985,0.013853421,0.16688867,0.09889595
3,2,crowd-noise,construction-site,0.031054314,0.047958393,0.42070335,0.24553935,0.092935614,0.005971682,0.13412893,0.021708397
1,1,community-radio,community-radio,0.00034961998,0.98654467,0.0005110534,0.00592226,0.0009304299,0.0033851482,0.0009662602,0.0013905538
1,1,community-radio,community-radio,8.534405e-06,0.9967114,7.802622e-05,0.0002269806,0.00015343446,0.0026053414,6.146132e-05,0.00015488063
3,3,crowd-noise,crowd-noise,0.000118333184,0.0003669595,0.0005206514,0.998106,0.00016297228,0.00052921294,6.320885e-05,0.00013261347
3,3,crowd-noise,crowd-noise,0.030897537,0.013920096,0.019398674,0.892553,0.024541326,0.0030092206,0.0019216411,0.013758519
2,2,construction-site,construction-site,0.00028175535,0.16263227,0.6788919,0.13425788,0.0041169724,0.013197905,0.0019504928,0.004670826
7,7,motorvehicle-siren,motorvehicle-siren,1.7617208e-06,3.3972323e-05,9.091484e-05,2.9395858e-05,2.18162e-06,3.497456e-07,4.0428577e-06,0.9998373
0,0,car-alarm,car-alarm,0.998912,1.1713011e-05,4.6389432e-05,4.6799752e-05,4.7569625e-05,6.377504e-06,0.00089013367,3.904773e-05
6,6,motorvehicle-horn,motorvehicle-horn,0.05618996,0.045397855,0.08201937,0.12788011,0.034887247,0.047802184,0.5794508,0.026372539
6,6,motorvehicle-horn,motorvehicle-horn,0.20201911,0.011683017,0.013314256,0.056372494,0.030393807,0.003414519,0.65729386,0.025508907
7,7,motorvehicle-siren,motorvehicle-siren,1.6938946e-05,0.0010096444,0.0003118767,0.00030171618,0.00012051009,4.251114e-05,0.00021179733,0.997985
7,7,motorvehicle-siren,motorvehicle-siren,1.8315372e-05,0.00027121013,0.00032203377,0.00020330743,2.1226942e-05,5.4225034e-06,3.6112826e-05,0.9991223
2,2,construction-site,construction-site,0.003949031,0.00082370866,0.84328705,0.0020951952,0.009806647,0.0027940571,0.1365919,0.0006523263
1,1,community-radio,community-radio,0.00085836335,0.9524546,0.0012466117,0.013661516,0.007283755,0.008941379,0.0052634114,0.010290228
1,1,community-radio,community-radio,0.0077502998,0.77260286,0.0030263811,0.08140983,0.01853787,0.03266627,0.030276971,0.053729527
1,1,community-radio,community-radio,0.00016402465,0.9584552,0.0003571321,0.0039383904,0.00048349495,0.030666105,0.0050513037,0.00088434346
5,5,mobile-music,mobile-music,2.6481068e-05,0.0056442325,1.5415895e-05,0.0001955326,1.499738e-06,0.9938782,8.105694e-05,0.00015768225
3,3,crowd-noise,crowd-noise,0.00030340938,0.0009967061,0.0020863793,0.99451244,0.00074546656,0.00072833564,0.00019238517,0.0004348216
4,4,generator,generator,9.570336e-05,0.0002383269,4.0230672e-05,7.23898e-05,0.9991041,2.0924897e-06,0.0002186946,0.00022841185
2,2,construction-site,construction-site,1.842357e-05,0.007701941,0.9896499,0.0014352986,0.00039781822,0.0005129865,5.593175e-05,0.00022769228
6,6,motorvehicle-horn,motorvehicle-horn,0.13673669,0.012151244,0.004403611,0.021899942,0.0100549655,0.001706252,0.79898584,0.014061459
0,0,car-alarm,car-alarm,0.99976224,2.338094e-06,3.5342386e-05,2.7438846e-05,7.870348e-06,2.0986902e-06,0.0001510012,1.1635092e-05
7,7,motorvehicle-siren,motorvehicle-siren,6.0016937e-06,0.00012393112,2.230004e-05,3.2703276e-05,3.304792e-06,1.0778922e-06,2.3274444e-05,0.9997875
1,1,community-radio,community-radio,0.00013843218,0.92285925,0.021203052,0.0074449624,0.010199448,0.01794082,0.0027881118,0.017426006
4,4,generator,generator,0.0001628216,0.10212507,0.15208434,0.023299133,0.7128831,0.002882366,0.002158671,0.0044045304
2,2,construction-site,construction-site,0.0011388881,0.037122097,0.83259016,0.014792329,0.017054591,0.023476228,0.070746906,0.0030788109
2,2,construction-site,construction-site,0.001605016,0.013962342,0.62879145,0.0019299124,0.00011477989,0.0013699813,0.0016716613,0.35055488
0,0,car-alarm,car-alarm,0.9993051,8.1645685e-06,7.920344e-05,4.8265985e-05,2.5179623e-05,5.293426e-06,0.00047440804,5.4413515e-05
2,2,construction-site,construction-site,0.0013100137,0.007378155,0.8697589,0.0024564655,0.0026199399,0.10935491,0.0063591325,0.00076251617
1,1,community-radio,community-radio,0.0007853243,0.83733267,0.00047531223,0.0021487363,0.00023401258,0.15396836,0.0035142598,0.0015412541
4,4,generator,generator,2.8034905e-05,6.0749742e-05,0.00018908616,4.1898435e-05,0.9992175,4.4894787e-06,0.00043571432,2.2629949e-05
4,4,generator,generator,0.0002961608,0.00012752072,0.0005605676,0.00016989882,0.99648523,1.2547468e-05,0.0022369989,0.00011113054
2,2,construction-site,construction-site,0.0008853329,0.0687839,0.7400807,0.1660961,0.005728584,0.00782238,0.005864881,0.0047379914
0,0,car-alarm,car-alarm,0.9996921,2.6403434e-06,6.664137e-05,2.8544768e-05,8.72225e-06,2.0718721e-06,0.00016643769,3.2834218e-05
2,2,construction-site,construction-site,2.8339222e-05,6.352017e-05,0.99904114,0.00066039385,0.00011529518,1.0318078e-05,1.5351901e-05,6.55891e-05
1,1,community-radio,community-radio,0.006861869,0.71646035,0.0028716098,0.18737368,0.006931617,0.032041762,0.040847145,0.006611921
3,3,crowd-noise,crowd-noise,0.0012243851,0.040017895,0.068063095,0.8790744,0.0024527388,0.0042995294,0.0025975674,0.0022703581
7,7,motorvehicle-siren,motorvehicle-siren,6.6744215e-06,0.0002623393,6.0776376e-05,9.985111e-05,7.3923025e-06,2.2247934e-06,2.055859e-05,0.9995402
1,1,community-radio,community-radio,0.0040449314,0.46652725,0.0028134172,0.33756202,0.03404136,0.12416599,0.008300091,0.022544809
0,0,car-alarm,car-alarm,0.99945027,6.046368e-06,5.5862383e-05,6.284953e-05,2.5809193e-05,5.365354e-06,0.0003703943,2.3278402e-05
3,3,crowd-noise,crowd-noise,0.00045874954,0.0019777182,0.002969627,0.9919226,0.00085862447,0.0009520163,0.00030321724,0.00055735843
3,3,crowd-noise,crowd-noise,0.005777032,0.30975616,0.15973176,0.34207422,0.060515545,0.031962913,0.04138143,0.048800882
6,6,motorvehicle-horn,motorvehicle-horn,0.26016182,0.010992929,0.00838253,0.018674614,0.024979828,0.0019831124,0.6489779,0.025847262
2,2,construction-site,construction-site,0.00012860725,0.0073175477,0.9677356,0.0035391743,0.018489204,0.000945487,0.0014915823,0.00035294116
0,0,car-alarm,car-alarm,0.99946195,1.307353e-05,7.281128e-05,0.00013401434,4.5361485e-05,7.2629537e-06,0.000233995,3.146614e-05
2,3,construction-site,crowd-noise,0.012602264,0.07573242,0.23130661,0.50074524,0.09291469,0.00847372,0.057951633,0.020273432
1,1,community-radio,community-radio,0.00015876467,0.98664075,0.000594798,0.0021818997,0.0023179117,0.0061680423,0.0013435988,0.0005942429
0,0,car-alarm,car-alarm,0.99966264,4.683244e-06,4.9146183e-05,3.971278e-05,1.3352765e-05,3.7314048e-06,0.00020835013,1.840544e-05
1,1,community-radio,community-radio,0.00010223401,0.9832772,0.00015410972,0.0028917436,0.00048731943,0.011142081,0.0016039851,0.00034147754
3,1,crowd-noise,community-radio,0.0014061797,0.8654746,0.0013545388,0.004221938,0.010524316,0.015954403,0.005213857,0.095850244
6,3,motorvehicle-horn,crowd-noise,0.07698288,0.13559559,0.09504252,0.3542713,0.02074353,0.02458239,0.24532664,0.04745516
3,3,crowd-noise,crowd-noise,5.2257714e-05,0.00019647084,0.00021894883,0.9989548,7.375657e-05,0.0004406193,2.7810323e-05,3.534838e-05
7,7,motorvehicle-siren,motorvehicle-siren,1.1169816e-05,0.00021581007,4.646706e-05,3.6514004e-05,4.4664034e-06,2.5647298e-06,5.8992944e-05,0.999624
0,4,car-alarm,generator,0.0587354,0.039527908,0.005409179,0.027303014,0.4303223,0.0057047866,0.42880622,0.0041911732
6,6,motorvehicle-horn,motorvehicle-horn,0.14768611,0.0022107004,0.004288916,0.0075774463,0.005586691,0.00038911297,0.81251824,0.019742822
5,5,mobile-music,mobile-music,5.3768363e-05,0.020235086,0.00011742119,0.0010451184,2.1945087e-05,0.97794193,0.00049868826,8.605273e-05
7,7,motorvehicle-siren,motorvehicle-siren,5.9361322e-05,0.00017581826,0.0002217641,6.06721e-05,5.922931e-06,3.166473e-06,2.5236624e-05,0.9994481
3,3,crowd-noise,crowd-noise,0.00032656494,0.0027688802,0.00035688037,0.9916999,0.0006306246,0.0012814794,0.00015335508,0.002782274
4,4,generator,generator,0.0014069609,0.00046250148,0.001061482,0.00096438185,0.9890294,3.4336597e-05,0.0065306416,0.000510347
2,2,construction-site,construction-site,0.0016696635,0.009392871,0.92249584,0.036684815,0.015350221,0.0025595757,0.008121669,0.003725397
0,0,car-alarm,car-alarm,0.9958972,1.8988185e-05,0.00012235172,0.000101483456,0.00010433369,8.883251e-06,0.0035177579,0.00022901273
2,2,construction-site,construction-site,8.500201e-05,0.000115156436,0.9980988,0.001273147,3.7435482e-05,1.2125378e-05,1.8461473e-05,0.000359881
7,1,motorvehicle-siren,community-radio,0.023106596,0.39103672,0.010510926,0.18905284,0.0041403095,0.034815334,0.124236666,0.22310068
6,6,motorvehicle-horn,motorvehicle-horn,0.047827624,0.096173145,0.07619339,0.09887999,0.012162609,0.017378954,0.48318058,0.16820374
5,5,mobile-music,mobile-music,0.0014587721,0.081927456,0.0030857665,0.05382884,0.0006211721,0.848787,0.008560493,0.0017303952
0,0,car-alarm,car-alarm,0.9995747,3.3220795e-06,3.3905442e-05,4.128514e-05,1.6980575e-05,2.8646637e-06,0.00030955445,1.7347338e-05
4,4,generator,generator,0.0030881632,0.00016236874,0.009602258,0.00045641008,0.9797895,0.0008203199,0.0044446676,0.0016361881
7,1,motorvehicle-siren,community-radio,0.0011420755,0.5267585,0.0022638342,0.13386689,0.092279814,0.2305364,0.003968747,0.009183725
1,1,community-radio,community-radio,6.1630744e-05,0.7110921,0.00030331608,0.0003473196,5.3021362e-05,0.28727484,0.00019930597,0.0006685009
2,2,construction-site,construction-site,0.0005644218,0.020947369,0.735802,0.19433501,0.021479996,0.0008265817,0.00084654393,0.025198108
3,3,crowd-noise,crowd-noise,0.0011636787,0.0060162516,0.046492673,0.9387377,0.0015760218,0.0025029697,0.0007849826,0.00272572
1,1,community-radio,community-radio,0.0030326203,0.7940925,0.0076764342,0.10082402,0.020252302,0.025082974,0.041265253,0.007773858
4,4,generator,generator,1.8547842e-05,7.676474e-05,0.00018957956,4.18602e-05,0.9993038,4.5546903e-06,0.000346762,1.8147304e-05
1,1,community-radio,community-radio,0.0012682172,0.90114915,0.0009826877,0.019257432,0.04517736,0.020548617,0.003801373,0.00781519
2,2,construction-site,construction-site,0.00028865732,0.00795558,0.96501833,0.022482725,0.0015299461,0.0017676316,0.00053225027,0.00042475728
2,2,construction-site,construction-site,0.017083937,0.043270957,0.7755106,0.13263416,0.00036238038,0.0125798825,0.0012165284,0.017341595
2,2,construction-site,construction-site,0.021266693,0.00417668,0.89274746,0.011234239,0.0051333443,0.013004148,0.036614474,0.01582295
0,6,car-alarm,motorvehicle-horn,0.25992462,0.013877202,0.007839112,0.022787621,0.0047253356,0.00568224,0.6712295,0.013934394
6,0,motorvehicle-horn,car-alarm,0.70092887,0.0022168227,0.0035148042,0.008477123,0.004616714,0.0007941084,0.2751839,0.0042676986
7,7,motorvehicle-siren,motorvehicle-siren,1.3280741e-06,4.4357275e-05,3.328676e-05,1.1477077e-05,7.78801e-07,3.8514895e-07,7.1875643e-06,0.9999013
1,1,community-radio,community-radio,0.00010033826,0.9451418,0.0009283167,0.004282663,0.0021036395,0.04644514,0.000723431,0.00027458108
7,7,motorvehicle-siren,motorvehicle-siren,0.0001263861,0.0012594117,8.8502326e-05,0.00021841975,0.00015868341,2.1887485e-05,0.0002809976,0.99784565
2,2,construction-site,construction-site,0.0034288913,0.0055293525,0.8491203,0.012641218,0.030506656,0.07596941,0.012052559,0.010751637
6,6,motorvehicle-horn,motorvehicle-horn,0.12114037,0.002214113,0.005717563,0.007832603,0.0018434969,0.0011038594,0.8447114,0.01543653
6,6,motorvehicle-horn,motorvehicle-horn,0.19490461,0.0068877796,0.010764969,0.017042764,0.006528798,0.0023071722,0.74811226,0.013451599
3,3,crowd-noise,crowd-noise,0.005117604,0.084070325,0.36121255,0.4695833,0.011877779,0.05176502,0.0063602,0.010013258
0,0,car-alarm,car-alarm,0.99970967,2.6428033e-06,4.0067152e-05,2.3194198e-05,6.3146967e-06,2.8664278e-06,0.0002000019,1.52402545e-05
5,5,mobile-music,mobile-music,0.00054017093,0.008870805,0.00051642023,0.0002915239,3.7490732e-05,0.9890219,0.00062379474,9.774136e-05
2,2,construction-site,construction-site,5.253165e-05,0.00029422785,0.9938571,0.00039618174,0.0030129217,0.0013851611,0.00096968975,3.215995e-05
4,4,generator,generator,0.009838746,0.008855487,0.03184176,0.021345543,0.86298704,0.0031415883,0.057968315,0.004021413
0,6,car-alarm,motorvehicle-horn,0.43467268,0.0007518722,0.0069480804,0.0057561575,0.008788391,0.00019262865,0.53629833,0.0065918183
3,2,crowd-noise,construction-site,0.019755526,0.011662851,0.7742591,0.0668586,0.024486339,0.0045908825,0.08944219,0.00894446
6,6,motorvehicle-horn,motorvehicle-horn,0.1264058,0.00087475375,0.006620975,0.006429276,0.0020868902,0.0008490461,0.8507982,0.005935123
0,0,car-alarm,car-alarm,0.5875054,0.0021890793,0.002543693,0.0065419287,0.0041093454,0.0004562796,0.39047092,0.006183339
0,5,car-alarm,mobile-music,0.011038312,0.08538098,0.03173339,0.17075814,0.0014173446,0.58909667,0.09725986,0.013315302
6,6,motorvehicle-horn,motorvehicle-horn,0.24251051,0.008182443,0.12067824,0.045588773,0.16858771,0.0013231232,0.4069774,0.0061517744
4,4,generator,generator,1.6524291e-05,0.000108735265,0.00018531716,5.8307123e-05,0.9993099,6.644657e-06,0.00029749016,1.7012348e-05
2,2,construction-site,construction-site,4.27917e-05,0.00018434844,0.9984805,0.0010266551,8.667183e-05,1.5918273e-05,2.2758555e-05,0.00014031272
5,1,mobile-music,community-radio,0.0004432041,0.8008013,0.017174732,0.0065139863,0.0022532088,0.17048852,0.0020780307,0.0002471216
4,4,generator,generator,0.000719359,0.0060903006,0.034853473,0.008908727,0.93485886,0.0023519108,0.011337252,0.0008801617
2,2,construction-site,construction-site,0.00036914446,0.005145321,0.9505497,0.02618172,0.014148709,0.0011198573,0.0014626231,0.0010229014
6,7,motorvehicle-horn,motorvehicle-siren,0.038292665,0.00036171725,0.03294575,0.0068859486,0.17599356,2.8668503e-05,0.18168741,0.5638043
5,5,mobile-music,mobile-music,1.8647474e-05,0.010987055,4.3732834e-05,0.00041069934,7.184198e-06,0.98835087,0.00014703257,3.4925095e-05
7,7,motorvehicle-siren,motorvehicle-siren,2.4705207e-05,0.00020637554,0.00043836236,7.1502625e-05,3.0038632e-06,1.5565568e-06,1.7991959e-05,0.99923646
6,6,motorvehicle-horn,motorvehicle-horn,0.2823006,0.00216598,0.0062220963,0.010034836,0.004801801,0.00063788734,0.68585896,0.00797787
6,1,motorvehicle-horn,community-radio,0.062033318,0.5102199,0.008288939,0.055857904,0.052990075,0.005838792,0.24234611,0.062424973
0,0,car-alarm,car-alarm,0.99970055,5.5242745e-06,7.0213384e-05,4.592558e-05,6.969798e-06,4.3390023e-06,0.000119281154,4.7294256e-05
1,1,community-radio,community-radio,0.0001448412,0.62106085,0.1817143,0.007945918,0.17574392,0.00541135,0.0041499045,0.0038288839
0,0,car-alarm,car-alarm,0.99964964,3.0594058e-06,0.00012555321,3.0999137e-05,5.607619e-06,1.963255e-06,9.6518335e-05,8.657758e-05
0,0,car-alarm,car-alarm,0.99963474,3.928648e-06,3.2500837e-05,3.7275044e-05,1.6091659e-05,2.8897975e-06,0.0002546102,1.797741e-05
3,2,crowd-noise,construction-site,0.0040525077,0.024553392,0.684714,0.22462298,0.0378598,0.0082719615,0.007874699,0.0080505675
0,6,car-alarm,motorvehicle-horn,0.16498494,0.0022527366,0.005076579,0.009468979,0.0039993096,0.00056695146,0.80168366,0.011966835
2,2,construction-site,construction-site,0.0015052125,0.40818486,0.53279746,0.02698113,0.010413279,0.01292097,0.0035192294,0.0036778993
1,5,community-radio,mobile-music,0.002131993,0.39874792,0.05744448,0.076379284,0.0005906103,0.43821025,0.014726248,0.011769221
1,1,community-radio,community-radio,0.0001531899,0.95036083,0.005154516,0.023121387,0.0057119126,0.009998511,0.0035985624,0.0019011803
4,4,generator,generator,0.00071454304,0.0005700409,0.00016866108,0.00030981106,0.9964149,2.1141721e-05,0.0014347525,0.00036605433
1,1,community-radio,community-radio,8.867223e-05,0.9892055,0.00038689384,0.002521086,0.00026298733,0.0068905307,0.0004131985,0.00023106519
4,4,generator,generator,7.4127324e-06,3.7377737e-05,5.479128e-05,1.8453467e-05,0.9997385,1.4547896e-06,0.00013418379,7.735048e-06
3,3,crowd-noise,crowd-noise,0.0012730669,0.06009582,0.29994625,0.6123608,0.001612116,0.0074009495,0.0023731433,0.014937873
0,0,car-alarm,car-alarm,0.52788633,0.07858195,0.042874,0.045396563,0.014694625,0.17383763,0.1073225,0.009406472
5,5,mobile-music,mobile-music,0.0010370472,0.023409368,0.008601426,0.0014521366,0.00013357267,0.9632135,0.0019207592,0.00023218966
7,7,motorvehicle-siren,motorvehicle-siren,2.4528126e-05,0.0002572901,8.877177e-05,9.650504e-05,1.6031692e-05,1.8195685e-06,5.066101e-05,0.99946433
0,6,car-alarm,motorvehicle-horn,0.31976655,0.0023829045,0.0030427384,0.006974546,0.0073648747,0.00049889367,0.65066856,0.009300809
1,2,community-radio,construction-site,0.0013821269,0.18979819,0.45044073,0.23867378,0.08188811,0.018197697,0.0125499135,0.0070695356
3,3,crowd-noise,crowd-noise,0.00057729974,0.0016443874,0.0050922898,0.988085,0.0016416304,0.0019916692,0.000406314,0.00056149164
6,6,motorvehicle-horn,motorvehicle-horn,0.013338484,0.002092934,0.27792534,0.0038909619,0.036214616,0.012820931,0.6509825,0.002734234
4,4,generator,generator,2.3648523e-05,6.977599e-05,0.000120550605,4.5067478e-05,0.9993511,4.463391e-06,0.00036509603,2.017504e-05
2,2,construction-site,construction-site,0.0011319467,0.07460454,0.65080297,0.026516113,0.029132187,0.20653808,0.009402241,0.0018719919
0,6,car-alarm,motorvehicle-horn,0.16218469,0.0058175367,0.035550606,0.02278338,0.008729256,0.0022423693,0.74916494,0.013527191
2,2,construction-site,construction-site,0.0037169764,0.0038946373,0.928861,0.0023405808,0.028940363,0.014985775,0.016798284,0.00046232386
6,6,motorvehicle-horn,motorvehicle-horn,0.11322095,0.014288289,0.01888101,0.031268135,0.011561634,0.0036535154,0.7858594,0.021267107
6,6,motorvehicle-horn,motorvehicle-horn,0.13748963,0.0029912766,0.011097044,0.008912772,0.0038554447,0.0007341927,0.8018489,0.03307071
0,0,car-alarm,car-alarm,0.9995407,3.9237857e-06,0.00015581076,4.056303e-05,1.0704965e-05,2.9976507e-06,0.0002015205,4.381478e-05
2,7,construction-site,motorvehicle-siren,0.00015765622,0.0028658262,0.122270845,0.0028463837,0.0006664907,6.304616e-05,0.0003321778,0.87079746
6,6,motorvehicle-horn,motorvehicle-horn,0.38581386,0.0058631543,0.007434826,0.016961258,0.01498246,0.0011014404,0.5413345,0.026508482
3,3,crowd-noise,crowd-noise,0.0011896936,0.1699599,0.2685201,0.544823,0.0009931303,0.008784866,0.0021806816,0.003548686
1,1,community-radio,community-radio,6.8585796e-06,0.9946287,6.831108e-05,0.0001497074,0.00042817564,0.004403509,0.00014634476,0.0001683727
2,3,construction-site,crowd-noise,0.0022161065,0.07703479,0.02543862,0.804,0.005195902,0.07590903,0.0059814276,0.004224001
6,6,motorvehicle-horn,motorvehicle-horn,0.09089804,0.0066473815,0.030783527,0.032303356,0.004654537,0.0033329607,0.80309,0.028290268
0,6,car-alarm,motorvehicle-horn,0.15104197,0.0018863494,0.006239949,0.006065089,0.0043232697,0.00057603227,0.80854553,0.021321857
1,1,community-radio,community-radio,0.0003176537,0.8936662,0.0018992905,0.022052392,0.016495682,0.051309854,0.011633716,0.002625172
4,4,generator,generator,1.43654215e-05,3.2798118e-05,6.9044894e-05,2.018567e-05,0.99963546,1.6115005e-06,0.00021576192,1.0738783e-05
0,0,car-alarm,car-alarm,0.99640405,0.00018919753,0.00022099949,0.00056328916,0.00041189857,3.329149e-05,0.002008317,0.000169023
6,6,motorvehicle-horn,motorvehicle-horn,0.012397255,0.0009640955,0.0062949206,0.0033098448,0.0015807312,0.0048390287,0.96832925,0.0022848537
6,6,motorvehicle-horn,motorvehicle-horn,0.19225125,0.0070154597,0.030486466,0.03431012,0.019301299,0.003283173,0.68873185,0.02462033
7,6,motorvehicle-siren,motorvehicle-horn,0.07662522,0.009365547,0.01380931,0.030183965,0.03241813,0.001743012,0.82258207,0.01327275
5,5,mobile-music,mobile-music,1.2018927e-05,0.0018505835,3.4022636e-05,9.5555e-05,1.3127839e-06,0.9979547,4.1739866e-05,9.940142e-06
5,5,mobile-music,mobile-music,0.00034536887,0.0056935074,0.0010260714,0.003544067,3.643038e-05,0.9869976,0.0020484529,0.0003084828
0,0,car-alarm,car-alarm,0.5831273,0.0071260612,0.016884971,0.023139073,0.0057196314,0.0030195292,0.35153416,0.009449257
0,0,car-alarm,car-alarm,0.9997116,2.6554253e-06,6.1204686e-05,2.8630415e-05,7.3932033e-06,2.1903718e-06,0.00015549654,3.0926705e-05
7,7,motorvehicle-siren,motorvehicle-siren,1.2293956e-05,0.0012260658,0.0022094804,0.00035335773,6.701486e-05,6.5484375e-05,0.00020673864,0.99585956
4,4,generator,generator,1.1105777e-05,2.9091712e-05,6.218448e-05,1.8923138e-05,0.99971646,1.381283e-06,0.00014945403,1.1359216e-05
7,7,motorvehicle-siren,motorvehicle-siren,2.0440546e-05,5.699984e-05,0.00054249994,6.282642e-05,7.798169e-06,2.5892516e-06,1.6449883e-05,0.99929047
5,5,mobile-music,mobile-music,0.0014769782,0.07867364,0.0043696025,0.31515297,0.0041403403,0.59050566,0.004340668,0.0013401321
0,6,car-alarm,motorvehicle-horn,0.15071838,0.022482306,0.0076868003,0.044261392,0.012394956,0.0072902194,0.7162905,0.038875464
3,1,crowd-noise,community-radio,0.0016216028,0.91894853,0.0068011694,0.029129831,0.008026571,0.0052080224,0.015856186,0.01440809
5,5,mobile-music,mobile-music,0.00011026425,0.0064122183,0.00025146327,0.0017985217,2.0715312e-05,0.9907618,0.00054229447,0.00010266659
3,2,crowd-noise,construction-site,0.021801034,0.024994325,0.49496907,0.35843664,0.015121739,0.056662455,0.012570231,0.015444494
4,4,generator,generator,1.0735697e-05,3.9129547e-05,8.2802966e-05,2.2701563e-05,0.99967706,1.7508321e-06,0.00015398054,1.1890033e-05
5,5,mobile-music,mobile-music,3.7229078e-05,0.0015175772,0.00012484379,0.00041461273,2.264431e-06,0.9976253,0.00024772456,3.043316e-05
6,6,motorvehicle-horn,motorvehicle-horn,0.23130876,0.0013011897,0.0077682324,0.004819614,0.0036525426,0.0014186783,0.7434081,0.006322796
1,1,community-radio,community-radio,4.5507826e-05,0.99297804,0.000112436865,0.0016009553,0.00038795103,0.004185885,0.0005084524,0.00018078237
6,6,motorvehicle-horn,motorvehicle-horn,0.15867664,0.001512864,0.023349913,0.010940741,0.012242144,0.0010853389,0.7845612,0.007631078
1,2,community-radio,construction-site,0.0026387258,0.0031138787,0.9495912,0.032101646,0.0040418576,0.001054264,0.0056555187,0.0018028762
0,0,car-alarm,car-alarm,0.9987294,1.0092101e-05,8.004912e-05,5.5500732e-05,3.0236264e-05,5.127648e-06,0.0009536778,0.00013579077
6,6,motorvehicle-horn,motorvehicle-horn,0.23622966,0.04729424,0.0075496268,0.049167324,0.03389817,0.00873564,0.59822965,0.018895708
6,6,motorvehicle-horn,motorvehicle-horn,0.13759229,0.007322237,0.030697502,0.02470494,0.009849108,0.002131109,0.76362324,0.024079569
0,6,car-alarm,motorvehicle-horn,0.18452507,0.004108212,0.008654743,0.013101651,0.009272583,0.0017180138,0.76310855,0.015511164
3,6,crowd-noise,motorvehicle-horn,0.27666196,0.002991246,0.05438751,0.021398196,0.11013135,0.0010084789,0.5243986,0.009022587
0,0,car-alarm,car-alarm,0.9987777,1.635627e-05,0.00030233938,0.00015817046,8.179227e-05,6.376939e-06,0.00058366125,7.363653e-05
6,4,motorvehicle-horn,generator,0.06858582,0.018036341,0.17696774,0.0696854,0.32358202,0.014936874,0.3148906,0.013315139
2,2,construction-site,construction-site,0.0002324795,0.0005155032,0.9934501,0.00039435073,0.00081421767,0.0023699435,0.0019876724,0.00023576632
1,1,community-radio,community-radio,0.040477008,0.37801546,0.008791804,0.34177092,0.0006409754,0.20973517,0.019308137,0.0012605219
1,1,community-radio,community-radio,0.0012962669,0.84454983,0.00056603545,0.026029393,0.007824471,0.1083527,0.00851957,0.0028617042
2,2,construction-site,construction-site,0.0004586824,0.010690668,0.95556563,0.027014663,0.0023720383,0.002641222,0.0009333235,0.00032376286
5,7,mobile-music,motorvehicle-siren,0.2624708,0.030806338,0.004160711,0.2319679,0.05434981,0.0002463,0.11088074,0.30511737
7,7,motorvehicle-siren,motorvehicle-siren,4.991115e-05,0.00051241374,0.00016379634,0.000317187,3.1351003e-05,6.0281645e-06,8.4278145e-05,0.998835
7,7,motorvehicle-siren,motorvehicle-siren,4.7289992e-05,0.00062655896,0.0005645165,0.00014548058,2.2291732e-05,7.795295e-06,6.760078e-05,0.9985185
0,6,car-alarm,motorvehicle-horn,0.09014088,0.004704487,0.004007551,0.010222481,0.0046204817,0.0013065415,0.8710531,0.013944485
2,2,construction-site,construction-site,0.00024718317,0.00028805665,0.99337006,0.00045254768,0.0022765729,0.0013684947,0.0019056121,9.142333e-05
3,3,crowd-noise,crowd-noise,0.00022553188,0.0005890714,0.00077602005,0.99709547,0.0003606764,0.00058012875,0.00011657414,0.00025649773
2,2,construction-site,construction-site,0.00013060923,0.0007096893,0.9704573,0.0009794683,2.4021188e-05,5.7632024e-05,0.0001039242,0.027537318
7,7,motorvehicle-siren,motorvehicle-siren,5.288574e-06,0.00011484572,1.8952825e-05,1.374465e-05,7.712009e-07,7.206917e-07,2.638506e-05,0.99981934
4,4,generator,generator,2.3948898e-05,6.742286e-05,0.00011974152,4.480597e-05,0.99938035,3.7058921e-06,0.00033794044,2.2015447e-05
2,2,construction-site,construction-site,0.000767442,0.0030801636,0.98009115,0.011370004,0.0015263519,0.0012216703,0.0014804743,0.00046270643
5,5,mobile-music,mobile-music,0.0009971516,0.010620157,0.024761198,0.01009051,0.0022868537,0.932713,0.018008504,0.0005226348
7,7,motorvehicle-siren,motorvehicle-siren,0.00059277273,0.00524972,0.00331718,0.0016391465,0.00028046835,0.0005749056,0.0177705,0.9705752
6,6,motorvehicle-horn,motorvehicle-horn,0.1373003,0.0285315,0.047202077,0.073744774,0.00959,0.008208434,0.66478497,0.03063793
4,4,generator,generator,2.0739822e-06,3.5518722e-05,1.9588922e-05,1.594506e-05,0.99984014,1.069396e-06,8.123558e-05,4.4453077e-06
7,7,motorvehicle-siren,motorvehicle-siren,6.1569306e-05,0.0009398473,4.9690112e-05,8.528264e-05,1.5525844e-06,8.498091e-06,0.0004089856,0.9984445
6,6,motorvehicle-horn,motorvehicle-horn,0.0056919176,0.07868352,0.015197357,0.06070852,0.0011809792,0.11390858,0.71237856,0.012250536
4,4,generator,generator,7.0748516e-05,8.8976645e-05,0.00020212085,7.083905e-05,0.9987061,7.072554e-06,0.0008093571,4.4784363e-05
6,6,motorvehicle-horn,motorvehicle-horn,0.10532126,0.06475209,0.025511872,0.09268757,0.018432567,0.006918816,0.6303572,0.056018643
5,5,mobile-music,mobile-music,0.00015837875,0.008980631,0.0012383631,0.0025598337,0.000103568804,0.9835857,0.0032380493,0.0001354648
2,2,construction-site,construction-site,6.4306965e-05,0.0003939634,0.99805486,0.0010689403,0.00019538503,5.609006e-05,6.761166e-05,9.881341e-05
2,3,construction-site,crowd-noise,0.0005638276,0.007920147,0.16460352,0.8171914,0.00082378567,0.0072786063,0.0007693285,0.0008493901
3,3,crowd-noise,crowd-noise,0.008019731,0.10675436,0.16357699,0.5418716,0.086597145,0.050662395,0.0025194085,0.03999832
7,5,motorvehicle-siren,mobile-music,0.0018506402,0.17437129,0.0015076118,0.018825378,0.0014079491,0.7920542,0.0058397953,0.0041430774
5,5,mobile-music,mobile-music,0.003916174,0.06906184,0.021749549,0.048600752,0.0029781049,0.825324,0.024784219,0.0035853481
5,5,mobile-music,mobile-music,0.0003305807,0.007848585,0.0011125994,0.0060119885,3.890657e-05,0.98341274,0.0010201348,0.0002245719
4,4,generator,generator,2.1225602e-05,3.1560972e-05,8.99206e-05,2.3499844e-05,0.99954814,1.766559e-06,0.000269949,1.40081565e-05
4,3,generator,crowd-noise,0.021842843,0.07251761,0.23893595,0.34847176,0.102145515,0.086655214,0.11914034,0.010290732
2,2,construction-site,construction-site,0.0018113062,0.00080568314,0.96981514,0.0021739653,0.001590175,0.014915756,0.008759064,0.00012890979
0,0,car-alarm,car-alarm,0.99966645,2.930244e-06,0.000104820094,2.72531e-05,5.9525746e-06,2.0096006e-06,0.000116421965,7.4116724e-05
2,2,construction-site,construction-site,0.0002811079,0.0038951337,0.98596525,0.0032147986,0.0016439735,0.0031751688,0.0016196374,0.00020491506
5,5,mobile-music,mobile-music,0.00023608663,0.00855841,0.00153941,0.0014521875,9.749355e-05,0.98225224,0.0057374067,0.0001268727
1,1,community-radio,community-radio,0.00014111726,0.96769506,0.0007705442,0.009179125,0.003069717,0.016230255,0.0019174006,0.0009968707
0,0,car-alarm,car-alarm,0.9995214,8.393643e-06,0.00013041735,6.0267837e-05,1.1732179e-05,7.0223064e-06,0.00020345245,5.7379722e-05
5,5,mobile-music,mobile-music,0.00013739639,0.011619015,0.00053854095,0.0072873626,8.469549e-05,0.97947925,0.00068863464,0.0001651498
0,0,car-alarm,car-alarm,0.99972934,2.2400593e-06,3.21199e-05,2.0598534e-05,7.389965e-06,2.0898692e-06,0.0001923485,1.3925442e-05
1,1,community-radio,community-radio,0.00051334535,0.9365817,0.0019026323,0.029114332,0.0045248903,0.02012101,0.0048346985,0.0024074956
4,4,generator,generator,6.378199e-05,7.546086e-05,0.00017695925,4.1051702e-05,0.99857926,4.31667e-06,0.0010127082,4.6389865e-05
1,1,community-radio,community-radio,0.00048071044,0.9500488,0.0014398488,0.01839886,0.0037513715,0.01743199,0.0059604766,0.0024879563
3,1,crowd-noise,community-radio,0.0066349725,0.8887283,0.0014681739,0.048820987,0.0030048105,0.011010265,0.028760599,0.011571852
7,7,motorvehicle-siren,motorvehicle-siren,6.954005e-06,5.7997506e-05,3.0738862e-05,1.7512604e-05,1.0254875e-05,5.2945194e-07,1.3988787e-05,0.99986196
1,1,community-radio,community-radio,0.0062527,0.8531067,0.008657175,0.0249575,0.049158264,0.0136042135,0.028522182,0.015741317
6,6,motorvehicle-horn,motorvehicle-horn,0.021911794,0.000164984,0.00044784733,0.0013238562,0.00059755216,0.00014785094,0.974631,0.0007750807
0,6,car-alarm,motorvehicle-horn,0.3499132,0.00094277196,0.0016804374,0.003701483,0.0012814987,0.00035798337,0.6383725,0.0037501773
7,7,motorvehicle-siren,motorvehicle-siren,1.9331097e-05,0.00032564937,0.0002095648,9.224189e-05,1.6126018e-05,3.3555555e-06,6.831745e-05,0.9992655
4,4,generator,generator,8.355476e-06,3.2239554e-05,7.33362e-05,1.5575852e-05,0.9997255,1.2343464e-06,0.00013434261,9.331587e-06
3,1,crowd-noise,community-radio,0.2474156,0.29577056,0.02542691,0.0840588,0.03319055,0.024183938,0.1065331,0.18342052
3,3,crowd-noise,crowd-noise,0.0020790845,0.41955477,0.026095413,0.43466607,0.043873295,0.030424185,0.034342747,0.008964517
2,2,construction-site,construction-site,0.009457663,0.04302246,0.5653952,0.31890112,0.01927763,0.016227169,0.014276764,0.013442024
2,2,construction-site,construction-site,7.070139e-05,0.00022332689,0.9977278,0.0015674366,5.273252e-05,1.6130467e-05,2.1064232e-05,0.00032078725
2,7,construction-site,motorvehicle-siren,0.00778849,0.015422409,0.036620874,0.014502977,0.0067858566,0.0012026079,0.051340986,0.86633575
3,3,crowd-noise,crowd-noise,0.00013484876,0.00033539344,0.00024302934,0.99831843,0.00016984135,0.0006738964,5.3646498e-05,7.094208e-05
7,7,motorvehicle-siren,motorvehicle-siren,8.202474e-06,0.00033346438,2.4334071e-05,2.2958451e-05,1.9303761e-06,7.722985e-06,2.266872e-05,0.9995788
7,7,motorvehicle-siren,motorvehicle-siren,3.9821145e-05,0.0001194758,8.5235806e-05,7.9348254e-05,4.060955e-06,2.2698266e-06,6.770214e-05,0.999602
5,5,mobile-music,mobile-music,0.00013422001,0.031745736,0.00031929385,0.013510253,8.195781e-05,0.9533913,0.000706141,0.000111090136
4,4,generator,generator,9.817681e-06,2.7145335e-05,6.596086e-05,1.8146715e-05,0.9997241,1.2426339e-06,0.00014373829,9.8346045e-06
7,4,motorvehicle-siren,generator,0.02155267,0.33437648,0.0075390735,0.037511665,0.35864067,0.005501357,0.052803203,0.18207484
4,4,generator,generator,0.0011563554,0.002797422,0.0039491984,0.0017881251,0.96450114,0.00060134067,0.023063587,0.0021428512
2,3,construction-site,crowd-noise,0.009828635,0.112305075,0.29534528,0.36575332,0.004030662,0.13122158,0.05712569,0.024389682
5,5,mobile-music,mobile-music,7.270192e-05,0.0047641797,0.00013199112,0.0006699567,7.223752e-06,0.99402374,0.0002824207,4.7728536e-05
5,5,mobile-music,mobile-music,0.00013873943,0.0051599424,0.0003158669,0.0016686516,1.3566086e-05,0.99223936,0.00038432496,7.956384e-05
0,6,car-alarm,motorvehicle-horn,0.20135733,0.009647181,0.05144479,0.037389923,0.02705766,0.0036255715,0.61142707,0.05805048
2,0,construction-site,car-alarm,0.77575177,0.008324625,0.0047355806,0.011575583,0.0028296814,0.008464812,0.18474975,0.003568238
4,4,generator,generator,0.0018598371,0.031185081,0.027833791,0.029045675,0.86629856,0.0026634727,0.037937973,0.0031756177
4,4,generator,generator,9.417588e-06,2.1471209e-05,0.00039424354,3.4235945e-05,0.99945253,9.841834e-07,6.032527e-05,2.6782072e-05
6,6,motorvehicle-horn,motorvehicle-horn,0.16639766,0.005988921,0.039500363,0.026456598,0.012947214,0.0030857795,0.73177236,0.013851072
6,6,motorvehicle-horn,motorvehicle-horn,0.027449535,0.0211689,0.008933037,0.016685238,0.009444948,0.013668491,0.882526,0.02012382
5,5,mobile-music,mobile-music,0.012390596,0.032884013,0.13360314,0.015533578,0.023112802,0.6630372,0.117648356,0.0017902574
2,6,construction-site,motorvehicle-horn,0.31004155,0.048670433,0.062085558,0.043345485,0.0141169615,0.059758026,0.4122195,0.0497625
0,0,car-alarm,car-alarm,0.9997758,2.982454e-06,5.7986428e-05,1.8525076e-05,4.5684687e-06,1.9990262e-06,9.6079115e-05,4.202212e-05
5,5,mobile-music,mobile-music,2.7667858e-05,0.006393554,0.000103766295,0.0005243814,9.84664e-06,0.9927073,0.00021235087,2.117978e-05
5,5,mobile-music,mobile-music,1.728747e-05,0.0026090757,3.729083e-05,0.00014213486,2.5538395e-06,0.99703836,0.00013123668,2.19613e-05
0,1,car-alarm,community-radio,0.09877208,0.41169176,0.06580521,0.2078631,0.009239358,0.07425775,0.10791593,0.024454735
3,2,crowd-noise,construction-site,0.004590371,0.014716454,0.8551809,0.07359024,0.02533177,0.0095391,0.013064298,0.003986906
0,0,car-alarm,car-alarm,0.9995881,4.6073355e-06,0.00015031631,3.783649e-05,7.598849e-06,2.0762075e-06,9.38744e-05,0.00011565725
5,5,mobile-music,mobile-music,0.001167347,0.24218023,0.00043096527,0.001767137,6.5304834e-05,0.70809495,0.033196095,0.013097952
3,3,crowd-noise,crowd-noise,0.00022997728,0.00094228203,0.00096727966,0.9960377,0.0006359154,0.0007587119,0.00016765177,0.0002604153
3,3,crowd-noise,crowd-noise,0.00022707599,0.0034494472,0.00056936237,0.98593825,0.00065236073,0.008670363,0.00029095053,0.0002022813
4,4,generator,generator,0.0010193988,0.015570378,0.012386428,0.03468803,0.9261351,0.002017329,0.002836128,0.0053471057
0,0,car-alarm,car-alarm,0.99953914,4.201379e-06,5.5576304e-05,3.6878762e-05,1.4918454e-05,4.7533094e-06,0.00032306096,2.1518807e-05
3,3,crowd-noise,crowd-noise,0.00016158921,0.32656053,0.0036379406,0.5261336,0.013901588,0.120393805,0.001689875,0.0075210603
0,6,car-alarm,motorvehicle-horn,0.24916267,0.025290772,0.09946071,0.11902658,0.0085505685,0.020839926,0.46073988,0.016928833
0,0,car-alarm,car-alarm,0.9861091,0.00081327115,0.0014631302,0.00074501813,0.00040477916,0.00033046628,0.0070679993,0.0030663759
1,1,community-radio,community-radio,0.00014993342,0.98117983,0.00049880985,0.005853486,0.0010137393,0.00859498,0.0018087381,0.0009004263
4,4,generator,generator,1.9064526e-05,6.8857786e-05,0.0041355225,8.644464e-05,0.9954502,4.9137498e-06,0.00017886517,5.614325e-05
0,0,car-alarm,car-alarm,0.9973992,8.554584e-06,0.0009835915,0.00020989258,0.00017770813,1.5868178e-05,0.0011082281,9.688739e-05
0,0,car-alarm,car-alarm,0.9995352,4.3108835e-06,7.982002e-05,4.3400665e-05,2.5031e-05,2.2877794e-06,0.00027738,3.2595493e-05
3,6,crowd-noise,motorvehicle-horn,0.12268751,0.08053842,0.096883915,0.1479976,0.0133359665,0.007577951,0.4159386,0.1150401
1,1,community-radio,community-radio,8.4660365e-05,0.9890177,0.0006547904,0.0039564557,0.001512306,0.003577514,0.0007484081,0.00044807015
6,6,motorvehicle-horn,motorvehicle-horn,0.056107514,0.00024806478,0.00064761355,0.0019505823,0.000664313,0.0001672983,0.9392787,0.00093581894
6,6,motorvehicle-horn,motorvehicle-horn,0.087758094,0.0012183377,0.002720395,0.0036368938,0.0031251176,0.0004815072,0.8889211,0.012138574
1,1,community-radio,community-radio,2.0788822e-05,0.9953003,0.00042639562,0.0008795417,0.00077757984,0.0016192051,0.00024576567,0.0007304641
5,3,mobile-music,crowd-noise,0.022758333,0.15085605,0.03901671,0.6075184,0.025961693,0.06292493,0.08431798,0.006645922
2,2,construction-site,construction-site,0.0008232296,0.037575047,0.82064444,0.10484058,0.01779107,0.011124491,0.0056800675,0.0015210414
7,7,motorvehicle-siren,motorvehicle-siren,9.8986e-06,0.000237213,0.00011631573,0.00010597416,1.221263e-05,1.9377737e-06,3.335907e-05,0.9994831
2,2,construction-site,construction-site,0.00022394661,0.010951937,0.95670277,0.0050551277,0.02175878,0.0010439359,0.0035866054,0.000676959
2,6,construction-site,motorvehicle-horn,0.106059045,0.013122419,0.22605865,0.05740099,0.014754118,0.0050358362,0.5736508,0.00391813
3,3,crowd-noise,crowd-noise,0.00018442328,0.000950798,0.0008516894,0.99643683,0.0005681585,0.000675963,0.00015428978,0.00017782421
3,3,crowd-noise,crowd-noise,8.063106e-05,0.000420866,0.00090001547,0.99750084,0.00019095247,0.00077121734,6.457243e-05,7.090575e-05
6,6,motorvehicle-horn,motorvehicle-horn,0.12313281,0.026485693,0.023193188,0.05616991,0.030089803,0.01419364,0.6767724,0.04996255
6,3,motorvehicle-horn,crowd-noise,0.0069296826,0.123051524,0.15674767,0.53115916,0.083114274,0.073159225,0.012727669,0.013110804
4,4,generator,generator,3.1507512e-05,4.4407338e-05,0.00017670312,9.03219e-05,0.99942255,4.120548e-06,9.8442804e-05,0.00013204107
7,7,motorvehicle-siren,motorvehicle-siren,1.6920967e-05,0.00015397042,0.00010226003,8.791892e-05,1.1520843e-05,1.6370041e-06,5.0592902e-05,0.9995752
7,7,motorvehicle-siren,motorvehicle-siren,1.0720773e-05,9.959328e-05,5.5529417e-05,9.251095e-05,9.754973e-06,1.1369648e-06,1.999589e-05,0.99971074
3,2,crowd-noise,construction-site,0.050049786,0.0821127,0.32921502,0.12384961,0.021208975,0.066477366,0.29588,0.031206585
2,2,construction-site,construction-site,0.0012914835,0.032646015,0.8265664,0.08965613,0.025414683,0.01772521,0.004726993,0.0019730818
4,4,generator,generator,0.0645704,0.0127502205,0.009542364,0.02695624,0.6964698,0.0054053,0.16975929,0.014546389
0,0,car-alarm,car-alarm,0.9996301,2.991864e-06,4.5939694e-05,3.33753e-05,6.545897e-06,3.3227768e-06,0.00024878167,2.8994284e-05
0,0,car-alarm,car-alarm,0.9886564,0.0003973148,0.000105308776,0.0008568502,0.0010140218,3.7967533e-05,0.00807603,0.0008561478
7,7,motorvehicle-siren,motorvehicle-siren,3.7618556e-06,0.000103824255,1.0492569e-05,1.0456847e-05,5.699221e-07,9.836202e-07,3.7225294e-05,0.99983263
4,4,generator,generator,0.0016021716,0.06019157,0.021672823,0.015003944,0.8529791,0.0054199854,0.03826494,0.004865376
7,7,motorvehicle-siren,motorvehicle-siren,6.218847e-06,0.0002638439,7.5073513e-06,2.6338095e-05,7.834512e-06,1.9740087e-06,5.7732745e-05,0.99962854
3,1,crowd-noise,community-radio,0.0022857008,0.82543534,0.0072827805,0.093576595,0.021611257,0.013625698,0.02370829,0.012474285
4,2,generator,construction-site,0.011350809,0.022014735,0.32920197,0.02408268,0.11441672,0.27258793,0.21479021,0.011554943
5,5,mobile-music,mobile-music,0.0045562983,0.045162622,0.002561012,0.01777647,0.008814585,0.8557717,0.06383824,0.0015190629
1,1,community-radio,community-radio,3.6698482e-05,0.9449472,0.00036920005,0.0022822784,0.041223444,0.010472652,0.00050833076,0.00016019122
3,5,crowd-noise,mobile-music,0.0055757645,0.013386673,0.17948793,0.0137600675,0.0012090062,0.7695403,0.016625777,0.00041435048
5,5,mobile-music,mobile-music,7.792011e-06,0.0021664272,4.6443925e-05,0.00010968098,1.8569918e-06,0.99754024,8.3459745e-05,4.4055883e-05
6,6,motorvehicle-horn,motorvehicle-horn,0.24682109,0.0025648621,0.015542232,0.013083697,0.0062491638,0.0012396252,0.70406526,0.010434053
1,1,community-radio,community-radio,8.919912e-05,0.9936761,0.00019895034,0.0014840052,0.0014753853,0.002147795,0.00057402736,0.00035440273
5,3,mobile-music,crowd-noise,0.00076129584,0.04337663,0.0019122274,0.92484134,0.0014397108,0.02370031,0.0022933697,0.0016751232
7,7,motorvehicle-siren,motorvehicle-siren,0.22320962,0.003221705,0.011599814,0.0010166334,0.0001600591,0.00053141586,0.0076056425,0.752655
1,1,community-radio,community-radio,0.0020721476,0.9074684,0.0020850196,0.013038006,0.031125804,0.020181563,0.012165593,0.011863453
0,0,car-alarm,car-alarm,0.99968183,3.999832e-06,6.695071e-05,2.534398e-05,5.8186783e-06,4.9728897e-06,0.0001902877,2.0716403e-05
0,0,car-alarm,car-alarm,0.9920259,0.0008606574,0.00040670417,0.0015340565,0.0021919487,2.4585292e-05,0.0024884162,0.00046778674
2,2,construction-site,construction-site,0.008496337,0.0043438557,0.88212544,0.066596895,0.0058981185,0.0015638379,0.026175985,0.004799473
4,4,generator,generator,0.00034057087,0.12671167,0.039083865,0.015870403,0.7911732,0.012303368,0.012910443,0.0016064907
0,0,car-alarm,car-alarm,0.36911392,0.057025805,0.018333584,0.24271385,0.021513445,0.1628714,0.12508072,0.003347239
0,2,car-alarm,construction-site,0.08411454,0.07153491,0.47379297,0.27799186,0.014576061,0.052222952,0.00368453,0.022082128
0,0,car-alarm,car-alarm,0.536178,0.051752564,0.0675201,0.04607815,0.047319666,0.0038943342,0.23977971,0.0074774576
6,6,motorvehicle-horn,motorvehicle-horn,0.105838805,0.003126109,0.0076321093,0.014367105,0.004103815,0.0016120836,0.8527699,0.010550135
2,2,construction-site,construction-site,0.0002489403,0.0002656223,0.9905081,0.0009992225,0.0001226892,4.8303205e-05,4.5750265e-05,0.0077614747
0,6,car-alarm,motorvehicle-horn,0.20567696,0.051943127,0.04690664,0.105942376,0.02345702,0.025132695,0.50308025,0.03786093
1,1,community-radio,community-radio,0.0009772523,0.9524464,0.0018256875,0.015945874,0.007624157,0.009525278,0.0076622176,0.003993209
0,0,car-alarm,car-alarm,0.99760616,1.0597865e-05,0.00015498481,5.868014e-05,2.7882117e-05,1.0902602e-05,0.0018301555,0.00030065796
3,3,crowd-noise,crowd-noise,6.15491e-05,0.0006033723,0.0003305436,0.9971445,0.00016927512,0.0015680987,5.598458e-05,6.653496e-05
5,1,mobile-music,community-radio,0.026635569,0.5835038,0.0033204074,0.18961182,0.007428241,0.09893564,0.07592722,0.014637304
3,3,crowd-noise,crowd-noise,0.000108165805,0.0015951551,0.0012091661,0.9943599,0.0003375924,0.0020915025,0.0001336272,0.00016491696
2,2,construction-site,construction-site,0.0019237226,0.08108756,0.7757721,0.10880837,0.007825592,0.015866872,0.0065971315,0.002118726
6,6,motorvehicle-horn,motorvehicle-horn,0.111016795,0.020886073,0.018639406,0.038538937,0.0069781602,0.0019604422,0.7324035,0.069576666
2,2,construction-site,construction-site,0.03308534,0.031926464,0.41628546,0.25392818,0.061745647,0.026033374,0.15770282,0.019292712
0,0,car-alarm,car-alarm,0.9994294,6.871201e-06,0.00013184933,8.193702e-05,2.7854627e-05,3.9071515e-06,0.00027482197,4.33026e-05
1,1,community-radio,community-radio,9.8189266e-05,0.9685857,0.0005747194,0.0073020384,0.0063665253,0.012413211,0.0022338345,0.00242574
5,5,mobile-music,mobile-music,0.00021454498,0.0038560762,0.0005348156,0.0018280561,8.458005e-06,0.99292773,0.00054259074,8.768758e-05
5,5,mobile-music,mobile-music,0.00016906144,0.0048096436,0.0003633739,0.0018193151,1.770329e-05,0.9920534,0.0006534925,0.0001139839
1,1,community-radio,community-radio,0.0049955263,0.8337363,0.006499786,0.038380686,0.013557024,0.013197335,0.080958,0.008675316
7,7,motorvehicle-siren,motorvehicle-siren,3.929359e-06,5.6487635e-05,3.8523904e-05,3.2494536e-05,2.692629e-06,5.748826e-07,5.7061807e-06,0.99985945
7,7,motorvehicle-siren,motorvehicle-siren,5.372693e-06,8.6809916e-05,2.1201682e-05,2.2767897e-05,3.957962e-06,5.759522e-07,1.6002925e-05,0.99984336
0,0,car-alarm,car-alarm,0.9996611,4.742917e-06,4.306522e-05,4.1006915e-05,1.5589769e-05,3.442644e-06,0.00021422107,1.6879982e-05
0,0,car-alarm,car-alarm,0.6702373,0.005451761,0.017709738,0.022753475,0.0032108875,0.0015003787,0.27170196,0.0074344752
3,6,crowd-noise,motorvehicle-horn,0.11405666,0.015099893,0.05687461,0.029004987,0.008166627,0.0047680875,0.7154591,0.05657003
1,1,community-radio,community-radio,0.006668616,0.7928068,0.0033572784,0.052851316,0.0007282461,0.14028615,0.002877337,0.00042432183
1,1,community-radio,community-radio,0.0062569277,0.38856673,0.034767643,0.08504851,0.120312825,0.07118218,0.23203541,0.061829757
2,2,construction-site,construction-site,0.001788646,0.10793427,0.36963126,0.061292276,0.085462354,0.2235512,0.14208382,0.008256147
0,0,car-alarm,car-alarm,0.99943906,3.934883e-06,0.0001117011,5.3173484e-05,2.82902e-05,4.7544204e-06,0.00033372696,2.5394262e-05
4,4,generator,generator,0.0041943043,0.13501063,0.028124843,0.023235919,0.6998102,0.045461662,0.054052968,0.010109532
3,3,crowd-noise,crowd-noise,0.00045476368,0.0016767756,0.0027083552,0.992454,0.0009741426,0.00081773853,0.00033192243,0.00058235036
2,2,construction-site,construction-site,0.0043227794,0.041125573,0.8003239,0.05161766,0.05284607,0.0059705777,0.037543405,0.00624997
7,7,motorvehicle-siren,motorvehicle-siren,1.4829568e-05,0.00023669361,0.00011269595,5.223723e-05,7.667885e-06,3.4117863e-06,4.0320287e-05,0.9995322
0,0,car-alarm,car-alarm,0.99960107,3.7015811e-06,0.00015224413,4.177118e-05,8.615557e-06,2.6988812e-06,0.00012171762,6.8286645e-05
4,4,generator,generator,2.1654276e-05,0.00013195332,3.3637216e-06,2.3362532e-05,0.99972266,1.0188542e-06,5.5744917e-05,4.0238883e-05
4,4,generator,generator,0.00034448042,0.0018090403,0.0026187066,0.002051381,0.9882024,0.00011644946,0.0045626713,0.00029490626
5,5,mobile-music,mobile-music,0.0025822993,0.012612007,0.012355583,0.005486523,0.00066365383,0.9500941,0.015683072,0.00052279944
7,7,motorvehicle-siren,motorvehicle-siren,3.2490611e-06,0.00010875658,7.799131e-05,4.3895685e-05,2.8485135e-06,6.53363e-07,5.131619e-06,0.99975747
4,4,generator,generator,1.6848544e-05,0.000404474,0.00015682651,9.063974e-05,0.998939,1.2022419e-05,0.0003528775,2.7428883e-05
5,5,mobile-music,mobile-music,3.9204988e-05,0.021096693,0.00010480929,0.0015236752,5.33637e-05,0.9757987,0.0013012143,8.2321625e-05
6,7,motorvehicle-horn,motorvehicle-siren,0.11640353,0.12372494,0.01998859,0.09909777,0.04428317,0.021886319,0.21497534,0.35964027
1,1,community-radio,community-radio,8.0012236e-05,0.9842651,8.869615e-05,0.0026186,0.0062052757,0.0050141388,0.0015378328,0.00019038143
6,6,motorvehicle-horn,motorvehicle-horn,0.08822832,0.0018391106,0.0030271881,0.00937784,0.0041860496,0.00051647995,0.88350034,0.009324666
3,3,crowd-noise,crowd-noise,0.00019286569,0.0009920087,0.0005616238,0.9964832,0.00066781667,0.00080857973,0.0001231172,0.00017071383
6,6,motorvehicle-horn,motorvehicle-horn,0.13814366,0.008597353,0.035880305,0.026250705,0.009932341,0.003935104,0.7474312,0.029829288
0,0,car-alarm,car-alarm,0.99974626,3.488575e-06,4.4766755e-05,3.260154e-05,9.590367e-06,3.0230804e-06,0.00014753325,1.2714904e-05
2,2,construction-site,construction-site,7.559323e-05,0.00027777266,0.99785346,0.0012555559,0.0001777706,4.1281233e-05,4.021167e-05,0.0002783452
3,3,crowd-noise,crowd-noise,0.002001268,0.13882633,0.04232726,0.49270672,0.24144883,0.07358153,0.0047512376,0.0043567717
5,5,mobile-music,mobile-music,3.819058e-05,0.0022415016,0.00012294797,0.0003211199,3.0214535e-06,0.9969999,0.00024477462,2.8409995e-05
5,5,mobile-music,mobile-music,6.661709e-05,0.0022633153,0.00018554281,0.00039384852,3.4140476e-06,0.996838,0.00020579381,4.3482803e-05
2,2,construction-site,construction-site,0.0001677536,0.0012596631,0.9600484,0.002308167,0.0021518338,2.3716315e-05,0.0003428128,0.033697702
3,3,crowd-noise,crowd-noise,0.0009968955,0.0064036176,0.0015287829,0.9753053,0.0015880917,0.01211937,0.0016189979,0.00043890264
2,2,construction-site,construction-site,0.0002025583,0.273212,0.6271261,0.07523916,0.013476999,0.0016407927,0.0038810328,0.005221341
1,1,community-radio,community-radio,0.0008408884,0.91834694,0.0013192986,0.05169223,0.0063451165,0.0076134726,0.006671473,0.007170512
0,0,car-alarm,car-alarm,0.9992047,5.7113257e-06,6.135372e-05,8.934477e-05,2.739275e-05,7.989417e-06,0.000566214,3.7235277e-05
4,4,generator,generator,2.2930039e-05,2.9149203e-05,0.00021832463,4.9682585e-05,0.99952495,1.3464334e-06,7.309709e-05,8.059359e-05
1,1,community-radio,community-radio,6.137551e-05,0.9889587,0.00012142389,0.0015253196,0.00047418114,0.00815677,0.00043373933,0.0002684753
3,3,crowd-noise,crowd-noise,0.0013258558,0.3070662,0.012094671,0.60302055,0.012750468,0.046015717,0.012946035,0.0047804886
3,6,crowd-noise,motorvehicle-horn,0.049905643,0.19151199,0.063510455,0.1650352,0.017177643,0.01755394,0.433862,0.06144308
7,7,motorvehicle-siren,motorvehicle-siren,1.11459885e-05,0.00039461735,0.00046865817,0.000116246934,9.958544e-06,4.8916304e-06,4.436849e-05,0.9989502
2,2,construction-site,construction-site,0.00017732197,0.16314292,0.74535155,0.0049228654,0.010938669,0.07187473,0.0024774033,0.0011144807
6,6,motorvehicle-horn,motorvehicle-horn,0.2848195,0.0016596925,0.00392707,0.0069239317,0.0026180418,0.00068411836,0.6921852,0.007182437
2,2,construction-site,construction-site,1.5632328e-05,0.00021616448,0.99861073,0.0007516155,0.00033797498,2.4440544e-05,2.7201115e-05,1.6303207e-05
2,2,construction-site,construction-site,0.002441739,0.013758833,0.873856,0.07194844,0.009450384,0.016115036,0.0109682055,0.0014613003
2,2,construction-site,construction-site,0.0002044008,0.0017260438,0.99355245,0.002024463,0.0019730516,0.0002228277,0.00021457886,8.219778e-05
3,3,crowd-noise,crowd-noise,0.0006164026,0.0037452138,0.013054545,0.9791101,0.00088514714,0.00079799956,0.0005761402,0.0012144772
1,3,community-radio,crowd-noise,0.0009254602,0.011178879,0.002815781,0.9818865,0.00090524915,0.0009078813,0.0010422092,0.00033796686
3,3,crowd-noise,crowd-noise,0.00010621866,0.00023331017,0.00023141773,0.99875176,0.00017372271,0.00041622054,3.4585653e-05,5.2828946e-05
1,3,community-radio,crowd-noise,0.011469552,0.17776449,0.067233406,0.39987075,0.012212583,0.28181472,0.04412847,0.005505955
3,1,crowd-noise,community-radio,0.003983353,0.47943017,0.039033987,0.073571734,0.036492623,0.28818998,0.07478663,0.004511548
2,2,construction-site,construction-site,5.850006e-06,0.00031206166,0.9991769,0.0003177222,0.0001188025,2.45396e-05,2.1087868e-05,2.2970638e-05
1,5,community-radio,mobile-music,0.0033092226,0.05760605,0.17750211,0.069528185,0.001088689,0.6802367,0.008760009,0.0019689738
0,0,car-alarm,car-alarm,0.99965453,4.0236887e-06,0.00010135759,3.5126257e-05,8.007945e-06,3.7332616e-06,0.00013375451,5.9508784e-05
2,2,construction-site,construction-site,0.00020362154,0.0064865546,0.98015726,0.0047491803,0.0046848906,0.0022166579,0.0010806635,0.0004212177
3,3,crowd-noise,crowd-noise,0.0022076205,0.015008041,0.030579211,0.91719484,0.008055181,0.019733446,0.0048813084,0.0023404208
0,0,car-alarm,car-alarm,0.9991966,1.8119641e-05,0.00022020352,9.869887e-05,1.7169703e-05,2.0150175e-05,0.00036481774,6.435536e-05
0,0,car-alarm,car-alarm,0.99953973,2.975767e-06,7.115992e-05,4.048303e-05,2.4290526e-05,1.8269986e-06,0.00029200036,2.7556922e-05
1,1,community-radio,community-radio,0.00016244246,0.9667763,0.00043312495,0.0009116921,0.00055487006,0.016361164,0.0022572514,0.012543098
5,5,mobile-music,mobile-music,3.0184052e-05,0.004755237,6.252784e-05,0.00018856724,9.797964e-06,0.9947017,0.0002259193,2.6078238e-05
7,7,motorvehicle-siren,motorvehicle-siren,6.825607e-05,0.00425005,7.5468044e-05,0.0001498936,3.9639366e-05,0.00032371614,0.00068782136,0.99440527
1,1,community-radio,community-radio,0.001001016,0.9559172,0.0009291669,0.01709584,0.003139652,0.011400743,0.00781031,0.002706148
2,2,construction-site,construction-site,0.03227669,0.013360913,0.44025722,0.006677304,0.012270564,0.044200096,0.27947778,0.17147948
1,2,community-radio,construction-site,0.0032634654,0.03784641,0.4554855,0.40291572,0.063166484,0.029008616,0.0029355867,0.0053782845
4,4,generator,generator,8.820818e-06,4.164802e-05,7.13002e-05,1.9292915e-05,0.99967706,1.8738668e-06,0.00017072937,9.3292565e-06
1,1,community-radio,community-radio,2.9959374e-05,0.9626763,0.0011838923,0.0016972099,0.0053202044,0.028328918,0.0005668656,0.00019672014
4,4,generator,generator,0.002175351,0.058775876,0.07515638,0.054965835,0.76502836,0.005589652,0.034945708,0.0033628456
5,5,mobile-music,mobile-music,3.0462053e-05,0.0096102115,9.5278156e-05,0.0007459304,1.4042568e-05,0.9889681,0.00042551899,0.00011040734
6,6,motorvehicle-horn,motorvehicle-horn,0.19096744,0.0008134184,0.0061413744,0.004620924,0.0031727524,0.000887677,0.78896797,0.004428479
7,7,motorvehicle-siren,motorvehicle-siren,7.919861e-06,5.9914066e-05,3.346453e-05,4.801809e-05,3.3923502e-06,4.966453e-07,1.2014349e-05,0.9998348
2,3,construction-site,crowd-noise,0.0008584099,0.06582599,0.3464771,0.5404935,0.0023129045,0.034109954,0.002058919,0.007863334
1,4,community-radio,generator,0.00014331707,0.33281118,0.00055712246,0.007062812,0.6499777,0.005206495,0.0011318446,0.0031095275
6,6,motorvehicle-horn,motorvehicle-horn,0.12091606,0.007925278,0.02300611,0.023778152,0.013113136,0.007035624,0.7854923,0.01873328
0,6,car-alarm,motorvehicle-horn,0.1435741,0.032601196,0.027149988,0.10304623,0.025268456,0.019120483,0.61313057,0.03610896
1,1,community-radio,community-radio,2.9321915e-05,0.9823753,0.00029251463,0.0006299,0.00041716537,0.015955716,0.00018955562,0.000110441615
6,6,motorvehicle-horn,motorvehicle-horn,0.108150214,0.0058719832,0.0029770024,0.01604006,0.005214812,0.00073357066,0.84689075,0.014121584
7,7,motorvehicle-siren,motorvehicle-siren,0.0018788894,0.0013172891,0.0017993347,0.0013743005,0.0004989539,0.000120210956,0.0016471848,0.99136376
2,2,construction-site,construction-site,0.0015872066,0.031370014,0.52503455,0.41684422,0.0027983768,0.016073022,0.003968233,0.0023243728
0,0,car-alarm,car-alarm,0.99944276,3.6474476e-06,0.0001757261,4.6240977e-05,1.516897e-05,7.713962e-06,0.000283901,2.4878096e-05
3,3,crowd-noise,crowd-noise,0.00025587215,0.00023057139,0.00042505583,0.99822813,0.0002835552,0.00043816897,5.2978292e-05,8.572851e-05
1,3,community-radio,crowd-noise,0.0030620936,0.37890425,0.014598732,0.50722253,0.016415345,0.049988482,0.027311191,0.0024973378
0,0,car-alarm,car-alarm,0.99971896,3.9775455e-06,8.916096e-05,3.7307418e-05,5.5757123e-06,3.267792e-06,9.348847e-05,4.8129754e-05
5,5,mobile-music,mobile-music,3.2700664e-05,0.0106501095,0.00011921285,0.00018946631,1.4982223e-05,0.98881274,0.00014057226,4.030133e-05
6,0,motorvehicle-horn,car-alarm,0.49346757,0.0021203724,0.0043415455,0.0078127505,0.0070391586,0.0005689922,0.47949487,0.0051547415
1,1,community-radio,community-radio,0.0016386805,0.8610684,0.0014031897,0.07467997,0.0032148324,0.03870609,0.016054453,0.0032344419
0,0,car-alarm,car-alarm,0.999592,6.3032135e-06,7.5924865e-05,4.277426e-05,1.46163e-05,3.825616e-06,0.00022826159,3.6283665e-05
5,5,mobile-music,mobile-music,0.00035821105,0.0028251733,0.00096040446,0.0010673543,1.5622552e-05,0.99310815,0.0015876823,7.734377e-05
5,5,mobile-music,mobile-music,0.072414644,0.23015171,0.00066411466,0.009667249,0.0003753091,0.68349844,0.0015617422,0.0016668373
4,4,generator,generator,0.00028509425,0.00036792536,2.1707236e-05,7.220945e-05,0.9983767,4.1423136e-06,0.00047498496,0.0003973391
1,1,community-radio,community-radio,0.0024222664,0.8975029,0.016997837,0.028889699,0.0042059617,0.013202079,0.020375887,0.016403306
2,2,construction-site,construction-site,0.00012559662,0.020075971,0.9630784,0.010114066,0.004186359,0.0010006758,0.00063317537,0.00078585156
6,6,motorvehicle-horn,motorvehicle-horn,0.030317547,0.00031859934,0.053131144,0.0030729824,0.11460744,0.00025021736,0.7867637,0.011538321
2,2,construction-site,construction-site,0.031233871,0.011449091,0.84929895,0.07809951,0.0032621801,0.0019557762,0.009043016,0.015657606
2,2,construction-site,construction-site,1.2253178e-05,0.00030078407,0.99852824,0.0008892043,0.00014834233,3.360887e-05,4.598802e-05,4.1599367e-05
2,5,construction-site,mobile-music,0.027198104,0.012788828,0.16182145,0.0072798324,0.015013414,0.6793567,0.09558618,0.000955523
3,3,crowd-noise,crowd-noise,0.0001427934,0.0017910314,0.00030924578,0.99148107,0.00039156916,0.0056487145,0.00014145428,9.420469e-05
0,0,car-alarm,car-alarm,0.8814486,0.0036000072,0.0023056706,0.0069973096,0.0028773292,0.00055782305,0.099852115,0.0023611416
2,2,construction-site,construction-site,0.011408935,0.036557592,0.86070675,0.05213686,0.0077278917,0.025253862,0.0018973544,0.0043107257
5,5,mobile-music,mobile-music,0.0004354977,0.19565514,0.00031892426,0.02180609,0.0007319273,0.7718535,0.0019971887,0.0072017177
7,5,motorvehicle-siren,mobile-music,0.001133765,0.25266284,0.005373364,0.11700783,0.02330477,0.59103626,0.0075232964,0.0019579264
3,6,crowd-noise,motorvehicle-horn,0.078361206,0.02094591,0.13338313,0.090385616,0.017047118,0.008987815,0.5454212,0.10546802
3,3,crowd-noise,crowd-noise,0.0007131263,0.0052248174,0.045377687,0.9448809,0.0009451218,0.0010010323,0.0008312953,0.0010260146
0,0,car-alarm,car-alarm,0.99965477,3.9412535e-06,8.434273e-05,3.9396207e-05,9.23831e-06,3.565077e-06,0.00016756638,3.7098398e-05
4,4,generator,generator,4.6182187e-05,0.00026791682,2.0625488e-05,4.7499623e-05,0.9992692,2.3366604e-06,9.774429e-05,0.00024845052
3,3,crowd-noise,crowd-noise,0.00021884787,0.000713183,0.0003739152,0.9974406,0.0002329128,0.00080871815,0.00010361765,0.0001082666
2,2,construction-site,construction-site,0.04751114,0.031667765,0.71852076,0.14675187,0.008750215,0.0065225568,0.0120789595,0.02819671
2,5,construction-site,mobile-music,0.0007277996,0.15038492,0.0067423056,0.016029632,0.0021256108,0.81812215,0.0049419603,0.00092564424
4,1,generator,community-radio,0.0054631056,0.60770917,0.0072058886,0.03867096,0.077967644,0.027126398,0.11844111,0.117415756
3,3,crowd-noise,crowd-noise,8.935702e-05,0.00049013854,0.00031765335,0.9981053,0.00014353865,0.0006961428,6.553035e-05,9.2389084e-05
5,5,mobile-music,mobile-music,8.058102e-06,0.0011122875,3.0264215e-05,6.67687e-05,7.027171e-07,0.99872357,4.7329395e-05,1.1046572e-05
3,3,crowd-noise,crowd-noise,0.00016461949,0.0009622608,0.002221216,0.994412,0.0003058159,0.0015966619,0.00018430917,0.0001531665
4,4,generator,generator,6.383224e-05,0.00027072706,0.0002460078,0.00020014813,0.9985514,1.3669517e-05,0.0005829736,7.123555e-05
1,1,community-radio,community-radio,0.00026291172,0.8880574,0.00059511507,0.009122963,0.0009215504,0.09705432,0.0021032928,0.0018824018
5,5,mobile-music,mobile-music,8.7697714e-05,0.017434638,0.0003323388,0.004374803,7.6392964e-05,0.97685176,0.0007463553,9.604549e-05
4,4,generator,generator,8.691009e-06,2.7469898e-05,5.673415e-05,1.5527288e-05,0.9997546,1.1824197e-06,0.000126582,9.178503e-06
6,6,motorvehicle-horn,motorvehicle-horn,0.18407993,0.0017190047,0.01060451,0.00636881,0.0021811086,0.00055713154,0.77728707,0.017202426
3,3,crowd-noise,crowd-noise,0.000107342734,0.011683457,0.000727596,0.9519677,0.0001656034,0.034546938,0.00023290879,0.0005684412
3,3,crowd-noise,crowd-noise,0.0015657262,0.0043100016,0.0123938965,0.9722568,0.0028709746,0.0007301358,0.0003471586,0.0055254237
6,6,motorvehicle-horn,motorvehicle-horn,0.29944074,0.0017372082,0.004820259,0.008784294,0.013413124,0.00070162816,0.66065586,0.010446898
3,3,crowd-noise,crowd-noise,4.7611367e-05,0.00012000837,8.3049235e-05,0.9994178,6.061185e-05,0.0002276399,1.5549555e-05,2.777046e-05
3,3,crowd-noise,crowd-noise,0.00079378806,0.006937905,0.0062785423,0.9763272,0.003540845,0.0039832876,0.0013402158,0.00079819467
1,3,community-radio,crowd-noise,0.0019648864,0.28262806,0.0074705067,0.5689216,0.044823796,0.075291365,0.011329262,0.007570574
0,6,car-alarm,motorvehicle-horn,0.19922127,0.0019201823,0.009572104,0.008028504,0.01936857,0.00040974922,0.72916275,0.032316867
6,6,motorvehicle-horn,motorvehicle-horn,0.019631742,7.934907e-05,0.0010580637,0.0010657668,0.0017542817,0.00019611717,0.9759637,0.00025101623
7,7,motorvehicle-siren,motorvehicle-siren,5.3138978e-05,0.00086816243,6.250896e-05,0.0001429077,8.87495e-05,1.2303476e-05,0.00032360284,0.9984486
2,5,construction-site,mobile-music,0.0051570074,0.20458461,0.055781513,0.027676316,0.002855736,0.44887316,0.23990494,0.015166643
4,4,generator,generator,2.834283e-05,4.2782198e-05,0.00014457539,3.373928e-05,0.9993389,2.8782204e-06,0.00039070513,1.809435e-05
4,4,generator,generator,7.363985e-05,0.009911655,0.00708599,0.0067540198,0.97308314,0.0005415002,0.0022332945,0.00031677802
2,2,construction-site,construction-site,0.00017045441,0.0003007226,0.99670887,0.0023986686,0.000142395,4.0263454e-05,3.945514e-05,0.00019913417
6,6,motorvehicle-horn,motorvehicle-horn,0.017129928,0.0236703,0.007282599,0.025209162,0.008349859,0.012721941,0.88601124,0.019625131
6,6,motorvehicle-horn,motorvehicle-horn,0.16209216,0.00060461526,0.0015748591,0.0030118404,0.0017448402,0.00020929736,0.82519513,0.0055673374
0,1,car-alarm,community-radio,0.30015656,0.33207166,0.03503834,0.083890475,0.0039655045,0.17646432,0.06072498,0.0076881046
4,4,generator,generator,7.1863775e-05,0.0007287204,0.0010217188,0.00028310163,0.996123,5.8468086e-05,0.0016464881,6.6647e-05
4,4,generator,generator,6.0169587e-06,2.514981e-05,4.857957e-05,1.3092033e-05,0.9998043,9.451513e-07,9.493982e-05,7.004039e-06
2,2,construction-site,construction-site,0.0015453692,0.0042737285,0.9590307,0.020634376,0.006051219,0.0010273801,0.0040891254,0.0033481999
2,2,construction-site,construction-site,4.8536018e-05,0.026054889,0.96223754,0.0021135658,0.0076121935,0.0012905068,0.00038731066,0.00025535165
4,4,generator,generator,6.190363e-06,2.378866e-05,4.1974003e-05,1.30446715e-05,0.9998118,8.9190587e-07,9.4866235e-05,7.4739773e-06
4,4,generator,generator,4.0141043e-05,0.0001800782,1.4483696e-05,5.8809983e-05,0.99943036,1.6803167e-06,7.956026e-05,0.00019484248
0,6,car-alarm,motorvehicle-horn,0.3409585,0.001791173,0.005433349,0.006066977,0.001296927,0.0010189186,0.63719416,0.00624002
2,1,construction-site,community-radio,0.00023229863,0.95351,0.004876624,0.0098926015,0.006561582,0.020730602,0.0030333274,0.0011628942
0,0,car-alarm,car-alarm,0.9997116,2.065351e-06,6.4037995e-05,2.3856312e-05,7.745247e-06,1.6559643e-06,0.00016151037,2.748795e-05
0,0,car-alarm,car-alarm,0.53947026,0.0027339857,0.004770352,0.01407552,0.020516345,0.00019026393,0.38087714,0.037366185
3,3,crowd-noise,crowd-noise,0.008431999,0.127957,0.30987403,0.4566371,0.01631768,0.041301325,0.005122088,0.034358803
0,6,car-alarm,motorvehicle-horn,0.27144253,0.0012549796,0.0040313965,0.005982527,0.001730376,0.00044907007,0.705115,0.009994084
6,5,motorvehicle-horn,mobile-music,0.0013851975,0.055508893,0.006025347,0.009612916,0.0001232221,0.91183287,0.014949244,0.00056244177
1,1,community-radio,community-radio,0.00082230364,0.68751305,0.20377447,0.030986449,0.01121058,0.04409607,0.009679579,0.011917485
4,4,generator,generator,0.0018022117,0.00062692765,0.00035435605,0.000759704,0.983305,6.718986e-05,0.012658594,0.00042603255
1,1,community-radio,community-radio,2.7583283e-06,0.99659204,5.5479908e-05,9.296968e-05,6.404776e-05,0.0030828111,2.7474318e-05,8.2437924e-05
2,2,construction-site,construction-site,0.00447961,0.004977143,0.9426524,0.03286675,0.0037105728,0.0012519648,0.0005530216,0.009508614
0,1,car-alarm,community-radio,0.0044444078,0.6772264,0.0066766357,0.14814149,0.07631257,0.02787492,0.029899742,0.0294238
4,6,generator,motorvehicle-horn,0.02614022,0.0021601564,0.017743267,0.004699861,0.19624585,0.012844096,0.6998634,0.040303133
2,2,construction-site,construction-site,0.006718607,0.031004658,0.7880757,0.04661287,0.015365051,0.0050627072,0.10294428,0.004216105
0,0,car-alarm,car-alarm,0.9992538,7.2085e-06,0.00018437249,5.8819558e-05,1.6647225e-05,1.4203498e-05,0.00043871126,2.6139058e-05
2,2,construction-site,construction-site,0.045912918,0.012881725,0.4560596,0.29183003,0.033668328,0.009996471,0.13814248,0.011508388
1,5,community-radio,mobile-music,0.0007957706,0.22328421,0.0056717643,0.03171661,0.00045191866,0.72892666,0.0052087572,0.00394433
7,7,motorvehicle-siren,motorvehicle-siren,5.8768146e-06,0.00027433972,5.905172e-05,4.0365936e-05,8.234253e-06,2.954304e-06,5.0734823e-05,0.9995584
4,4,generator,generator,1.8078901e-05,7.552261e-05,0.00012844513,3.9890485e-05,0.99932873,4.5593415e-06,0.0003901257,1.4588571e-05
3,3,crowd-noise,crowd-noise,6.760424e-05,0.0026223098,0.0038544708,0.9914302,0.0007589255,0.0010094217,0.00012361938,0.00013339204
3,2,crowd-noise,construction-site,0.0012005201,0.12542562,0.41895038,0.39860144,0.0066094287,0.034588058,0.0058571626,0.008767438
0,0,car-alarm,car-alarm,0.9995196,6.374559e-06,5.6970566e-05,2.8582197e-05,1.0044555e-05,9.640142e-06,0.00034835906,2.0516212e-05
5,5,mobile-music,mobile-music,4.5061366e-05,0.10266019,4.3936958e-05,0.00032075497,9.368573e-06,0.89622504,0.0005296421,0.00016602884
4,4,generator,generator,5.2069343e-05,0.008579209,0.00019445455,0.0012521783,0.9883533,0.000524762,0.0008478062,0.00019620989
1,5,community-radio,mobile-music,9.9851655e-05,0.31165835,0.0012343841,0.0046813725,0.00041862126,0.6796849,0.0020876569,0.00013486386
4,4,generator,generator,1.222579e-05,3.7359507e-05,9.226825e-05,2.2847886e-05,0.99963784,1.9063551e-06,0.0001835733,1.1907007e-05
3,6,crowd-noise,motorvehicle-horn,0.09873067,0.0092748925,0.10162618,0.053878445,0.1430032,0.004672401,0.57390046,0.014913725
1,4,community-radio,generator,0.004731888,0.04593734,0.0020178233,0.0051236055,0.9126361,0.0008828434,0.024256118,0.004414211
3,3,crowd-noise,crowd-noise,4.1410043e-05,0.00018282542,0.0002881717,0.9990759,0.00011558333,0.00024278711,1.9670588e-05,3.3547545e-05
4,4,generator,generator,6.8388654e-05,0.0010711849,0.0006359917,0.0003823117,0.99629885,8.354051e-05,0.0013810773,7.871367e-05
0,0,car-alarm,car-alarm,0.99977356,2.4831504e-06,5.4196382e-05,2.064137e-05,5.396622e-06,2.4582264e-06,0.00011407638,2.7167525e-05
2,2,construction-site,construction-site,0.00018620478,0.0005782096,0.9910523,0.0022264572,0.00480331,9.530002e-05,0.00053520576,0.0005230094
7,5,motorvehicle-siren,mobile-music,0.000994356,0.2432774,0.005477521,0.31477588,0.013644957,0.4148199,0.0057799337,0.0012300445
0,6,car-alarm,motorvehicle-horn,0.19225267,0.022259537,0.03863703,0.02641746,0.029769897,0.017110925,0.64688444,0.026667945
2,1,construction-site,community-radio,0.014418359,0.44256654,0.06873852,0.10442676,0.0069821607,0.14704414,0.1579803,0.057843145
4,3,generator,crowd-noise,0.023650652,0.057322975,0.10905973,0.6366026,0.019091971,0.099217944,0.047337413,0.0077167656
7,7,motorvehicle-siren,motorvehicle-siren,4.7099413e-05,0.00024167355,0.00010598136,7.807641e-05,1.832872e-05,6.646488e-06,0.0003133686,0.99918884
3,3,crowd-noise,crowd-noise,0.00013143057,0.0015100727,0.0018325165,0.9945938,0.00015990315,0.0013165857,0.00021387186,0.0002416947
5,5,mobile-music,mobile-music,0.00015425224,0.01449804,0.0006463418,0.000623585,7.331381e-05,0.98289686,0.0010423478,6.520784e-05
6,6,motorvehicle-horn,motorvehicle-horn,0.36029792,0.002800562,0.009366146,0.011160021,0.005423065,0.0026353907,0.59849536,0.009821539
4,4,generator,generator,0.00013711245,0.00024297816,0.00023456693,0.00036290617,0.9970759,1.2600847e-05,0.0018151702,0.00011874221
7,2,motorvehicle-siren,construction-site,0.010995849,0.0020297451,0.5373578,0.014169027,0.13341281,0.00015842804,0.108765155,0.1931112
6,6,motorvehicle-horn,motorvehicle-horn,0.103259556,0.09602036,0.06246586,0.106561154,0.21355315,0.057007615,0.33806708,0.023065245
4,4,generator,generator,1.28323045e-05,5.0487186e-05,0.000119952296,2.8306838e-05,0.99956065,2.4529309e-06,0.00021306111,1.2141562e-05
7,7,motorvehicle-siren,motorvehicle-siren,0.041700758,0.00045157032,0.0019450687,0.0015430433,0.045287594,1.0976377e-05,0.091440864,0.8176201
7,7,motorvehicle-siren,motorvehicle-siren,0.00022529966,0.04062315,0.00081582455,0.0050313314,0.0011143729,0.00014787143,0.0002342297,0.951808
2,2,construction-site,construction-site,0.00021874301,0.00014241741,0.98986584,0.00029007663,0.00783217,0.0005364706,0.0010648912,4.9562506e-05
3,3,crowd-noise,crowd-noise,0.00018640138,0.0013088105,0.0009496398,0.9955088,0.00047446345,0.0011678224,0.00021266034,0.00019142123
4,4,generator,generator,1.796794e-05,4.3437216e-05,0.00014776929,2.631238e-05,0.9993291,3.1409866e-06,0.00042128604,1.0927038e-05
0,6,car-alarm,motorvehicle-horn,0.1367504,0.013662739,0.015504622,0.025042038,0.0033089789,0.0027453154,0.7713053,0.03168058
0,0,car-alarm,car-alarm,0.9995127,5.2896908e-06,0.000107368964,6.2024286e-05,2.1964064e-05,3.2649873e-06,0.0002538469,3.3617147e-05
0,0,car-alarm,car-alarm,0.99708265,6.816854e-05,0.0010283357,0.00046237494,0.00017834891,2.9611021e-05,0.0009889835,0.0001616088
1,5,community-radio,mobile-music,5.2230847e-05,0.24144675,0.0011067657,0.0032972037,0.00054864376,0.7524227,0.0005249414,0.0006006814
6,6,motorvehicle-horn,motorvehicle-horn,0.267952,0.0045030173,0.03141082,0.024469739,0.039333478,0.0014310526,0.6201489,0.010750966
3,3,crowd-noise,crowd-noise,0.00011612815,0.0004711639,0.0004143983,0.99711215,0.00017468748,0.0015816148,6.580974e-05,6.3980006e-05
5,5,mobile-music,mobile-music,0.00035727862,0.17128296,0.0012423012,0.009942656,0.0003992836,0.81295264,0.0034103876,0.0004125371
0,0,car-alarm,car-alarm,0.64481366,0.004131938,0.006365566,0.012586401,0.010433521,0.0022027465,0.31201714,0.007449017
2,2,construction-site,construction-site,0.00019365306,0.00061778264,0.9859358,0.0003577464,0.0013170298,0.009106826,0.0020265335,0.00044472187
4,4,generator,generator,2.7290982e-05,7.883356e-05,0.00015553515,5.2200252e-05,0.9992705,5.0401945e-06,0.0003839072,2.6814885e-05
0,0,car-alarm,car-alarm,0.94532573,0.0033688599,0.007324684,0.0034522675,0.00090747105,0.0006863811,0.013811593,0.025122944
7,7,motorvehicle-siren,motorvehicle-siren,0.00025930465,0.0009652666,0.0020040981,0.000392513,6.27716e-05,4.887254e-05,0.0011186887,0.9951485
7,7,motorvehicle-siren,motorvehicle-siren,5.056245e-06,0.000105776046,2.197416e-05,1.42083e-05,1.2194106e-06,7.698799e-07,2.384433e-05,0.9998272
0,0,car-alarm,car-alarm,0.99965584,4.1980243e-06,6.2236475e-05,2.558412e-05,7.021738e-06,5.8938895e-06,0.00022184254,1.740066e-05
6,6,motorvehicle-horn,motorvehicle-horn,0.02599211,0.025858438,0.03423771,0.04175275,0.0050922898,0.0054403036,0.7439826,0.11764374
1,1,community-radio,community-radio,0.0003155956,0.9630549,0.0012525943,0.006864439,0.00042195307,0.026708608,0.00082294556,0.0005590092
6,6,motorvehicle-horn,motorvehicle-horn,0.038742106,0.00093498203,0.0047892705,0.0030145803,0.0019576761,0.00034512946,0.9419375,0.008278775
3,1,crowd-noise,community-radio,0.02563421,0.3895757,0.07282583,0.21229447,0.018066024,0.0060113855,0.19317418,0.08241818
5,5,mobile-music,mobile-music,0.00058143755,0.011759753,0.004160909,0.0056234524,0.00038197814,0.9586473,0.018530915,0.00031430705
5,5,mobile-music,mobile-music,0.008849583,0.07199576,0.069883995,0.122118436,0.004241948,0.68806684,0.026133435,0.008710007
4,4,generator,generator,2.1436825e-05,6.1026727e-05,8.65413e-05,3.235145e-05,0.9994281,3.194152e-06,0.00034908127,1.8305032e-05
5,5,mobile-music,mobile-music,8.9099885e-05,0.0030012194,0.00014957097,0.0009821962,3.719072e-06,0.99529207,0.000447543,3.462907e-05
4,4,generator,generator,0.0012710366,0.00469924,0.0063709454,0.0053082253,0.9645269,0.0008833452,0.015719917,0.0012204844
6,2,motorvehicle-horn,construction-site,0.014775992,0.06305563,0.50442576,0.24422741,0.019792896,0.054848995,0.09139123,0.007482073
7,7,motorvehicle-siren,motorvehicle-siren,0.00012746907,0.0022105053,0.00011124296,0.00029697368,0.0004418598,1.3351798e-05,0.00075874286,0.99603987
4,4,generator,generator,1.5069635e-05,4.4562563e-05,9.233498e-05,2.6648175e-05,0.9995788,2.3320183e-06,0.00022622818,1.4115872e-05
7,7,motorvehicle-siren,motorvehicle-siren,3.4382036e-05,0.00041324052,0.0044137184,0.00024893825,1.628606e-05,6.9689927e-06,6.30944e-05,0.99480337
1,1,community-radio,community-radio,0.005437173,0.8208195,0.015603235,0.079672396,0.011360358,0.030935923,0.027128471,0.009042906
7,7,motorvehicle-siren,motorvehicle-siren,7.278812e-06,0.00026339694,0.0019729221,0.00011839261,4.3096584e-06,1.9429065e-06,2.0120093e-05,0.99761164
2,2,construction-site,construction-site,0.00031338935,0.0015936252,0.99410987,0.0028925347,0.00027411312,0.0003030454,0.00014194759,0.00037137073
5,5,mobile-music,mobile-music,0.00017554977,0.0026975914,0.0005886566,0.0015829313,1.2283624e-05,0.993768,0.001048692,0.0001263378
0,0,car-alarm,car-alarm,0.9991911,5.983659e-06,0.00028394352,5.763818e-05,2.134664e-05,1.3480539e-05,0.0003877402,3.8763923e-05
1,1,community-radio,community-radio,0.002297795,0.8587695,0.003343425,0.026238995,0.011079793,0.031302273,0.04607018,0.020898046
5,5,mobile-music,mobile-music,0.0023020075,0.053800263,0.002228222,0.21950455,0.0001614365,0.71074116,0.010214697,0.0010476266
6,6,motorvehicle-horn,motorvehicle-horn,0.083556615,0.0046536135,0.07986444,0.030452814,0.0022479445,0.01184456,0.77914566,0.008234277
0,6,car-alarm,motorvehicle-horn,0.26597747,0.0054726168,0.0838323,0.01840801,0.049168497,0.0012082754,0.563676,0.012256858
2,2,construction-site,construction-site,0.00019436059,0.055371292,0.91028285,0.019842185,0.005192376,0.005313472,0.0019452831,0.0018580512
2,2,construction-site,construction-site,0.00033693938,0.0017939509,0.9859649,0.0064912373,0.0031459834,0.00032601086,0.0017347246,0.00020628025
3,3,crowd-noise,crowd-noise,0.00015145354,0.0005218382,0.00030065404,0.9978567,0.0002052679,0.0007709493,7.909248e-05,0.00011412998
3,3,crowd-noise,crowd-noise,0.00055078545,0.009513658,0.003323894,0.9536126,0.0011675311,0.029914746,0.0013543908,0.0005623237
6,6,motorvehicle-horn,motorvehicle-horn,0.087669715,0.055368755,0.033400483,0.05511936,0.024533221,0.0010686478,0.66849536,0.07434441
0,6,car-alarm,motorvehicle-horn,0.19927637,0.010149242,0.04063609,0.03258251,0.039850116,0.005581868,0.6411852,0.03073858
5,2,mobile-music,construction-site,0.00089427363,0.010315318,0.9517597,0.02205426,0.004093452,0.0061981156,0.0039126496,0.0007722395
1,1,community-radio,community-radio,0.001245528,0.74262285,0.01770763,0.014141925,0.018830718,0.18998565,0.012797111,0.0026686008
0,0,car-alarm,car-alarm,0.9965892,3.735224e-05,0.0002184345,0.00013412183,7.6064614e-05,1.6546703e-05,0.002498461,0.00042986366
3,3,crowd-noise,crowd-noise,0.00010401304,0.00014406598,0.00023082572,0.99893767,7.836922e-05,0.00043844656,2.9210054e-05,3.7359834e-05
3,3,crowd-noise,crowd-noise,0.00024218523,0.00079194276,0.0009351135,0.99387413,0.00023424756,0.003643854,0.00016511534,0.00011329655
3,3,crowd-noise,crowd-noise,0.00010472268,0.00039498697,0.00025233268,0.998108,0.00015130472,0.0008429789,5.3307762e-05,9.227741e-05
3,3,crowd-noise,crowd-noise,0.0030346934,0.04081678,0.10935167,0.7882988,0.025709135,0.016652318,0.011642303,0.0044943052
6,6,motorvehicle-horn,motorvehicle-horn,0.37374598,0.020412186,0.02521404,0.037182927,0.0073548127,0.049717944,0.47777167,0.008600468
3,3,crowd-noise,crowd-noise,7.522199e-05,0.00019308744,0.00014123764,0.998979,0.000110915265,0.0004423615,2.370164e-05,3.454809e-05
2,2,construction-site,construction-site,0.00031370198,0.00040033978,0.99573475,0.0028332896,0.000100633035,5.6767178e-05,7.76318e-05,0.0004828796
1,1,community-radio,community-radio,0.00096003275,0.8507512,0.0024218813,0.042590044,0.02164673,0.056246575,0.020750228,0.004633345
0,0,car-alarm,car-alarm,0.99935013,4.6237155e-06,0.00013828774,5.5521567e-05,2.518998e-05,3.3198635e-06,0.00038258618,4.0475934e-05
0,0,car-alarm,car-alarm,0.9994766,5.4452307e-06,0.00017020194,4.304877e-05,7.637748e-06,6.912242e-06,0.00018894067,0.0001013063
4,4,generator,generator,0.085364215,0.0040090797,0.0015009072,0.0061865593,0.6908158,0.0008939888,0.20528014,0.0059492295
1,1,community-radio,community-radio,0.00056530733,0.9714859,0.00031566984,0.007965264,0.0043354323,0.008930658,0.004551133,0.0018505554
2,2,construction-site,construction-site,0.0011168305,0.011378458,0.87637764,0.09916211,0.00552629,0.0022135803,0.003159834,0.001065295
3,1,crowd-noise,community-radio,0.0008846516,0.46015495,0.14951111,0.32255664,0.022585928,0.022732072,0.012444455,0.009130181
1,1,community-radio,community-radio,0.0018582941,0.49532685,0.030523842,0.38130093,0.0038545714,0.04540284,0.034234494,0.0074981987
7,7,motorvehicle-siren,motorvehicle-siren,1.0447509e-05,0.000597916,3.8036473e-05,6.263576e-05,3.5872945e-05,2.1634203e-05,0.00010488785,0.9991285
3,3,crowd-noise,crowd-noise,0.00013391158,0.00043292687,0.00040962626,0.99815863,0.0002577293,0.00042117227,6.236609e-05,0.00012362648
3,3,crowd-noise,crowd-noise,0.00013546982,0.0005048308,0.00035966243,0.9980292,0.00027075844,0.0005038588,6.8045585e-05,0.00012821132
2,2,construction-site,construction-site,5.5886427e-05,0.00084021623,0.99342006,0.004903572,0.0004548249,0.00010359638,0.00010658115,0.00011519884
1,1,community-radio,community-radio,0.0011895342,0.6707345,0.0022059577,0.22294977,0.07447314,0.008291151,0.004835934,0.015319926
4,4,generator,generator,0.0015225931,0.008045876,0.040359113,0.006186438,0.9229236,0.0010352902,0.018010443,0.0019166017
6,6,motorvehicle-horn,motorvehicle-horn,0.22407314,0.0019754788,0.008386283,0.010565637,0.0047722054,0.0007048438,0.7386196,0.010902815
2,2,construction-site,construction-site,0.0005338808,0.0011197955,0.9283015,0.00077135273,0.00063878665,0.06254091,0.006007488,8.622736e-05
3,3,crowd-noise,crowd-noise,8.515182e-05,0.00029697418,0.0001421209,0.9987914,0.00010914166,0.00047002797,4.0852276e-05,6.424104e-05
3,3,crowd-noise,crowd-noise,0.00034904486,0.0035648409,0.002753574,0.97600013,0.0005023673,0.016140927,0.00048421297,0.00020483421
3,3,crowd-noise,crowd-noise,6.0524766e-05,0.00036204065,0.00021705677,0.99832934,9.828291e-05,0.00083651644,3.696447e-05,5.9273618e-05
5,5,mobile-music,mobile-music,0.00010086797,0.012097134,0.00062931865,0.0050825765,0.00013052077,0.98126835,0.00058323366,0.00010804765
1,5,community-radio,mobile-music,0.003541434,0.39170033,0.009603068,0.10697026,0.009288048,0.44031596,0.03125887,0.007321972
6,2,motorvehicle-horn,construction-site,0.008999186,0.0463626,0.6064356,0.049598463,0.010505333,0.16812553,0.0906585,0.019314738
5,5,mobile-music,mobile-music,0.0014076636,0.06450274,0.0037462842,0.055811334,0.0019223038,0.86870617,0.0031965198,0.0007070368
7,7,motorvehicle-siren,motorvehicle-siren,3.0180892e-05,0.0012087438,0.00011569032,7.374935e-05,7.4517657e-06,4.5016295e-05,0.00014603582,0.99837315
2,2,construction-site,construction-site,0.0022014712,0.0011254004,0.96040297,0.002435459,0.0022162993,0.02186338,0.009369191,0.0003858332
2,2,construction-site,construction-site,0.0013368605,0.0051194075,0.9240301,0.04844359,0.010463546,0.0036533482,0.0057707946,0.0011823692
0,0,car-alarm,car-alarm,0.4681804,0.006516318,0.00406443,0.023789605,0.024360472,0.0014378241,0.4586946,0.012956285
6,6,motorvehicle-horn,motorvehicle-horn,0.10833459,0.0011321771,0.009855243,0.0060888547,0.004629412,0.0005218052,0.8613174,0.008120494
5,2,mobile-music,construction-site,0.013344827,0.03136746,0.38924485,0.13338242,0.031600777,0.3218821,0.07515062,0.0040269266
4,4,generator,generator,3.750706e-05,0.0001634848,0.00013219065,0.00011683865,0.99908817,7.5023913e-06,0.000369334,8.4967556e-05
3,3,crowd-noise,crowd-noise,0.00019533937,0.00055791816,0.00052734645,0.9975,0.0004680372,0.0004485472,8.513837e-05,0.0002176244
5,5,mobile-music,mobile-music,0.05733119,0.079116404,0.014889022,0.062817834,0.0017644604,0.5716192,0.20893537,0.0035265842
2,2,construction-site,construction-site,7.2006645e-05,0.00079599157,0.9945878,0.0036514015,0.00051988027,0.00013247057,0.00014199254,9.842781e-05
6,6,motorvehicle-horn,motorvehicle-horn,0.052517135,0.021068346,0.22415659,0.14882201,0.023826392,0.008190229,0.5060403,0.015379102
6,6,motorvehicle-horn,motorvehicle-horn,0.111437656,0.004691565,0.101466514,0.019753704,0.017603993,0.0049498393,0.72857493,0.011521816
6,6,motorvehicle-horn,motorvehicle-horn,0.0063344655,0.0036573699,0.0025069658,0.003091665,0.0004368412,0.0020325216,0.89317,0.08877021
7,7,motorvehicle-siren,motorvehicle-siren,1.03235125e-05,0.00011651205,3.7332156e-05,3.0376106e-05,2.0610092e-05,1.3340208e-06,5.2139178e-05,0.99973136
5,2,mobile-music,construction-site,0.0018930306,0.0006249664,0.9629551,0.0027158533,0.0012921023,0.0062216464,0.023001404,0.0012958699
7,7,motorvehicle-siren,motorvehicle-siren,1.7363174e-05,0.00018854892,0.0001735282,3.9548737e-05,1.02879785e-05,1.6889799e-06,3.2630025e-05,0.9995364
1,1,community-radio,community-radio,0.0002012393,0.5090879,0.0009249634,0.033458278,0.002843449,0.44814596,0.004565441,0.00077272503
6,6,motorvehicle-horn,motorvehicle-horn,0.13648209,0.03528983,0.017497724,0.07916578,0.024028571,0.013319738,0.67583406,0.01838217
6,6,motorvehicle-horn,motorvehicle-horn,0.24402988,0.0026273634,0.0101941,0.011580222,0.0029301723,0.0028205109,0.7195157,0.0063020885
6,6,motorvehicle-horn,motorvehicle-horn,0.14724255,0.06137963,0.06761448,0.058843005,0.005992102,0.009045345,0.5654743,0.08440863
1,1,community-radio,community-radio,0.0044913283,0.6848749,0.0064313533,0.03684566,0.009162917,0.22963886,0.024230847,0.004324109
6,6,motorvehicle-horn,motorvehicle-horn,0.015664537,0.00011801708,0.005983884,0.0011449162,0.0010274033,0.00042737473,0.97386813,0.0017658497
1,1,community-radio,community-radio,0.0067538256,0.8487773,0.0029931215,0.057003032,0.0032482808,0.034714956,0.038043834,0.008465526
5,3,mobile-music,crowd-noise,0.002314792,0.0629441,0.37516892,0.4894605,0.0256468,0.031717803,0.008065927,0.004681133
4,4,generator,generator,0.0010224662,0.0006044178,0.0011028149,0.0014563086,0.99038345,7.4042066e-05,0.0047115088,0.000645017
4,4,generator,generator,1.5201396e-05,0.00010572359,0.00017765023,4.8415328e-05,0.9993599,5.4508396e-06,0.0002670969,2.0581107e-05
2,5,construction-site,mobile-music,7.0858994e-05,0.01650213,0.058586363,0.012490407,0.0011596131,0.9013391,0.008580348,0.0012712512
5,5,mobile-music,mobile-music,5.6643352e-05,0.026469707,0.0017193109,0.004383893,0.00032875937,0.966409,0.00059496186,3.765385e-05
4,4,generator,generator,0.013180581,0.02074444,0.36761948,0.07530582,0.38907978,0.0045141205,0.11420505,0.015350696
1,1,community-radio,community-radio,0.00017632956,0.8476506,0.0005810383,0.0021752045,0.0022541736,0.13978818,0.0015996294,0.0057748077
2,2,construction-site,construction-site,0.00023173854,0.0054562665,0.97718906,0.0060325167,0.007966109,0.0005846545,0.0021590295,0.00038062772
1,3,community-radio,crowd-noise,0.01889581,0.28109577,0.15800864,0.32722,0.020303935,0.059487715,0.11815774,0.016830392
1,1,community-radio,community-radio,9.8659766e-05,0.9825696,0.00083623605,0.005755846,0.0031779453,0.005375323,0.0015428406,0.00064366776
1,1,community-radio,community-radio,0.00036341805,0.5810047,0.0014081422,0.17350633,0.0020415573,0.2376585,0.0012663364,0.002751041
6,6,motorvehicle-horn,motorvehicle-horn,0.4504291,0.0015290965,0.0051877215,0.0055883285,0.0041582277,0.00083497376,0.5257881,0.0064843986
2,2,construction-site,construction-site,0.0003863531,0.011405735,0.96291673,0.015459593,0.0052103926,0.0014831488,0.0016725827,0.0014654266
6,6,motorvehicle-horn,motorvehicle-horn,0.09391917,0.0032904714,0.0035949629,0.009563346,0.0021542397,0.0011326367,0.8749698,0.0113754375
1,1,community-radio,community-radio,3.5402467e-05,0.9773817,7.742092e-05,0.0010391515,0.0001370279,0.020770147,0.000304175,0.00025493908
7,7,motorvehicle-siren,motorvehicle-siren,1.2736224e-05,0.00022276511,0.0005829089,0.00016447176,7.3463034e-06,1.2162538e-06,1.0651139e-05,0.99899787
3,6,crowd-noise,motorvehicle-horn,0.07190693,0.04441567,0.23679955,0.1039443,0.13401079,0.009164506,0.35567638,0.044081934
3,3,crowd-noise,crowd-noise,0.00012242676,0.0005271471,0.0007482606,0.9978241,0.00021029742,0.00036012608,7.655151e-05,0.00013116273
1,0,community-radio,car-alarm,0.77179193,0.012858941,0.008355142,0.015854737,0.029257335,0.0039111353,0.1553692,0.0026015579
6,6,motorvehicle-horn,motorvehicle-horn,0.038092297,0.0032720615,0.0024966518,0.0048818267,0.0016318833,0.0003084166,0.48475075,0.464566
0,0,car-alarm,car-alarm,0.9995931,1.14883e-05,5.4627166e-05,0.000101998005,3.57176e-05,4.3903137e-06,0.00017384434,2.4860132e-05
5,5,mobile-music,mobile-music,0.38819426,0.027042603,0.014739422,0.005317594,0.0033741358,0.54166806,0.016701614,0.0029623043
2,6,construction-site,motorvehicle-horn,0.03808819,0.0891553,0.17492391,0.13513888,0.010079804,0.0060946923,0.49511635,0.051402915
6,6,motorvehicle-horn,motorvehicle-horn,0.090840206,0.0018166638,0.0057667526,0.006150701,0.0054293005,0.00041364148,0.8452208,0.044361833
1,1,community-radio,community-radio,8.521472e-05,0.99233353,0.0002977635,0.001543146,0.0017377968,0.0019776127,0.00087572617,0.0011491147
1,3,community-radio,crowd-noise,0.008215017,0.19120944,0.063014634,0.6176892,0.067437306,0.004038778,0.00745596,0.0409397
2,2,construction-site,construction-site,0.00015725914,0.0009598672,0.99366546,0.004108642,0.00028732896,9.1020345e-05,0.0003013069,0.00042908415
1,1,community-radio,community-radio,0.00024169592,0.9868268,0.00018930862,0.0040905094,0.0021327708,0.0033997064,0.00053331367,0.0025858681
5,5,mobile-music,mobile-music,0.00012559436,0.12928553,0.0006436226,0.0019732527,0.000103813414,0.866881,0.00089925714,8.80131e-05
2,2,construction-site,construction-site,0.001605086,0.009815601,0.939577,0.02502301,0.0028940688,0.0111997025,0.0092740385,0.0006115739
5,5,mobile-music,mobile-music,4.9205242e-05,0.0129074035,8.095662e-05,0.0006716576,3.2716078e-05,0.9860519,0.00014839011,5.77675e-05
0,0,car-alarm,car-alarm,0.99970573,5.6489857e-06,7.179559e-05,3.4247365e-05,5.842116e-06,5.915329e-06,0.00012994379,4.081908e-05
3,1,crowd-noise,community-radio,0.0002981887,0.5839814,0.003013583,0.35551253,0.004113817,0.043934923,0.0019988795,0.0071466663
2,4,construction-site,generator,0.009748146,0.036353327,0.21817869,0.04365561,0.59612215,0.010167314,0.07589198,0.009882719
0,0,car-alarm,car-alarm,0.999178,7.447311e-06,0.0002441075,8.79067e-05,4.112818e-05,4.440543e-06,0.00039691993,4.0018014e-05
1,1,community-radio,community-radio,0.00026322663,0.98031723,0.00030500014,0.0050487365,0.00028095092,0.005128269,0.0038675081,0.0047889813
1,1,community-radio,community-radio,0.004641758,0.65425265,0.019090146,0.09270062,0.00640137,0.009075208,0.05007383,0.16376437
4,4,generator,generator,0.004157201,0.008745987,0.0055651464,0.008074076,0.94785494,0.00046154045,0.019784508,0.005356514
7,7,motorvehicle-siren,motorvehicle-siren,3.780548e-05,0.00034240747,0.00033549938,6.268066e-05,7.12621e-06,1.1126827e-05,8.4881045e-05,0.9991185
2,1,construction-site,community-radio,0.024342338,0.446104,0.05384094,0.18595758,0.0241023,0.013428101,0.17608762,0.07613715
1,3,community-radio,crowd-noise,0.04781517,0.13337104,0.10048399,0.4123721,0.01917338,0.030314961,0.2220392,0.034430146
5,1,mobile-music,community-radio,0.0013249272,0.8266214,0.00047649178,0.03052353,0.00014784287,0.13426545,0.0047691194,0.0018711722
1,1,community-radio,community-radio,5.505243e-05,0.9872529,0.00016746859,0.0014443857,0.0002861496,0.010045659,0.00045002843,0.00029837227
1,1,community-radio,community-radio,0.00019100611,0.87162066,0.0026051307,0.0048974245,0.00095933693,0.11214441,0.0062713698,0.0013105694
7,7,motorvehicle-siren,motorvehicle-siren,0.001132866,0.0060879868,0.0022523263,0.03278858,0.0009342572,0.00011370883,0.001558026,0.9551323
4,4,generator,generator,4.04934e-06,1.33869235e-05,1.4207657e-05,1.2606711e-05,0.9998791,3.3653276e-07,7.2464885e-05,3.8658086e-06
2,2,construction-site,construction-site,0.0006410813,0.005767947,0.9230669,0.006039867,0.05177993,0.0015258684,0.01064851,0.0005298695
1,1,community-radio,community-radio,0.000292396,0.9696993,0.0011969473,0.012662089,0.0066619734,0.0069740317,0.0018496349,0.00066357566
5,5,mobile-music,mobile-music,0.0028125974,0.04665193,0.010052156,0.055204812,0.0018503622,0.86700886,0.011194394,0.005224981
6,6,motorvehicle-horn,motorvehicle-horn,0.15107095,0.0007926898,0.0021003278,0.0051120506,0.0019269583,0.00067740504,0.8353344,0.0029851675
7,7,motorvehicle-siren,motorvehicle-siren,4.1764465e-06,0.00012234465,1.8955605e-05,2.3953748e-05,1.7736004e-06,2.5749807e-06,8.4304e-05,0.999742
0,0,car-alarm,car-alarm,0.9997509,2.9970922e-06,4.456582e-05,4.013592e-05,1.0371101e-05,1.850407e-06,0.00013089394,1.8306562e-05
4,4,generator,generator,1.271223e-05,0.00013453561,0.00014413524,4.8378253e-05,0.9993111,6.041739e-06,0.00032756242,1.5513888e-05
3,3,crowd-noise,crowd-noise,0.00082323456,0.011102835,0.00072734524,0.97845936,0.0012855161,0.006112913,0.00031057553,0.00117832
5,5,mobile-music,mobile-music,0.0009632338,0.0034492707,0.010363994,0.002689894,0.00042614707,0.6575708,0.3223743,0.0021623534
4,4,generator,generator,0.20349567,0.0052719153,0.0039877607,0.011488332,0.38734356,0.0017143998,0.37344247,0.013255867
4,4,generator,generator,4.008928e-05,0.000116518415,1.6976486e-05,3.5765293e-05,0.99957806,1.1562984e-06,8.162442e-05,0.00012987664
4,4,generator,generator,0.00019286336,0.0005402028,0.0013850789,0.00039631984,0.9945496,7.582458e-05,0.0026473787,0.00021278513
6,6,motorvehicle-horn,motorvehicle-horn,0.2500491,0.008047353,0.011115808,0.021245657,0.022278588,0.00071543746,0.66811514,0.018432949
4,4,generator,generator,8.6845335e-05,0.0046899905,3.479624e-05,0.0006854371,0.99333185,0.00015801186,0.0004380349,0.00057504815
5,1,mobile-music,community-radio,0.0006785371,0.56549156,0.019257972,0.05167534,0.029782632,0.32431883,0.0067945044,0.002000648
6,6,motorvehicle-horn,motorvehicle-horn,0.13398384,0.0026838162,0.014004416,0.009466342,0.0022801114,0.002095763,0.8168743,0.018611282
2,2,construction-site,construction-site,0.00091539713,0.011598192,0.9327892,0.037703745,0.0057971193,0.0034705824,0.0062586437,0.0014671538
6,1,motorvehicle-horn,community-radio,0.000254234,0.9482762,0.0061357734,0.019770045,0.010475605,0.005050409,0.007849514,0.0021881957
6,6,motorvehicle-horn,motorvehicle-horn,0.21729746,0.028045615,0.011588295,0.038398866,0.02666452,0.002785629,0.6600419,0.015177685
3,3,crowd-noise,crowd-noise,0.0030302317,0.08612033,0.23964316,0.64588064,0.0074005253,0.0037606736,0.013085963,0.0010785053
0,0,car-alarm,car-alarm,0.9996012,8.033779e-06,0.000119033524,5.834359e-05,6.167917e-06,2.9555858e-06,8.058076e-05,0.00012372465
4,1,generator,community-radio,0.009269495,0.60599965,0.013758363,0.143141,0.10222217,0.03533996,0.039024625,0.05124477
3,4,crowd-noise,generator,0.0016093055,0.08069239,0.033892218,0.05946299,0.7909307,0.0030206523,0.025962006,0.0044297324
6,7,motorvehicle-horn,motorvehicle-siren,0.09145578,0.0053554205,0.041145418,0.004410168,0.104711086,0.0028831891,0.1745207,0.5755182
1,1,community-radio,community-radio,9.665317e-06,0.99573934,7.4779324e-05,0.0001960782,0.0002658284,0.0034681954,0.000113418275,0.0001326882
3,3,crowd-noise,crowd-noise,0.0010123169,0.0113095455,0.048739612,0.9294226,0.001717562,0.0034156037,0.001287994,0.0030947058
0,0,car-alarm,car-alarm,0.7051041,0.0014420692,0.067804135,0.055828433,0.06306596,0.0003156986,0.09605049,0.010389169
3,3,crowd-noise,crowd-noise,0.0002044997,0.0010448843,0.0022819904,0.9929957,0.0019373603,0.001271064,0.00010910926,0.00015537828
2,1,construction-site,community-radio,0.00037530242,0.9314977,0.007396101,0.0075526643,0.0012700538,0.04933594,0.0010218628,0.0015504675
1,1,community-radio,community-radio,0.00010696827,0.7024839,0.0017991295,0.002307673,0.00052973087,0.29174358,0.0005252049,0.000503835
5,5,mobile-music,mobile-music,0.00024995618,0.003913578,0.00080280926,0.0026326491,2.1180947e-05,0.9910347,0.0011763211,0.00016889926
4,4,generator,generator,5.958483e-06,3.8609593e-05,5.437659e-05,1.6349313e-05,0.9997696,1.3718543e-06,0.00010538292,8.348803e-06
0,0,car-alarm,car-alarm,0.99652654,0.00027095038,0.0010693447,0.0006964935,3.4328397e-05,0.00057114335,0.0006049495,0.00022620514
0,0,car-alarm,car-alarm,0.9995079,9.553478e-06,0.00016422367,6.783135e-05,8.351004e-06,3.8900125e-06,0.00010655353,0.00013164533
7,7,motorvehicle-siren,motorvehicle-siren,7.90223e-06,0.00011367958,2.0573518e-05,1.8057688e-05,1.9167912e-06,2.0538141e-06,2.4615716e-05,0.9998111
5,5,mobile-music,mobile-music,0.00033349264,0.023523256,0.00048232262,0.006788994,2.9451961e-05,0.9662528,0.002188492,0.0004012216
6,6,motorvehicle-horn,motorvehicle-horn,0.07736695,0.008367361,0.020828202,0.018040419,0.0030651034,0.0029477922,0.8298996,0.039484564
2,2,construction-site,construction-site,0.004025634,0.02957944,0.7492389,0.17319703,0.008608461,0.013628645,0.019487534,0.0022342547
2,4,construction-site,generator,0.002350936,0.21581855,0.14390168,0.13865119,0.43654615,0.014161905,0.041003,0.0075665507
6,6,motorvehicle-horn,motorvehicle-horn,0.1111025,0.002867349,0.0013292745,0.007309975,0.0014743472,0.0010393627,0.8713266,0.0035506904
2,2,construction-site,construction-site,0.00022237003,0.0003576768,0.99134713,0.00045455963,0.0033480437,0.0019991824,0.0022185424,5.2507636e-05
1,1,community-radio,community-radio,0.0003172136,0.97424453,0.0016647835,0.010453533,0.0035388928,0.0033676503,0.0036648035,0.0027485462
6,6,motorvehicle-horn,motorvehicle-horn,0.33656076,0.009103458,0.0098715,0.018943828,0.006104552,0.0010157031,0.59061056,0.027789555
1,1,community-radio,community-radio,0.00058975554,0.95722175,0.0017351875,0.010720651,0.0023457615,0.012030698,0.009288108,0.006068069
2,2,construction-site,construction-site,0.00026912524,0.0009673133,0.9831345,0.012189674,0.0012374244,0.00010908667,0.00010702419,0.001985772
2,2,construction-site,construction-site,0.0016997741,0.04831735,0.8013105,0.10982426,0.0069009983,0.0175631,0.011356634,0.0030274177
0,0,car-alarm,car-alarm,0.9996568,2.5569739e-06,0.00011581444,2.7657543e-05,5.069394e-06,2.3889759e-06,0.000107276355,8.241582e-05
2,2,construction-site,construction-site,8.632168e-05,0.00018487946,0.99804366,0.0006938395,3.673453e-05,2.0361475e-05,2.8668233e-05,0.00090560195
5,5,mobile-music,mobile-music,0.00030463026,0.05251261,0.0005528407,0.021084504,0.00046252643,0.9235672,0.0009276718,0.0005881244
6,6,motorvehicle-horn,motorvehicle-horn,0.08453189,0.14311856,0.07935865,0.06585156,0.21790583,0.011466004,0.36530638,0.032461073
3,3,crowd-noise,crowd-noise,0.00016284702,0.0013772459,0.0015453959,0.99528366,0.00047151107,0.00077934744,0.00021101019,0.00016892087
0,3,car-alarm,crowd-noise,0.08815035,0.39539364,0.0043798042,0.43118364,0.020032177,0.033814594,0.021474168,0.005571686
0,6,car-alarm,motorvehicle-horn,0.17270741,0.002583786,0.0050172806,0.0088833235,0.0057466323,0.0010747345,0.78642654,0.017560339
2,2,construction-site,construction-site,0.052805807,0.0066215605,0.6308313,0.018620335,0.019016363,0.0024648523,0.20783703,0.06180277
4,1,generator,community-radio,0.00090238923,0.7089879,0.010769336,0.05228543,0.18547197,0.017840076,0.020731363,0.0030115463
5,5,mobile-music,mobile-music,2.8260132e-05,0.0029259322,9.8886965e-05,0.00030737242,4.8292222e-06,0.99645066,0.00015905006,2.4971421e-05
2,2,construction-site,construction-site,0.0005271936,0.005601178,0.9579973,0.025107179,0.0058369674,0.0014993389,0.0027387207,0.0006921085
0,0,car-alarm,car-alarm,0.9929454,7.119456e-05,0.0003167755,0.00022902967,0.00019775795,3.239224e-05,0.0055699297,0.0006375054
2,2,construction-site,construction-site,0.0036692256,0.012046679,0.8179801,0.04088957,0.096659854,0.0027201266,0.019137181,0.0068972
5,5,mobile-music,mobile-music,6.4288964e-05,0.0069937813,5.460438e-05,0.00044066424,3.4499249e-06,0.99225944,0.0001536491,3.0160842e-05
1,1,community-radio,community-radio,0.0008742632,0.8782941,0.00037830527,0.00546941,0.002040762,0.10640038,0.0049851364,0.0015576323
3,1,crowd-noise,community-radio,0.00089144055,0.95857227,0.00086373906,0.013568957,0.0016256417,0.01688957,0.00643108,0.0011573095
5,3,mobile-music,crowd-noise,0.005406298,0.076451905,0.029964631,0.43997014,0.005964388,0.41895273,0.020382216,0.0029077088
6,6,motorvehicle-horn,motorvehicle-horn,0.27363783,0.0059366594,0.035024237,0.029874474,0.0073827384,0.0017497453,0.63253206,0.013862233
3,3,crowd-noise,crowd-noise,0.0001589078,0.009054955,0.0007540789,0.9725733,0.00036624662,0.016275566,0.00021885442,0.00059809315
6,3,motorvehicle-horn,crowd-noise,0.3094809,0.0550861,0.061797213,0.32878476,0.017081143,0.03486255,0.16626647,0.026640875
0,6,car-alarm,motorvehicle-horn,0.17913824,0.0096645,0.0162254,0.021879455,0.009904823,0.0017213371,0.70112544,0.060340792
0,0,car-alarm,car-alarm,0.8174549,0.007829311,0.008339935,0.025304528,0.015153192,0.00254031,0.1197843,0.003593607
1,1,community-radio,community-radio,0.00043143288,0.9583445,0.0004980693,0.0066947457,0.0030551453,0.015391213,0.013360855,0.0022239801
0,0,car-alarm,car-alarm,0.99968183,2.208633e-06,6.3733474e-05,3.0471303e-05,8.578629e-06,2.372925e-06,0.00019173077,1.9078787e-05
1,1,community-radio,community-radio,2.938465e-05,0.93899786,0.00042444703,0.002062332,0.0007779493,0.05712838,0.00037066007,0.00020882861
0,0,car-alarm,car-alarm,0.99966407,8.9709965e-06,5.9584254e-05,6.839484e-05,1.5591999e-05,6.018456e-06,0.00014954217,2.7794686e-05
3,3,crowd-noise,crowd-noise,0.0012111681,0.0120055415,0.21911833,0.75261295,0.0070046443,0.0016039618,0.001314945,0.0051285014
3,3,crowd-noise,crowd-noise,0.00015359363,0.00040929136,0.00034490167,0.9980357,0.0002094201,0.0006856691,7.23972e-05,8.8967725e-05
0,0,car-alarm,car-alarm,0.99943453,6.8244835e-06,0.00018295247,6.650536e-05,5.9142203e-06,3.7201653e-06,0.00010352303,0.00019596756
4,4,generator,generator,1.7543554e-05,4.3824e-05,8.686781e-05,2.6129253e-05,0.99955267,2.2357965e-06,0.00025670303,1.410268e-05
4,4,generator,generator,1.6182037e-05,3.8651793e-05,8.340884e-05,2.377127e-05,0.9995832,1.981692e-06,0.00024091869,1.181076e-05
4,4,generator,generator,1.5118624e-05,4.5471792e-05,9.626305e-05,2.8305254e-05,0.9995809,2.1450317e-06,0.00021717807,1.4672099e-05
2,2,construction-site,construction-site,4.6730303e-05,0.0001676283,0.99851745,0.0010056413,7.715996e-05,1.7932776e-05,3.8265527e-05,0.00012919705
0,0,car-alarm,car-alarm,0.9997801,1.9155625e-06,5.073901e-05,2.0226265e-05,5.288664e-06,1.4537185e-06,0.000100279656,4.009991e-05
2,2,construction-site,construction-site,0.015253517,0.014462868,0.8540355,0.014733052,0.013513202,0.0013621006,0.07417395,0.012465887
4,4,generator,generator,7.274522e-05,0.36247307,0.0017086752,0.022042332,0.5291561,0.07794915,0.0010983857,0.005499543
7,2,motorvehicle-siren,construction-site,0.0007184504,0.0134222545,0.86925924,0.011286682,0.008322789,0.08259468,0.012806756,0.0015891602
7,2,motorvehicle-siren,construction-site,0.0011524181,0.0031559234,0.57043266,0.0027483176,0.00013140053,9.9945195e-05,0.00035071032,0.42192864
3,3,crowd-noise,crowd-noise,0.0001618027,0.0035338837,0.001185931,0.9615721,0.000380279,0.03278523,0.0002538067,0.0001269533
3,3,crowd-noise,crowd-noise,0.0010440616,0.09624958,0.20633252,0.6450667,0.003772406,0.037143808,0.006726789,0.003664178
5,5,mobile-music,mobile-music,0.0003743995,0.4234986,7.340085e-05,0.005259014,0.00024142384,0.5688045,0.000852689,0.00089596136
4,4,generator,generator,0.0005239908,0.0011574407,0.00014839334,0.00052442774,0.99636567,2.7568722e-05,0.00081896764,0.00043348572
2,2,construction-site,construction-site,0.0028363403,0.006369797,0.92879754,0.04720441,0.0072369566,0.0031965196,0.002786802,0.0015715503
1,1,community-radio,community-radio,0.00022771509,0.9554374,0.0044293744,0.015650585,0.0034725685,0.009691311,0.010098279,0.0009926737
4,6,generator,motorvehicle-horn,0.030763272,0.011428104,0.055157762,0.017570145,0.3138031,0.0012970447,0.47245258,0.09752802
5,5,mobile-music,mobile-music,0.00024502075,0.061446838,0.00040453146,0.027243411,0.0012830121,0.9080713,0.00045917433,0.00084687036
2,2,construction-site,construction-site,0.00021595921,0.00046272748,0.9958801,0.0018957915,0.00016993594,3.0704898e-05,5.4437696e-05,0.0012901978
5,5,mobile-music,mobile-music,8.545118e-05,0.004953621,0.00039455062,0.0034989687,1.7297596e-05,0.9907257,0.00026447253,5.9944126e-05
3,3,crowd-noise,crowd-noise,0.00015689134,0.0007849802,0.00057027914,0.9971765,0.00033659552,0.0006861452,0.00013457164,0.00015398684
2,2,construction-site,construction-site,0.008044955,0.012730025,0.7892464,0.036644958,0.08572571,0.0045195664,0.056135155,0.0069531687
3,3,crowd-noise,crowd-noise,9.068806e-05,0.00036101387,0.00060136826,0.9981969,0.0001291536,0.0004658142,6.253017e-05,9.257219e-05
2,2,construction-site,construction-site,0.00018106807,0.0011367961,0.9915734,0.0008113906,0.0027616918,0.0022481685,0.0012188369,6.869718e-05
3,2,crowd-noise,construction-site,0.015053754,0.03794056,0.5587457,0.3273179,0.008153332,0.00949155,0.0018203686,0.041476794
6,4,motorvehicle-horn,generator,0.09402813,0.032103866,0.053533264,0.14607735,0.3691619,0.023118488,0.26197287,0.020004079
2,2,construction-site,construction-site,0.0031457613,0.022238819,0.76576704,0.17607,0.0038351445,0.0185391,0.006911224,0.003492986
2,2,construction-site,construction-site,8.095048e-05,8.343877e-05,0.9989857,0.00042714473,2.4666664e-05,8.17776e-06,1.5570458e-05,0.0003743161
2,2,construction-site,construction-site,0.00051675225,0.00016820543,0.9892062,0.00041816296,0.006090557,0.0007056463,0.002782441,0.000112110865
7,7,motorvehicle-siren,motorvehicle-siren,2.1758337e-05,0.00037286122,0.00031716653,0.000117333155,1.3272956e-05,6.4483465e-06,8.328852e-05,0.99906784
0,0,car-alarm,car-alarm,0.99965537,2.56238e-06,7.5257856e-05,2.6584143e-05,9.418467e-06,4.263416e-06,0.00021051108,1.6052507e-05
6,6,motorvehicle-horn,motorvehicle-horn,0.08835145,0.022675537,0.046164203,0.025022984,0.0015863032,0.10988061,0.65772396,0.048594907
2,2,construction-site,construction-site,4.3988362e-05,0.00020857142,0.99838793,0.0010916565,0.00013313405,2.2565318e-05,2.1611839e-05,9.058076e-05
2,2,construction-site,construction-site,0.003096962,0.025482638,0.81237394,0.12998012,0.008730249,0.010021534,0.005845235,0.00446938
4,4,generator,generator,0.0022268111,0.01711517,0.187142,0.02485082,0.54411936,0.17356196,0.028228594,0.022755316
3,3,crowd-noise,crowd-noise,7.482274e-05,0.00038821634,0.00020985898,0.99787784,0.0001180414,0.001222454,4.921279e-05,5.9540616e-05
0,6,car-alarm,motorvehicle-horn,0.16385956,0.08815418,0.0728491,0.068905875,0.09048632,0.0040634996,0.44711757,0.064563885
5,5,mobile-music,mobile-music,0.0013321876,0.010385334,0.00655867,0.0078336485,0.0010659142,0.92757744,0.044832688,0.00041418304
6,6,motorvehicle-horn,motorvehicle-horn,0.10281615,0.020916445,0.027773924,0.048313163,0.008132177,0.005189165,0.77230936,0.0145495385
6,6,motorvehicle-horn,motorvehicle-horn,0.22771925,0.0011352022,0.0036975285,0.0039531467,0.0035116067,0.00038985643,0.7484751,0.011118406
6,6,motorvehicle-horn,motorvehicle-horn,0.3092137,0.0019276307,0.020118367,0.011618379,0.03571631,0.000612518,0.61371964,0.007073466
5,5,mobile-music,mobile-music,0.00029502562,0.01046213,0.0013607738,0.0028495842,6.298715e-05,0.9808117,0.0038499406,0.00030772455
1,1,community-radio,community-radio,0.000423157,0.8796641,0.0038141634,0.0072970996,0.0030861183,0.04851422,0.045753226,0.011447883
1,1,community-radio,community-radio,0.0025008214,0.43978986,0.004258181,0.25897908,0.009980821,0.26346573,0.013368047,0.007657412
3,3,crowd-noise,crowd-noise,0.0017829522,0.005459157,0.035530392,0.93211734,0.0024399569,0.02056164,0.0009904464,0.0011180859
1,1,community-radio,community-radio,0.003650397,0.5225969,0.0034447638,0.2134195,0.0078077028,0.20961323,0.032709405,0.0067581413
3,3,crowd-noise,crowd-noise,0.0013163771,0.005397151,0.011620262,0.96844393,0.004905111,0.0054058647,0.0014713735,0.0014399522
4,4,generator,generator,0.0009081951,0.01570269,0.008849234,0.014139116,0.9403339,0.0013607715,0.017727584,0.0009784776
1,1,community-radio,community-radio,0.026673727,0.35697883,0.01420435,0.08993181,0.033144694,0.23175025,0.21757196,0.029744385
2,2,construction-site,construction-site,0.00041957895,0.0038128868,0.9765953,0.01352711,0.0024646344,0.0007854501,0.001890445,0.00050461746
2,2,construction-site,construction-site,0.00010320692,0.00304079,0.98974484,0.0030640387,0.001698518,0.0013533167,0.0009070329,8.814472e-05
6,6,motorvehicle-horn,motorvehicle-horn,0.26192617,0.003655956,0.0021171796,0.010452845,0.0051614163,0.0006459521,0.7069256,0.009114925
4,4,generator,generator,0.0025000502,0.14775103,0.04578848,0.031478122,0.70376277,0.01778776,0.0372477,0.013684089
6,6,motorvehicle-horn,motorvehicle-horn,0.008836821,0.04280552,0.027194439,0.02498686,0.21221256,0.016369753,0.615311,0.052282978
2,6,construction-site,motorvehicle-horn,0.06828981,0.07144531,0.061630923,0.22269464,0.021963758,0.05668864,0.4862386,0.011048343
4,4,generator,generator,6.357522e-06,3.492412e-05,4.3798686e-05,1.4492959e-05,0.9997826,1.1991282e-06,0.00010909027,7.59128e-06
3,3,crowd-noise,crowd-noise,9.467893e-05,0.00027216127,0.00032401332,0.9986326,0.00014641268,0.00041060356,4.4540808e-05,7.49921e-05
4,4,generator,generator,1.7760549e-05,6.32104e-05,0.00013895331,4.348736e-05,0.9994708,3.3901383e-06,0.00024352786,1.8992094e-05
3,3,crowd-noise,crowd-noise,0.00011520251,0.0004529402,0.00053534715,0.99798214,0.00015670677,0.0005614187,7.335137e-05,0.00012288449
6,6,motorvehicle-horn,motorvehicle-horn,0.19127183,0.015742328,0.010943594,0.025294723,0.012548788,0.0011254804,0.71724033,0.025832905
2,2,construction-site,construction-site,0.0018326779,0.025667509,0.8208387,0.07695363,0.051456794,0.00390396,0.010287487,0.009059154
1,5,community-radio,mobile-music,0.00037322994,0.12015869,0.0003048888,0.15034112,0.001069717,0.72564006,0.0004063027,0.0017059991
3,3,crowd-noise,crowd-noise,0.0001111042,0.0014792308,0.00015890783,0.9965455,0.00016697274,0.0011422883,8.1734404e-05,0.00031439663
6,6,motorvehicle-horn,motorvehicle-horn,0.17313944,0.0017600845,0.0022127088,0.006414695,0.0018723339,0.0005604682,0.80576754,0.00827273
3,3,crowd-noise,crowd-noise,0.0007613058,0.019474773,0.031193512,0.9385013,0.0026245508,0.004418937,0.0005905653,0.002435088
5,5,mobile-music,mobile-music,7.2207185e-06,0.0011370429,2.2714901e-05,8.873369e-05,6.5023664e-07,0.9986469,8.4821484e-05,1.19637825e-05
7,6,motorvehicle-siren,motorvehicle-horn,0.09742513,0.0053702444,0.015325346,0.011662288,0.0015429406,0.00077096804,0.537128,0.33077514
0,0,car-alarm,car-alarm,0.99914646,2.3819397e-05,0.00023305984,0.00015745696,4.0001523e-05,2.4041132e-05,0.00028243955,9.274655e-05
2,3,construction-site,crowd-noise,0.0007418569,0.024964172,0.3189254,0.6403644,0.0015467777,0.009231911,0.0015858522,0.002639617
0,6,car-alarm,motorvehicle-horn,0.13484435,0.007896926,0.01643501,0.022748092,0.025969984,0.0032681224,0.74440706,0.04443041
2,2,construction-site,construction-site,0.00029095294,0.004755603,0.95524675,0.004314206,0.030409522,0.00052713294,0.0037712,0.0006846886
0,0,car-alarm,car-alarm,0.99970776,4.7815574e-06,6.902486e-05,4.0922765e-05,5.605411e-06,4.456587e-06,0.00012656569,4.0891788e-05
5,5,mobile-music,mobile-music,0.00011872281,0.0066006803,0.00047631073,0.0006564925,1.235328e-05,0.9912732,0.00072420074,0.00013801528
3,3,crowd-noise,crowd-noise,7.527233e-05,0.00023387423,0.00027186656,0.9986545,0.00010101911,0.00058898557,3.3526903e-05,4.0988954e-05
0,0,car-alarm,car-alarm,0.694777,0.00817472,0.008145705,0.02292597,0.0040969043,0.0030413002,0.2493798,0.009458596
1,1,community-radio,community-radio,0.001186386,0.59611934,0.03918949,0.2819959,0.01114363,0.050677605,0.013011456,0.0066762324
7,7,motorvehicle-siren,motorvehicle-siren,7.636969e-06,0.00012299928,0.00014210127,3.964296e-05,2.904065e-06,1.614282e-06,2.621142e-05,0.9996568
5,5,mobile-music,mobile-music,0.0038974937,0.010351602,0.026222842,0.019075934,0.002050146,0.8515223,0.08630353,0.0005760872
7,7,motorvehicle-siren,motorvehicle-siren,2.8333076e-05,0.0002027663,0.00053134246,0.00028827452,2.0471778e-05,1.7958531e-06,2.7296835e-05,0.9988997
3,3,crowd-noise,crowd-noise,4.6750378e-05,0.00021957912,0.00031805632,0.9988463,0.000105115054,0.00040676992,2.6295886e-05,3.117325e-05
1,1,community-radio,community-radio,1.949051e-05,0.9761888,0.00015195455,0.00092143606,0.0002552708,0.021792298,0.0005123609,0.0001583367
3,3,crowd-noise,crowd-noise,0.00024102404,0.0005875553,0.0004594619,0.9969132,0.00032422968,0.0012463727,0.00010139902,0.00012673851
0,0,car-alarm,car-alarm,0.99971765,2.3432603e-06,7.019043e-05,2.1760368e-05,6.7966266e-06,3.6607262e-06,0.00016321163,1.4405882e-05
2,2,construction-site,construction-site,2.1894559e-05,0.0001232881,0.9987576,0.0009367304,7.0881906e-05,1.30466615e-05,1.2047492e-05,6.459259e-05
4,4,generator,generator,0.001372918,0.0010234108,0.0038941489,0.0008976175,0.98350465,0.00019555872,0.008602328,0.00050939363
3,1,crowd-noise,community-radio,0.0020041573,0.37703705,0.12094246,0.07994663,0.26617613,0.07208157,0.07077029,0.011041652
3,3,crowd-noise,crowd-noise,0.00015666775,0.0013316454,0.0014917499,0.99513936,0.0006860491,0.0007772032,0.00022023874,0.00019698628
6,6,motorvehicle-horn,motorvehicle-horn,0.15277375,0.004860522,0.0034391535,0.0089427335,0.005707703,0.0032126964,0.810891,0.010172486
3,3,crowd-noise,crowd-noise,0.0001384216,0.00040996037,0.00022374667,0.9984256,0.0002481899,0.00037657176,6.0652586e-05,0.00011686521
4,4,generator,generator,0.0005461257,0.00080513774,0.00037970743,0.00067531865,0.9937204,4.9024497e-05,0.0032719395,0.0005523162
5,5,mobile-music,mobile-music,0.0006320136,0.01738142,0.010662024,0.011629622,0.0007522503,0.9509032,0.0069340044,0.0011054779
2,6,construction-site,motorvehicle-horn,0.03475306,0.0145460265,0.032355163,0.019678522,0.022279864,0.007190101,0.8133098,0.055887483
4,4,generator,generator,0.00010561972,0.0040648947,5.7158584e-05,0.00019190065,0.99468404,2.355378e-05,0.0002544747,0.00061835354
0,0,car-alarm,car-alarm,0.99970055,2.4743858e-06,6.727172e-05,2.9920218e-05,8.300166e-06,1.9723402e-06,0.00016464632,2.4866173e-05
1,1,community-radio,community-radio,5.103006e-06,0.9919526,6.938093e-05,0.00012812494,0.00014928765,0.0074983947,5.401367e-05,0.00014310922
1,1,community-radio,community-radio,0.0006389035,0.4964439,0.0013699824,0.018980116,0.46538898,0.005892438,0.004891123,0.0063945707
4,4,generator,generator,2.7347583e-05,1.0517227e-06,8.135512e-05,5.4130273e-06,0.9994387,5.753031e-07,0.0004385692,6.935897e-06
3,3,crowd-noise,crowd-noise,9.0340574e-05,0.0027586487,0.00039886215,0.978226,0.00023041834,0.018014967,0.00013063608,0.00015003848
2,1,construction-site,community-radio,0.0041288836,0.5219309,0.048490383,0.02637346,0.0011165984,0.38884935,0.0044347816,0.0046756472
2,7,construction-site,motorvehicle-siren,4.6445508e-05,0.00033261537,8.0583784e-05,0.00010667944,0.0004746785,3.912381e-06,0.0002814816,0.99867356
4,3,generator,crowd-noise,0.004100789,0.03530712,0.42669153,0.48605144,0.018486388,0.0060623595,0.0019122207,0.02138812
1,1,community-radio,community-radio,0.0005254064,0.9315308,0.00057898584,0.018291531,0.032286953,0.006157662,0.0052874982,0.005341172
3,3,crowd-noise,crowd-noise,9.834409e-05,0.00033061352,0.00022561543,0.9986822,0.00015920663,0.0003873855,4.629246e-05,7.032653e-05
2,2,construction-site,construction-site,0.005613882,0.005336851,0.9494976,0.03010032,0.0031119036,0.0027306597,0.0014878499,0.0021210373
0,0,car-alarm,car-alarm,0.9997197,2.643301e-06,8.8618996e-05,2.2189406e-05,5.893726e-06,5.2799696e-06,0.00013626897,1.9437422e-05
7,7,motorvehicle-siren,motorvehicle-siren,0.15571809,0.041616786,0.011986253,0.039035354,0.0013036507,0.0352956,0.06559939,0.6494449
0,6,car-alarm,motorvehicle-horn,0.17989509,0.0056414064,0.011045833,0.016636612,0.0050302697,0.0014762931,0.7579909,0.022283595
6,6,motorvehicle-horn,motorvehicle-horn,0.29282945,0.002059464,0.010625226,0.012508555,0.01871648,0.0010019512,0.65190125,0.010357607
6,6,motorvehicle-horn,motorvehicle-horn,0.14169146,0.0019312294,0.0061706663,0.0077021457,0.006625492,0.00070368004,0.8203894,0.014785879
7,7,motorvehicle-siren,motorvehicle-siren,3.5013665e-05,0.0005551327,0.003165157,0.00035539133,5.2612544e-05,7.919449e-06,6.254267e-05,0.9957663
6,6,motorvehicle-horn,motorvehicle-horn,0.008815119,0.24825895,0.046886906,0.03211469,0.04549574,0.03550669,0.558791,0.024130914
6,6,motorvehicle-horn,motorvehicle-horn,0.09004398,0.0069958395,0.049687415,0.04266104,0.013620866,0.0062013105,0.7717767,0.019012878
5,1,mobile-music,community-radio,0.0004932857,0.5937816,0.012347913,0.046364952,0.020404164,0.31850457,0.006189293,0.0019142156
6,6,motorvehicle-horn,motorvehicle-horn,0.095190294,0.03453849,0.017987592,0.056544684,0.023512177,0.0046216203,0.7274846,0.04012053
6,6,motorvehicle-horn,motorvehicle-horn,0.019694963,0.0003557472,0.08593866,0.0028921987,0.12690939,0.00042262266,0.7614078,0.0023787085
2,2,construction-site,construction-site,0.00015073152,0.002325088,0.94727445,0.00525095,0.0015368613,5.1939725e-05,0.00021525523,0.043194678
5,5,mobile-music,mobile-music,4.8090584e-05,0.004413063,0.000120430435,9.759807e-05,5.405523e-06,0.9951107,8.834319e-05,0.000116457995
5,5,mobile-music,mobile-music,1.3181031e-05,0.0021689795,4.4180513e-05,0.00011830276,1.9408396e-06,0.99758124,5.188152e-05,2.0251093e-05
0,0,car-alarm,car-alarm,0.682258,0.10915893,0.012858309,0.046396863,0.0039856965,0.048998754,0.09191833,0.004425043
5,5,mobile-music,mobile-music,0.00022018139,0.0042072125,0.00073786604,0.0021333457,2.3244602e-05,0.9912587,0.0012537742,0.00016573533
3,3,crowd-noise,crowd-noise,0.00028370458,0.0012233757,0.0009663934,0.99551517,0.0009759631,0.00057595747,0.0001808634,0.00027851085
0,0,car-alarm,car-alarm,0.77895856,0.002237751,0.0022588922,0.0038052397,0.009902818,0.00061192806,0.19779883,0.0044259853
2,2,construction-site,construction-site,0.0017202275,0.012868371,0.9211426,0.017194629,0.023028707,0.00079334027,0.0073990966,0.015852958
0,0,car-alarm,car-alarm,0.9979001,6.841416e-05,0.00042770559,0.00026868528,8.55789e-05,0.00013134723,0.0010232246,9.490498e-05
2,2,construction-site,construction-site,3.147516e-05,0.00030086742,0.9978643,0.0015309034,0.00011879655,2.9981351e-05,2.6202973e-05,9.759412e-05
2,2,construction-site,construction-site,0.005964494,0.0015021078,0.881227,0.002967309,0.0024443627,0.06914495,0.03644783,0.00030185233
4,4,generator,generator,7.117092e-06,3.6111567e-05,6.199222e-05,1.6301676e-05,0.999749,1.3808644e-06,0.00011972048,8.287715e-06
1,6,community-radio,motorvehicle-horn,0.035802256,0.099379666,0.23282643,0.2367738,0.01742204,0.04833785,0.2957668,0.03369112
2,2,construction-site,construction-site,3.764629e-05,7.880116e-05,0.9993734,0.00024021434,1.8321844e-05,9.685559e-06,1.0027093e-05,0.00023199034
6,6,motorvehicle-horn,motorvehicle-horn,0.104666024,0.07575028,0.030864326,0.102803335,0.04226008,0.0041459766,0.55247915,0.08703084
0,0,car-alarm,car-alarm,0.99967325,3.1262898e-06,5.32944e-05,2.4162508e-05,9.653704e-06,2.7169606e-06,0.00020811979,2.56294e-05
0,6,car-alarm,motorvehicle-horn,0.4605458,0.002100054,0.0053598685,0.007809775,0.005325052,0.0006210916,0.5058903,0.012347952
6,6,motorvehicle-horn,motorvehicle-horn,0.17538847,0.0021145297,0.014272706,0.013241145,0.012420043,0.001260059,0.7704688,0.010834293
6,6,motorvehicle-horn,motorvehicle-horn,0.007430721,0.00041165962,0.0061262255,0.0007695856,0.00034823685,0.0011932448,0.96087533,0.022844931
3,3,crowd-noise,crowd-noise,4.995693e-05,0.0002475361,0.00028859536,0.99869627,0.00013467458,0.0005275236,2.5948648e-05,2.952202e-05
3,3,crowd-noise,crowd-noise,0.005578829,0.32162842,0.04528817,0.43137607,0.054970253,0.053094424,0.067142695,0.020921215
4,3,generator,crowd-noise,0.010375384,0.10519106,0.0785859,0.55587745,0.114729755,0.004396268,0.11637686,0.0144672915
0,0,car-alarm,car-alarm,0.9997247,3.7930483e-06,3.480655e-05,2.9892451e-05,9.682471e-06,3.4622435e-06,0.00017657677,1.7067814e-05
3,3,crowd-noise,crowd-noise,0.00043214948,0.004294687,0.001536702,0.991211,0.00037652778,0.0009665143,0.00024287321,0.00093958044
3,3,crowd-noise,crowd-noise,0.0012139436,0.046290275,0.033113115,0.82217324,0.0063660103,0.081125155,0.0075887614,0.0021295177
5,5,mobile-music,mobile-music,0.0012269082,0.14241512,0.0012216272,0.007905428,0.00033404824,0.8455468,0.00091043126,0.0004396143
6,6,motorvehicle-horn,motorvehicle-horn,0.1646445,0.060605735,0.064378776,0.031151744,0.0125789065,0.008901509,0.48182964,0.17590916
3,3,crowd-noise,crowd-noise,8.254863e-05,0.00025902587,0.00020737015,0.9988538,0.00011233777,0.00039358958,3.8521983e-05,5.274976e-05
0,0,car-alarm,car-alarm,0.9997595,2.9201274e-06,5.855608e-05,2.6359337e-05,5.024937e-06,2.334986e-06,9.759957e-05,4.7705467e-05
2,2,construction-site,construction-site,0.000105666746,0.013885878,0.97309506,0.0034214826,0.0050493064,0.0024918276,0.0011720412,0.0007786731
0,0,car-alarm,car-alarm,0.99955577,2.9075707e-06,0.00010916751,3.9226346e-05,1.4612984e-05,2.0176851e-06,0.00024708893,2.9099965e-05
3,2,crowd-noise,construction-site,0.0046388353,0.08485629,0.5685569,0.22629695,0.007844633,0.08203478,0.021279516,0.0044921166
4,1,generator,community-radio,0.006775173,0.59165925,0.025484996,0.01993906,0.0013410161,0.31270394,0.03228024,0.009816325
5,5,mobile-music,mobile-music,1.698753e-05,0.0009935688,5.1925254e-05,0.00018189545,7.0373017e-07,0.99866116,8.239359e-05,1.1370601e-05
3,3,crowd-noise,crowd-noise,0.00011161849,0.0003780056,0.00045641148,0.9981877,0.00024086979,0.000463847,5.9223796e-05,0.000102257065
5,5,mobile-music,mobile-music,3.153859e-05,0.02253208,0.0002644101,0.0006474657,2.1368956e-05,0.97621596,0.00023968381,4.7565347e-05
6,6,motorvehicle-horn,motorvehicle-horn,0.025185343,0.0013434337,0.0017205735,0.006041625,0.004876214,0.0014098709,0.9577636,0.0016593828
4,4,generator,generator,3.266603e-05,5.199726e-05,0.00013472165,3.36675e-05,0.9992834,2.7443793e-06,0.00043919432,2.1647567e-05
3,3,crowd-noise,crowd-noise,0.00015979359,0.0006183515,0.00079098105,0.9971679,0.0003833125,0.0005870537,0.000101878715,0.00019077044
3,1,crowd-noise,community-radio,0.0034583325,0.43276104,0.05585332,0.21632518,0.10873962,0.030519623,0.016515331,0.13582757
5,5,mobile-music,mobile-music,0.0002153808,0.01635556,0.0006938435,0.0039145467,9.547043e-05,0.9760685,0.0023105356,0.00034619152
0,6,car-alarm,motorvehicle-horn,0.256228,0.00079666806,0.0062069753,0.005164428,0.014619197,0.0002395748,0.7032942,0.013450948
5,3,mobile-music,crowd-noise,0.012447016,0.12193169,0.002595052,0.7753511,0.0054248325,0.043340806,0.031843513,0.0070660273
2,2,construction-site,construction-site,0.00085935,0.010483063,0.9655393,0.015779005,0.0020383555,0.0027874277,0.00097451103,0.0015390064
4,4,generator,generator,0.0025540774,0.008686107,0.0047902064,0.005224663,0.94737655,0.0009121041,0.028887043,0.0015693686
7,7,motorvehicle-siren,motorvehicle-siren,1.7134616e-06,5.280444e-05,6.279826e-05,2.3427136e-05,1.0989584e-06,3.0280296e-07,4.7936164e-06,0.9998529
4,4,generator,generator,4.000016e-05,0.00036599528,1.7951214e-05,7.631591e-05,0.99918383,2.7526744e-06,0.00011449515,0.00019862103
6,6,motorvehicle-horn,motorvehicle-horn,0.24131508,0.011613234,0.016787661,0.034903508,0.006694625,0.003394867,0.66110265,0.02418828
6,6,motorvehicle-horn,motorvehicle-horn,0.021745881,0.0029362119,0.009841167,0.016400427,0.0062353276,0.006419327,0.9332882,0.0031334872
7,7,motorvehicle-siren,motorvehicle-siren,0.0016534205,0.0054908786,0.0006398754,0.0013368207,5.2689335e-05,0.00034594655,0.0024882734,0.9879921
7,7,motorvehicle-siren,motorvehicle-siren,8.365466e-05,0.000339283,0.00028908777,0.0001886811,4.980065e-05,6.2702356e-06,0.00021398484,0.9988292
0,0,car-alarm,car-alarm,0.47900695,0.002864628,0.0025346268,0.0095647285,0.018267706,0.00023893971,0.47815895,0.009363517
6,6,motorvehicle-horn,motorvehicle-horn,0.046334647,0.2924285,0.033461783,0.10145149,0.015812425,0.017033152,0.44869107,0.04478698
0,0,car-alarm,car-alarm,0.9991535,1.2693569e-05,5.5557615e-05,3.1459283e-05,1.2075623e-05,1.6662992e-05,0.0006408696,7.7217206e-05
4,4,generator,generator,1.3746535e-05,8.41261e-05,0.00015005025,4.0808292e-05,0.9994178,4.4170024e-06,0.0002740412,1.5030724e-05
1,1,community-radio,community-radio,0.005846542,0.83985436,0.0184667,0.06740378,0.0035590902,0.035154544,0.019892892,0.009822076
0,6,car-alarm,motorvehicle-horn,0.2146171,0.12309875,0.009029993,0.061753638,0.008200041,0.008232373,0.39583835,0.17922975
0,0,car-alarm,car-alarm,0.998914,2.2518869e-05,7.2373194e-05,0.0001651679,0.00014286037,7.735688e-06,0.00061998813,5.538302e-05
4,4,generator,generator,0.00026590217,9.759504e-06,3.7345417e-05,3.516762e-05,0.9980913,5.242027e-06,0.0014446864,0.000110607245
5,5,mobile-music,mobile-music,7.953987e-05,0.007898071,0.00015359881,0.0023811234,3.1227493e-05,0.989097,0.00028053732,7.890733e-05
2,2,construction-site,construction-site,0.009557228,0.042240936,0.5534041,0.090181895,0.19255942,0.0016082982,0.04481407,0.06563413
2,2,construction-site,construction-site,0.00012252279,0.00040164273,0.99488246,0.0030676099,0.0002866421,4.5296358e-05,0.00011109431,0.0010827224
5,5,mobile-music,mobile-music,0.0018352651,0.35411963,0.0040582307,0.06316339,0.00087962684,0.56931156,0.0036199584,0.0030123556
3,3,crowd-noise,crowd-noise,0.00019661599,0.0004085097,0.0003067871,0.9980876,0.00029577798,0.0004835226,7.223874e-05,0.00014892408
0,0,car-alarm,car-alarm,0.99970835,3.537513e-06,6.715316e-05,2.786328e-05,6.0499488e-06,4.665738e-06,0.0001645462,1.7745026e-05
6,6,motorvehicle-horn,motorvehicle-horn,0.18281971,0.0023766938,0.024300378,0.012795003,0.015970906,0.0011586831,0.75021833,0.010360345
6,6,motorvehicle-horn,motorvehicle-horn,0.1546461,0.02127638,0.00994816,0.026785133,0.0034497592,0.0013699378,0.7507922,0.031732287
6,6,motorvehicle-horn,motorvehicle-horn,0.10608646,0.0034037717,0.004202283,0.009354871,0.0020936439,0.0018030832,0.86259353,0.01046235
4,5,generator,mobile-music,0.009118932,0.15183963,0.012911362,0.13707715,0.013289515,0.6529347,0.0140153775,0.008813327
0,0,car-alarm,car-alarm,0.99955064,2.955363e-06,0.000104366394,3.921713e-05,1.5691063e-05,2.3586895e-06,0.00024653715,3.821303e-05
3,3,crowd-noise,crowd-noise,7.462378e-05,0.00046712154,0.0004885192,0.9966852,0.00015873773,0.0020330942,5.0593182e-05,4.200683e-05
2,2,construction-site,construction-site,0.0001229714,0.015315727,0.94132537,0.0069270344,0.030437622,0.0031683394,0.0018123051,0.00089069875
1,1,community-radio,community-radio,0.00017536074,0.9863658,0.00011041295,0.0030758404,0.0044240886,0.002911615,0.000598111,0.0023388057
1,1,community-radio,community-radio,8.349461e-06,0.9906295,5.0975774e-05,0.00017170035,0.0003428094,0.008527422,0.00012188274,0.00014734991
4,4,generator,generator,1.6994163e-05,3.688974e-05,0.0005373213,5.3409654e-05,0.99922276,2.267564e-06,7.2434996e-05,5.784331e-05
4,4,generator,generator,4.0079693e-05,4.004924e-05,0.00027673854,6.5010856e-05,0.9988483,1.4223267e-05,0.00051203324,0.00020349857
0,6,car-alarm,motorvehicle-horn,0.32171598,0.0016425515,0.0018305368,0.0054608784,0.00517546,0.00029575246,0.65553415,0.008344628
2,3,construction-site,crowd-noise,0.011701761,0.04541731,0.23731458,0.37048545,0.25825363,0.0057164654,0.05118716,0.019923646
3,2,crowd-noise,construction-site,0.0011501517,0.14386584,0.5337984,0.28725493,0.005638109,0.019672861,0.0034130444,0.0052066767
3,3,crowd-noise,crowd-noise,0.00021702399,0.33491692,0.09602422,0.47567216,0.02259547,0.06304959,0.0048435684,0.0026810032
2,2,construction-site,construction-site,4.8965045e-05,0.00041322393,0.9948854,0.0038477203,0.0004349923,4.2747757e-05,2.9101466e-05,0.00029780666
2,2,construction-site,construction-site,0.000100356716,0.122807615,0.7685245,0.014916123,0.09078569,0.0017487566,0.0007163535,0.00040055154
5,1,mobile-music,community-radio,3.920218e-05,0.78632796,0.00082957593,0.0021822923,0.00046195844,0.20930122,0.0007001029,0.00015763774
4,4,generator,generator,3.221676e-05,9.1836635e-05,0.0002266742,5.3106687e-05,0.9990845,6.2633744e-06,0.0004777642,2.7621101e-05
7,7,motorvehicle-siren,motorvehicle-siren,0.00017965064,0.002767323,0.114203565,0.0029357413,0.0001703468,0.0001267577,0.00037998252,0.87923664
2,2,construction-site,construction-site,0.0003382784,0.0027534883,0.98849505,0.002649557,0.002117488,0.0018906111,0.0015300052,0.00022561132
3,3,crowd-noise,crowd-noise,0.00011326892,0.00047563075,0.0003518805,0.99819356,0.00024921764,0.00044798813,6.7286295e-05,0.00010120125
4,4,generator,generator,8.17497e-06,2.2054475e-05,4.9901562e-05,1.3630066e-05,0.99978,8.8991226e-07,0.000117894335,7.3691203e-06
1,1,community-radio,community-radio,0.0015627188,0.74343413,0.021599205,0.08017511,0.022606423,0.11097824,0.01729484,0.0023493776
3,3,crowd-noise,crowd-noise,4.392086e-05,0.00019796504,0.00027338095,0.99902475,0.00014002043,0.00025869766,1.9968718e-05,4.115157e-05
1,1,community-radio,community-radio,0.0006015344,0.9633049,0.0007784036,0.009134166,0.0007532289,0.022398256,0.0021747064,0.0008549062
1,3,community-radio,crowd-noise,0.003170117,0.07021814,0.032287177,0.8610084,0.012837897,0.0040670303,0.0069245156,0.009486777
1,1,community-radio,community-radio,0.00012440751,0.97727305,0.00049533555,0.0031602029,0.00041652523,0.01760969,0.00062536006,0.00029545583
4,4,generator,generator,1.091853e-05,2.1566697e-05,5.1479736e-05,1.4620143e-05,0.9997327,9.969343e-07,0.00015976564,7.871241e-06
3,3,crowd-noise,crowd-noise,0.00023285173,0.0012627769,0.0011094462,0.9953785,0.0010293808,0.0005376984,0.00019529306,0.0002540828
1,3,community-radio,crowd-noise,0.001174916,0.23699558,0.086151846,0.5955057,0.007873077,0.05343659,0.0073984065,0.011463886
6,6,motorvehicle-horn,motorvehicle-horn,0.015921636,0.0024855386,0.013060157,0.004791184,0.00023006283,0.0018487398,0.5922143,0.3694483
0,6,car-alarm,motorvehicle-horn,0.10419848,0.00089292804,0.0055838935,0.0037855424,0.0062042703,0.0003397535,0.8584901,0.02050502
7,7,motorvehicle-siren,motorvehicle-siren,0.0044592605,0.0006120605,0.0042697834,0.0013170855,0.017449956,2.5910771e-05,0.009912734,0.9619532
4,4,generator,generator,7.582622e-06,2.7225307e-05,4.8045054e-05,1.4448362e-05,0.99977154,1.0978026e-06,0.00012187895,8.174028e-06
5,5,mobile-music,mobile-music,7.129498e-05,0.0059882915,0.00072066445,0.0007083869,1.5024936e-05,0.99176896,0.0006792159,4.8164977e-05
6,6,motorvehicle-horn,motorvehicle-horn,0.137528,0.009986283,0.0014108855,0.011021518,0.0678948,0.00017504455,0.76909626,0.002887189
7,7,motorvehicle-siren,motorvehicle-siren,0.0017641325,0.029331215,0.0012520427,0.001888953,7.454633e-05,0.006096225,0.0011428248,0.9584501
7,7,motorvehicle-siren,motorvehicle-siren,1.5893476e-05,3.36157e-05,9.095227e-06,1.3558056e-05,8.857026e-06,3.9521697e-07,2.0875668e-05,0.9998977
4,4,generator,generator,0.000112343856,0.00016174151,4.501679e-05,3.649637e-05,0.9993062,2.533169e-06,0.00021119611,0.00012446521
2,2,construction-site,construction-site,0.00038001602,0.01658136,0.96077925,0.0053917705,0.0009418129,0.013284965,0.002237342,0.000403466
3,2,crowd-noise,construction-site,0.007832339,0.04790763,0.54115784,0.3184473,0.025101716,0.019930802,0.032471266,0.0071511725
7,7,motorvehicle-siren,motorvehicle-siren,1.4286238e-06,4.898855e-05,1.6144328e-05,1.3688074e-05,5.905519e-07,7.550515e-07,6.5791137e-06,0.9999118
5,5,mobile-music,mobile-music,1.0171467e-05,0.0016839164,2.949849e-05,0.00011020956,9.520948e-07,0.9981067,4.4946766e-05,1.3500705e-05
5,2,mobile-music,construction-site,0.011803313,0.0447645,0.69499224,0.18881923,0.0040310174,0.043005683,0.008344004,0.004239961
4,4,generator,generator,4.8253223e-05,0.00011694772,2.3825807e-05,7.030598e-05,0.99940205,3.5793541e-06,0.00022169,0.00011329892
6,5,motorvehicle-horn,mobile-music,0.0078062043,0.39949325,0.01251104,0.047944706,0.009387629,0.4582904,0.056209736,0.008357063
5,5,mobile-music,mobile-music,0.0009075826,0.021730606,0.0021665758,0.010500963,0.00019233002,0.96092916,0.0031297416,0.00044305314
4,4,generator,generator,6.195486e-06,2.4832432e-05,5.0932682e-05,1.0472012e-05,0.99977225,9.268548e-07,0.00012884488,5.6217264e-06
1,1,community-radio,community-radio,5.692973e-06,0.9968719,9.3218485e-05,0.00015839632,0.000515955,0.0019734176,0.00010297928,0.0002784482
0,0,car-alarm,car-alarm,0.9995436,9.631056e-06,7.062832e-05,5.1241528e-05,2.9488236e-05,4.511682e-06,0.00026469096,2.6246222e-05
4,4,generator,generator,0.00023108594,0.0013486415,0.00011879267,0.00033792603,0.9960443,1.518959e-05,0.00050498534,0.001399216
2,2,construction-site,construction-site,0.0005987977,0.029313555,0.8171246,0.13771744,0.002496885,0.009886851,0.001652438,0.0012093761
1,3,community-radio,crowd-noise,0.0019792486,0.10424381,0.028303983,0.67520124,0.0035974311,0.17059624,0.007844013,0.008234032
0,0,car-alarm,car-alarm,0.9995639,9.652391e-06,0.00014921378,5.786488e-05,2.3526383e-05,4.449733e-06,0.00015899638,3.2461547e-05
2,2,construction-site,construction-site,0.009782973,0.0013228569,0.92866296,0.0057921745,0.007453894,0.00864901,0.03376504,0.0045710807
4,4,generator,generator,1.4002817e-05,8.645611e-05,0.00022464544,4.3437056e-05,0.99931014,4.481664e-06,0.00030453774,1.2288564e-05
6,6,motorvehicle-horn,motorvehicle-horn,0.1409876,0.0031177653,0.025853101,0.014915444,0.009480497,0.0011285188,0.7815721,0.022945013
7,7,motorvehicle-siren,motorvehicle-siren,2.469857e-05,0.0003310897,2.89658e-05,3.830471e-05,2.278695e-06,3.6496463e-06,8.845538e-05,0.99948263
0,6,car-alarm,motorvehicle-horn,0.109214716,0.0054643205,0.0063077696,0.0121895075,0.0021302532,0.0012711519,0.83980244,0.023619823
7,7,motorvehicle-siren,motorvehicle-siren,0.001212782,0.008549825,0.18840352,0.02401825,0.0020772032,0.00022072713,0.00065761735,0.77486
6,6,motorvehicle-horn,motorvehicle-horn,0.38189766,0.0018337634,0.0046376167,0.008693517,0.005102639,0.0005714605,0.58831865,0.008944625
4,4,generator,generator,0.027976561,0.009221048,0.046648737,0.031636257,0.5700912,0.0010093318,0.1713943,0.14202255
3,3,crowd-noise,crowd-noise,0.0001227974,0.0025308798,0.00031862766,0.9935129,0.0006159203,0.0025481367,0.00017237953,0.00017837361
6,6,motorvehicle-horn,motorvehicle-horn,0.124286465,0.01780364,0.016558738,0.0453508,0.012689773,0.006403508,0.75072795,0.026179066
0,0,car-alarm,car-alarm,0.99939823,1.4806468e-05,0.0001637042,0.00012268376,1.588319e-05,1.2613922e-05,0.00020953469,6.254217e-05
2,2,construction-site,construction-site,0.0046523716,0.00025330833,0.98062253,0.0048425314,0.0004391638,2.588789e-05,0.00032515262,0.008839147
2,2,construction-site,construction-site,4.3924632e-05,0.00012519672,0.9988181,0.00073228637,3.1264724e-05,1.2113825e-05,9.685128e-06,0.00022749614
0,0,car-alarm,car-alarm,0.9997763,2.1179737e-06,5.3842607e-05,2.240704e-05,5.7375287e-06,1.7128827e-06,0.00010086866,3.7000573e-05
6,0,motorvehicle-horn,car-alarm,0.44674453,0.007256612,0.01721102,0.041313387,0.122964606,0.0011274456,0.34461364,0.01876885
4,1,generator,community-radio,0.00055363565,0.34218317,0.09010733,0.3144436,0.11506078,0.12537158,0.0073840595,0.0048959157
5,5,mobile-music,mobile-music,4.6564095e-05,0.0017571613,0.00016486693,0.0005692491,2.4227534e-06,0.99720484,0.00020454425,5.0304734e-05
1,3,community-radio,crowd-noise,0.00219425,0.18313135,0.0048098257,0.7654866,0.0035089336,0.031797532,0.0019326257,0.0071388287
5,5,mobile-music,mobile-music,0.00082473725,0.02653607,0.02732779,0.01978874,0.00052823214,0.91927904,0.0041639456,0.0015513796
1,1,community-radio,community-radio,0.0032867491,0.87340593,0.0014890496,0.060998447,0.009572026,0.04023102,0.005846794,0.005169988
7,6,motorvehicle-siren,motorvehicle-horn,0.23615347,0.009721096,0.028817207,0.018874623,0.03781484,0.002215614,0.62672997,0.039673287
1,1,community-radio,community-radio,0.005611934,0.81541336,0.0014160762,0.049965043,0.0633141,0.012758622,0.020840714,0.03068017
6,6,motorvehicle-horn,motorvehicle-horn,0.32121179,0.001180523,0.005605457,0.0068721655,0.008100124,0.00055242865,0.64852524,0.007952246
2,2,construction-site,construction-site,0.0007461325,0.025625423,0.9360995,0.021555636,0.0009567246,0.008753015,0.0053694136,0.0008939939
1,1,community-radio,community-radio,0.0018089907,0.8748184,0.0014231786,0.043651022,0.021383679,0.032492418,0.01967873,0.0047436347
3,3,crowd-noise,crowd-noise,0.019325797,0.010456713,0.021979913,0.91125214,0.021666314,0.0028408517,0.0015116815,0.010966559
6,1,motorvehicle-horn,community-radio,0.013248839,0.5176407,0.017839253,0.09902058,0.10610168,0.023015207,0.20831469,0.014819026
3,3,crowd-noise,crowd-noise,0.0013290163,0.007972965,0.012867523,0.9671691,0.004449525,0.0017047356,0.00096902705,0.0035380304
0,6,car-alarm,motorvehicle-horn,0.1506231,0.0008961121,0.0041465014,0.0042007943,0.002738068,0.00041607762,0.825159,0.01182033
0,0,car-alarm,car-alarm,0.9997168,2.6913078e-06,4.864542e-05,2.2722632e-05,6.480509e-06,3.1893849e-06,0.00018312094,1.6266955e-05
3,3,crowd-noise,crowd-noise,9.821548e-05,0.012929071,0.0015111485,0.97582304,0.00039541756,0.0063136527,0.00018501235,0.0027444763
4,4,generator,generator,0.01240946,0.00021632554,0.061831616,0.0016920868,0.88491255,0.00015114622,0.031563103,0.0072236443
6,6,motorvehicle-horn,motorvehicle-horn,0.018188126,0.00011614734,0.00074811606,0.0013136307,0.0010321893,0.00016430559,0.97811663,0.0003208742
6,6,motorvehicle-horn,motorvehicle-horn,0.25945735,0.02025029,0.022077903,0.11346116,0.023792597,0.0068088667,0.52164435,0.032507427
3,3,crowd-noise,crowd-noise,0.0007277295,0.0029545086,0.044464406,0.94866765,0.0010094681,0.00069192867,0.00063846237,0.00084576965
7,7,motorvehicle-siren,motorvehicle-siren,3.8069327e-05,0.0008749752,0.00017504327,0.00069804094,0.000112321984,6.5350678e-06,0.0001090496,0.99798596
2,6,construction-site,motorvehicle-horn,0.030729823,0.00842447,0.049864102,0.030262036,0.0017438104,0.16932778,0.70652014,0.0031278648
1,1,community-radio,community-radio,0.0007305928,0.8557489,0.0027101838,0.02213168,0.0008527723,0.11232007,0.004685965,0.0008198748
6,6,motorvehicle-horn,motorvehicle-horn,0.06515387,0.058697198,0.09461806,0.1100637,0.005127414,0.013465817,0.6167331,0.036140792
4,4,generator,generator,9.5183714e-05,0.0047257156,0.01546285,0.0030672676,0.97469103,0.000118024014,0.0007914763,0.0010484363
3,3,crowd-noise,crowd-noise,0.000231212,0.0006048403,0.0005446097,0.9974015,0.00024918927,0.00067166414,0.00012393828,0.00017314221
1,1,community-radio,community-radio,0.0004036226,0.9057063,0.00047365087,0.019946033,0.0006415874,0.068417594,0.0038302739,0.00058105413
2,2,construction-site,construction-site,0.00031152248,0.015053099,0.9649394,0.0077132815,0.003906326,0.005583272,0.0018994279,0.00059378776
1,1,community-radio,community-radio,0.00041717413,0.6857085,0.0011693436,0.0070738685,0.0016094368,0.297771,0.0020347235,0.0042160167
6,6,motorvehicle-horn,motorvehicle-horn,0.11691694,0.0015853236,0.002881839,0.004448245,0.0018904317,0.00045888562,0.8592627,0.012555567
2,2,construction-site,construction-site,0.00026722357,0.0025908088,0.98002404,0.0046913447,0.009358819,0.00047817137,0.0023572324,0.00023233662
7,7,motorvehicle-siren,motorvehicle-siren,5.837252e-06,0.0001744628,0.00013965569,8.210084e-05,5.8667183e-06,1.4655151e-06,1.2109678e-05,0.99957854
0,0,car-alarm,car-alarm,0.7391871,0.0044444646,0.0016279184,0.009046567,0.0011207198,0.0025121658,0.23982453,0.0022365742
1,1,community-radio,community-radio,2.8865194e-05,0.9745471,0.0012901966,0.0022264766,0.0026552812,0.016737638,0.0017204764,0.0007940011
7,7,motorvehicle-siren,motorvehicle-siren,0.0001713132,0.0016869819,0.05367264,0.00096033,0.0010006337,4.967862e-05,0.0015578666,0.9409005
6,6,motorvehicle-horn,motorvehicle-horn,0.285199,0.047528308,0.037449658,0.083089896,0.008166868,0.030057011,0.4893182,0.019191008
0,6,car-alarm,motorvehicle-horn,0.1522893,0.029326605,0.04309256,0.07558349,0.062303063,0.0016284743,0.61142796,0.024348574
1,1,community-radio,community-radio,0.0011380338,0.855677,0.0026320496,0.013295829,0.0017656664,0.12172439,0.0028338397,0.000933253
4,4,generator,generator,1.889035e-05,6.9513306e-05,0.00010276321,3.5657366e-05,0.9994655,3.7814043e-06,0.00028373048,2.0053825e-05
4,1,generator,community-radio,0.008274368,0.299036,0.037312828,0.10034718,0.056003887,0.019764304,0.29083,0.18843143
6,6,motorvehicle-horn,motorvehicle-horn,0.038845997,0.00039428013,0.00079128204,0.0022326214,0.0027639312,0.0005623981,0.9535659,0.00084364467
4,4,generator,generator,0.0013470005,0.00031145307,0.000633404,0.0005294166,0.9915413,2.30691e-05,0.005154484,0.0004598248
3,3,crowd-noise,crowd-noise,6.471485e-05,0.00018668872,0.00025751963,0.998966,0.00012750214,0.0003275964,2.6997981e-05,4.2961543e-05
5,5,mobile-music,mobile-music,9.37628e-05,0.0038457303,0.00023703794,0.0009804774,8.124571e-06,0.99431485,0.00044422733,7.571919e-05
6,6,motorvehicle-horn,motorvehicle-horn,0.113267295,0.0016955753,0.0029210667,0.005055998,0.0031927673,0.00047097672,0.8560556,0.017340705
1,1,community-radio,community-radio,2.8450391e-05,0.9887205,0.00032200277,0.0006770139,0.00036904032,0.009619233,0.00014459493,0.00011917637
6,2,motorvehicle-horn,construction-site,0.0073621366,0.21348399,0.425372,0.12622592,0.12284316,0.05617378,0.04485109,0.0036879184
5,6,mobile-music,motorvehicle-horn,0.03654976,0.058619715,0.014495179,0.042493567,0.022717534,0.030609768,0.7705033,0.024011178
1,1,community-radio,community-radio,5.0584516e-05,0.96802753,0.0006849966,0.0053413357,0.0014224034,0.022280987,0.0018974859,0.000294694
1,1,community-radio,community-radio,8.725944e-05,0.98793447,0.00067833456,0.0015027791,0.001657689,0.006455253,0.0009879363,0.00069618836
4,4,generator,generator,8.2640545e-06,2.6947553e-05,6.348999e-05,1.6262113e-05,0.999749,1.2152151e-06,0.00012625505,8.571893e-06
0,0,car-alarm,car-alarm,0.99973017,2.316113e-06,7.922995e-05,2.123459e-05,6.7570168e-06,1.6773123e-06,0.00010849153,5.0096813e-05
3,3,crowd-noise,crowd-noise,0.0041099,0.017019028,0.05321158,0.8922539,0.017003346,0.002998154,0.0024135406,0.010990568
1,1,community-radio,community-radio,0.00035256337,0.96900123,0.00073169684,0.015718883,0.0057400633,0.004506259,0.0023739128,0.001575234
0,0,car-alarm,car-alarm,0.9995926,4.6181467e-06,4.8643917e-05,2.648669e-05,1.0768277e-05,3.8707285e-06,0.00029016196,2.2914825e-05
1,1,community-radio,community-radio,0.0020442484,0.72454447,0.015892746,0.02475577,0.041273795,0.1598251,0.026310667,0.005353166
2,2,construction-site,construction-site,0.032362364,0.10155126,0.35573608,0.1065195,0.051178448,0.087916315,0.25062832,0.014107721
6,2,motorvehicle-horn,construction-site,0.0034666462,0.22236858,0.45191437,0.024899667,0.15424967,0.0059575373,0.11724359,0.019899957
3,4,crowd-noise,generator,0.004651472,0.104544945,0.10819724,0.09911609,0.60738015,0.0024950805,0.046140462,0.027474616
3,2,crowd-noise,construction-site,0.031310447,0.027325232,0.51427346,0.34948325,0.021399071,0.039366245,0.010472708,0.0063695842
6,6,motorvehicle-horn,motorvehicle-horn,0.12020219,0.0057029068,0.004225042,0.011502718,0.0069252667,0.00094487524,0.82980376,0.020693185
2,2,construction-site,construction-site,0.0020865332,0.00965744,0.8077632,0.16174535,0.0077154264,0.0014078929,0.0018572723,0.0077668224
4,4,generator,generator,1.4751743e-05,0.0011170199,0.00029668518,0.00018334022,0.9962847,0.000119883654,0.0019053981,7.826926e-05
7,7,motorvehicle-siren,motorvehicle-siren,1.04900955e-05,0.000121200275,2.82951e-05,2.6310903e-05,3.9353054e-06,1.4935425e-06,4.456363e-05,0.9997638
3,3,crowd-noise,crowd-noise,4.6852856e-05,0.00013107117,0.0002386627,0.9992055,6.8978414e-05,0.0002644947,1.6968803e-05,2.7431806e-05
5,5,mobile-music,mobile-music,0.0018331369,0.25596285,0.15225129,0.057427093,0.0015682866,0.5088591,0.011878886,0.010219405
4,4,generator,generator,9.659028e-06,1.3607943e-06,3.0454426e-05,6.34972e-06,0.99981445,5.5294134e-07,0.00013024837,6.9601633e-06
4,6,generator,motorvehicle-horn,0.010374282,0.0003625456,0.02202866,0.0012356415,0.12362003,0.0005875732,0.8408054,0.0009858937
6,4,motorvehicle-horn,generator,0.008159412,0.0102767255,0.018164525,0.008227738,0.6671234,0.0015042454,0.21706674,0.06947724
0,0,car-alarm,car-alarm,0.9955382,5.732615e-06,0.000496939,7.695101e-05,8.150622e-05,1.7790724e-05,0.0032065294,0.00057629857
0,0,car-alarm,car-alarm,0.99979097,2.7043438e-06,5.0879746e-05,2.0595247e-05,5.5518326e-06,2.3065725e-06,0.00010191444,2.5104733e-05
4,4,generator,generator,1.50302385e-05,6.536713e-05,0.00013486615,3.3453256e-05,0.9994741,3.3528395e-06,0.0002603029,1.3515603e-05
7,7,motorvehicle-siren,motorvehicle-siren,3.271901e-06,7.7525845e-05,1.5333608e-05,1.8511708e-05,5.1984866e-06,3.9014427e-07,1.2389902e-05,0.9998673
4,4,generator,generator,0.0021825244,0.003390609,0.00015713957,0.0022265802,0.98526,0.00012597317,0.0021144322,0.0045427973
2,2,construction-site,construction-site,0.001112466,0.0021019117,0.96215653,0.004389019,0.0023208568,0.0014085934,0.017524771,0.008985702
7,7,motorvehicle-siren,motorvehicle-siren,4.115444e-05,6.0272265e-05,0.0008852128,0.0001447403,1.112361e-05,2.3539017e-06,1.5857086e-05,0.9988392
5,5,mobile-music,mobile-music,0.0008019924,0.055246048,0.0014487971,0.025283571,0.00081447634,0.9115368,0.0042733545,0.00059504743
6,6,motorvehicle-horn,motorvehicle-horn,0.074148685,0.022611896,0.15653574,0.07723414,0.011511754,0.022838281,0.60790414,0.02721545
6,6,motorvehicle-horn,motorvehicle-horn,0.09920954,0.002565143,0.004020865,0.004671403,0.008242883,0.00056670874,0.8038843,0.07683908
0,0,car-alarm,car-alarm,0.9940813,3.8036862e-05,0.00037990493,0.00013911289,0.0001181876,2.2089082e-05,0.0046293046,0.00059215917
0,6,car-alarm,motorvehicle-horn,0.29822373,0.0015352364,0.0071900585,0.007279678,0.00312116,0.00043607017,0.6733559,0.0088582225
3,1,crowd-noise,community-radio,0.0007231654,0.807617,0.0036681145,0.14464948,0.017844627,0.009579843,0.011620698,0.0042970497
1,1,community-radio,community-radio,0.0019293264,0.9639478,0.002703524,0.0054718563,0.0032427933,0.005223023,0.0035038202,0.013977807
6,6,motorvehicle-horn,motorvehicle-horn,0.07133591,0.0040486,0.0069370363,0.011116595,0.002794509,0.0013122975,0.86577,0.03668508
0,0,car-alarm,car-alarm,0.98034334,0.0032675865,0.005913219,0.007026958,0.000106033745,0.0013558192,0.0005708536,0.0014162177
4,4,generator,generator,0.002520124,0.24808513,0.12279174,0.17291634,0.39186916,0.02610285,0.024838645,0.010875998
4,4,generator,generator,0.00014775664,0.00021803471,8.535227e-05,5.4812637e-05,0.9987595,5.4405873e-06,0.0005293683,0.00019972149
3,3,crowd-noise,crowd-noise,0.00020445803,0.00045759432,0.0002582468,0.9979678,0.00021837087,0.0006999747,7.195156e-05,0.000121629244
2,5,construction-site,mobile-music,0.00069180917,0.3007946,0.17148793,0.14618327,0.030754833,0.3408265,0.0039932323,0.0052678557
0,6,car-alarm,motorvehicle-horn,0.4195396,0.0007499337,0.003779483,0.0034071773,0.0097803455,0.00018815242,0.5567109,0.0058443923
3,3,crowd-noise,crowd-noise,0.0011317384,0.070989236,0.0031053522,0.84336066,0.009123522,0.06480411,0.0064545516,0.0010308739
1,1,community-radio,community-radio,0.0003199955,0.9810899,0.0009015139,0.008260872,0.0009979063,0.0029526397,0.0021086195,0.003368562
4,6,generator,motorvehicle-horn,0.066565074,0.0020717578,0.04657763,0.017963022,0.011299614,0.0027467303,0.84883684,0.003939372
1,1,community-radio,community-radio,1.3582404e-05,0.7612623,0.0042534755,0.0014066608,0.00066749984,0.22368896,0.0010205051,0.0076869805
2,1,construction-site,community-radio,0.005588358,0.6515284,0.007467986,0.09556772,0.052768704,0.021170093,0.106447935,0.059460804
3,3,crowd-noise,crowd-noise,0.000106224456,0.0002545042,0.00020636282,0.9987148,0.00011537243,0.00050192646,4.1834366e-05,5.8983933e-05
4,4,generator,generator,7.6173587e-06,7.761989e-05,8.433368e-06,1.4504365e-05,0.9997969,6.742047e-07,3.282836e-05,6.141521e-05
3,2,crowd-noise,construction-site,0.018187966,0.050869033,0.4726786,0.17679755,0.12894915,0.01585944,0.108782426,0.027875846
2,2,construction-site,construction-site,7.519028e-05,0.0013830335,0.97552663,0.0035449967,0.0001788021,9.708387e-05,4.2510597e-05,0.019151682
1,1,community-radio,community-radio,0.00019617921,0.9812391,0.0021351576,0.0037168516,0.0021364323,0.006726078,0.0024565612,0.0013936738
5,5,mobile-music,mobile-music,4.1018466e-05,0.051842425,0.00023473754,0.00026173805,1.3348877e-05,0.94738144,0.00018513674,4.0118248e-05
6,6,motorvehicle-horn,motorvehicle-horn,0.22836015,0.0037975959,0.0069374642,0.014443147,0.0029663867,0.0034618105,0.7334362,0.0065972162
5,5,mobile-music,mobile-music,0.0006308287,0.06886294,0.0015192451,0.036048226,0.00089118414,0.88957304,0.0014687014,0.0010058533
4,4,generator,generator,0.012866635,0.0025224148,0.0011254965,0.0041167554,0.9496065,0.0002640846,0.024717929,0.004780234
6,1,motorvehicle-horn,community-radio,0.09319779,0.37196746,0.007962345,0.20605688,0.0054128426,0.027078072,0.26611656,0.02220811
5,5,mobile-music,mobile-music,0.00013354231,0.07495644,0.0006787817,0.0027851742,0.000117897114,0.9208162,0.00036611993,0.00014583739
4,4,generator,generator,1.4144768e-05,4.6600366e-05,6.500577e-05,2.2761078e-05,0.9995772,2.390187e-06,0.00026174475,1.0064753e-05
3,3,crowd-noise,crowd-noise,0.015664628,0.10511041,0.0491894,0.7257238,0.00405484,0.07578418,0.022517627,0.001955147
6,6,motorvehicle-horn,motorvehicle-horn,0.15807752,0.007020635,0.007982246,0.023104591,0.0053090374,0.0013818156,0.7779281,0.019196056
3,3,crowd-noise,crowd-noise,0.00011234401,0.0058326046,0.0003481794,0.9725514,0.0006063069,0.020062221,0.00019573253,0.00029127012
4,4,generator,generator,1.005583e-05,2.1315159e-06,8.848907e-05,5.46444e-06,0.99971634,1.5277047e-06,0.00016969326,6.3847588e-06
7,7,motorvehicle-siren,motorvehicle-siren,2.9260048e-06,5.0416602e-05,8.261594e-05,1.7807819e-05,3.0371075e-06,3.577787e-07,1.2471012e-05,0.99983037
0,0,car-alarm,car-alarm,0.9996735,4.0178825e-06,6.197265e-05,4.693577e-05,1.5717242e-05,3.0632798e-06,0.00017664436,1.8204031e-05
1,1,community-radio,community-radio,0.00035499097,0.94506866,0.00061238307,0.010183784,0.0016247217,0.034636665,0.0061867232,0.0013320545
2,2,construction-site,construction-site,0.00029238933,0.0050476375,0.9866659,0.002356904,0.0030027996,0.00046940427,0.0006155134,0.0015493467
0,0,car-alarm,car-alarm,0.99851924,5.3175354e-06,0.00035064106,0.00012288756,0.0001019696,6.5341155e-06,0.00082167436,7.165097e-05
4,4,generator,generator,7.2859143e-06,3.4136065e-05,5.9578437e-05,1.6645654e-05,0.9997552,1.3941501e-06,0.00011704875,8.695475e-06
4,4,generator,generator,1.5533215e-05,3.6669262e-05,8.427036e-05,2.307401e-05,0.9995584,2.0848065e-06,0.0002687227,1.1363541e-05
1,1,community-radio,community-radio,0.00056905043,0.82806385,0.066039644,0.034808893,0.030836273,0.011286946,0.013116523,0.015278818
7,7,motorvehicle-siren,motorvehicle-siren,5.34482e-06,9.562122e-05,0.000102907405,4.778925e-05,3.0704548e-06,5.278549e-07,7.2120088e-06,0.99973744
1,2,community-radio,construction-site,0.0032856618,0.24508794,0.5727589,0.028534565,0.015084582,0.10853484,0.025478732,0.0012347379
1,6,community-radio,motorvehicle-horn,0.056402165,0.012545361,0.0055642156,0.015123555,0.008247949,0.0040078303,0.8698516,0.028257238
1,3,community-radio,crowd-noise,0.004509957,0.3576873,0.0060739266,0.45663714,0.01545112,0.1419828,0.014616722,0.0030410755
6,2,motorvehicle-horn,construction-site,0.021706283,0.07335601,0.26149827,0.18215969,0.0843562,0.13055207,0.23380315,0.012568386
7,7,motorvehicle-siren,motorvehicle-siren,2.86673e-05,0.00022038618,5.888238e-05,6.162263e-05,7.342031e-06,4.9360415e-06,0.00018491753,0.9994332
3,3,crowd-noise,crowd-noise,0.0017660236,0.007579282,0.2500366,0.7307835,0.004317072,0.0014546302,0.002273149,0.0017896618
0,0,car-alarm,car-alarm,0.7754755,0.0025953855,0.003095647,0.009275762,0.007665097,0.0009783721,0.19720109,0.0037131968
1,1,community-radio,community-radio,0.0018520068,0.54323304,0.026514417,0.15189971,0.20779212,0.01071916,0.053083442,0.004906085
6,6,motorvehicle-horn,motorvehicle-horn,0.26249537,0.0023342634,0.017417913,0.010353757,0.003621838,0.0012224234,0.6923909,0.010163544
1,1,community-radio,community-radio,0.0062590274,0.8576737,0.005189458,0.037934728,0.009017939,0.03853364,0.033560175,0.011831376
1,1,community-radio,community-radio,0.00065018964,0.9513484,0.0025742538,0.007812126,0.0015195264,0.032288305,0.0026557418,0.0011514708
2,2,construction-site,construction-site,0.0007350437,0.03157984,0.8990082,0.009265012,0.0110483235,0.042107925,0.005532935,0.0007227179
6,6,motorvehicle-horn,motorvehicle-horn,0.09518062,0.0004059506,0.0014193155,0.002427086,0.0004108996,0.00034196727,0.8974543,0.002359716
5,5,mobile-music,mobile-music,2.183126e-05,0.015491229,0.00018809432,0.0011851279,2.7108594e-05,0.9826659,0.00039521995,2.5587035e-05
2,7,construction-site,motorvehicle-siren,0.00025850307,0.002135267,0.12268889,0.0017367039,0.00013375047,4.754171e-05,0.00033620055,0.87266314
0,0,car-alarm,car-alarm,0.99964654,3.8767967e-06,3.130083e-05,2.3059349e-05,1.2470109e-05,2.8439226e-06,0.00026284333,1.7048604e-05
7,6,motorvehicle-siren,motorvehicle-horn,0.22322673,0.0043806885,0.010399587,0.017579447,0.010161109,0.0007406476,0.71488136,0.018630413
4,4,generator,generator,2.5923046e-05,5.4763652e-05,1.149486e-05,1.834699e-05,0.9997739,5.076967e-07,5.6065488e-05,5.8885318e-05
6,6,motorvehicle-horn,motorvehicle-horn,0.09120819,0.011755095,0.08702391,0.036457542,0.036380276,0.0054438394,0.7078802,0.02385107
5,5,mobile-music,mobile-music,0.00019385491,0.007947383,0.00010012827,0.00010329249,3.620702e-06,0.99152774,7.174404e-05,5.2211777e-05
6,6,motorvehicle-horn,motorvehicle-horn,0.025191918,0.17589974,0.2140482,0.2133583,0.069737926,0.018203905,0.25582537,0.027734606
5,5,mobile-music,mobile-music,0.00037827904,0.043462005,0.00067497784,0.01605736,0.0007507715,0.935657,0.0021420086,0.00087763614
2,2,construction-site,construction-site,9.10348e-05,0.020748671,0.952563,0.00947258,0.013680686,0.0013692687,0.0013805754,0.00069408206
3,3,crowd-noise,crowd-noise,9.377273e-05,0.00037146243,0.0002516527,0.998577,0.00015316265,0.0004316134,4.630644e-05,7.509349e-05
5,5,mobile-music,mobile-music,0.0031056455,0.35116488,0.021744832,0.04432844,0.005949102,0.494811,0.076079614,0.0028165367
6,2,motorvehicle-horn,construction-site,0.016859433,0.0014015561,0.89034104,0.0034538107,0.004259664,0.02952996,0.050466463,0.0036880474
3,3,crowd-noise,crowd-noise,0.00012649306,0.00038601924,0.00028654333,0.9984139,0.00023675009,0.00038653956,5.7487658e-05,0.00010624604
2,2,construction-site,construction-site,8.669752e-05,0.0015648967,0.99219257,0.0020764288,0.0017241366,0.001057226,0.0010787669,0.0002191932
6,6,motorvehicle-horn,motorvehicle-horn,0.115902066,0.00088882225,0.006158988,0.007600713,0.0008873129,0.003747036,0.86272126,0.0020938409
0,0,car-alarm,car-alarm,0.99900997,7.4240284e-06,0.00034021237,7.280931e-05,1.0737039e-05,3.2693947e-06,0.00012331655,0.00043230774
2,2,construction-site,construction-site,0.0018005079,0.045373905,0.7176418,0.008128186,0.0064408365,0.20933384,0.00978916,0.0014918033
1,2,community-radio,construction-site,0.0036881587,0.18559365,0.6521082,0.09482752,0.019776719,0.012985087,0.028124046,0.0028966449
5,3,mobile-music,crowd-noise,0.0010234809,0.16227823,0.0007250109,0.79981726,0.0029830858,0.027246624,0.0034525585,0.002473873
5,5,mobile-music,mobile-music,1.6822636e-05,0.0014718691,4.3626616e-05,0.00018946147,1.4044927e-06,0.9981719,8.899234e-05,1.585316e-05
4,4,generator,generator,0.0006002938,0.00046298743,0.0017677571,0.00054364983,0.9918073,6.682777e-05,0.0043986756,0.0003524929
2,5,construction-site,mobile-music,0.0003593955,0.0065110335,0.0055514337,0.0030381384,0.00022625765,0.97767276,0.0064604194,0.00018053305
2,2,construction-site,construction-site,0.001229752,0.00027550547,0.9869012,0.0004939211,0.00818911,0.000321144,0.0024700004,0.00011930439
1,1,community-radio,community-radio,0.00010336445,0.98109835,0.00016321125,0.0018844604,0.00015211612,0.016100163,0.0002543402,0.00024395011
1,1,community-radio,community-radio,1.5179794e-05,0.9802295,4.0224233e-05,0.00021575343,0.00014252057,0.018827688,0.00013514013,0.0003939514
7,2,motorvehicle-siren,construction-site,0.00019990659,0.0035887181,0.54027367,0.005080726,0.00021135045,4.392167e-05,0.00011424773,0.4504875
4,4,generator,generator,4.0404357e-05,8.1255654e-05,0.00018354465,6.057476e-05,0.99904245,5.708493e-06,0.0005556734,3.0342324e-05
7,7,motorvehicle-siren,motorvehicle-siren,0.0027076232,0.21738043,0.004833392,0.07395404,0.004918035,0.024281558,0.013083674,0.65884125
1,1,community-radio,community-radio,0.00049540057,0.872143,0.0011500678,0.007564464,0.0041826465,0.10871113,0.0043619066,0.0013913021
1,5,community-radio,mobile-music,0.000569318,0.17874703,0.0005762048,0.013577156,0.00057939807,0.8025843,0.0030502882,0.00031639595
0,0,car-alarm,car-alarm,0.9995395,3.349706e-06,0.000102051796,4.5380624e-05,1.5253914e-05,2.1467558e-06,0.00026268014,2.9635388e-05
0,0,car-alarm,car-alarm,0.9996995,3.4623044e-06,6.338213e-05,2.866564e-05,8.667908e-06,2.7941298e-06,0.00015383046,3.9666284e-05
1,1,community-radio,community-radio,1.1586513e-05,0.9958776,4.2893105e-05,0.00034040355,0.00013317002,0.0034672252,6.137717e-05,6.562867e-05
4,4,generator,generator,0.0008720542,6.902359e-05,0.00018966477,0.00025547316,0.9941531,4.876844e-06,0.004356127,9.979469e-05
3,3,crowd-noise,crowd-noise,0.0001280183,0.000786633,0.0007101376,0.99721885,0.00036474972,0.0005358527,0.00011613338,0.00013951628
7,7,motorvehicle-siren,motorvehicle-siren,0.0077734585,0.0015886547,0.056071196,0.014276256,0.0027023887,0.00023244738,0.007499419,0.90985614
3,3,crowd-noise,crowd-noise,0.0019993458,0.20491037,0.1554566,0.5396153,0.041912008,0.019655766,0.026193745,0.010256881
4,4,generator,generator,9.767984e-05,0.05717289,0.00072672026,0.0042813905,0.930998,0.0035820452,0.002452233,0.00068908016
0,1,car-alarm,community-radio,0.0031036474,0.69124454,0.009085951,0.1969676,0.021627478,0.03566453,0.029277002,0.013029265
0,0,car-alarm,car-alarm,0.9994254,1.7711502e-05,6.622988e-05,0.00012045544,6.271493e-05,5.4837283e-06,0.00026433298,3.7695314e-05
5,5,mobile-music,mobile-music,4.353324e-05,0.3354006,0.0050890427,0.008583345,0.0036472888,0.64628226,0.00084339577,0.000110500754
4,7,generator,motorvehicle-siren,0.0065433164,0.070729,0.0051445845,0.010755474,0.07093883,0.00029010946,0.0061528054,0.82944584
7,7,motorvehicle-siren,motorvehicle-siren,5.9881995e-06,6.957794e-05,2.8376264e-05,8.582863e-06,6.7495284e-07,1.842564e-06,1.0976916e-05,0.999874
1,1,community-radio,community-radio,0.00015774067,0.65640944,0.00092527474,0.0033463787,0.00067537656,0.3375535,0.00059063715,0.00034165027
7,7,motorvehicle-siren,motorvehicle-siren,2.9951574e-05,0.00017223945,8.2800114e-05,5.7584428e-05,1.2399845e-05,2.01736e-06,0.00013403791,0.9995091
2,6,construction-site,motorvehicle-horn,0.09912067,0.04656486,0.05355137,0.10229422,0.0884556,0.006670769,0.56412035,0.039222162
5,5,mobile-music,mobile-music,2.372456e-05,0.0021974698,3.9108992e-05,0.00021907684,1.995132e-06,0.9974126,8.825611e-05,1.7755203e-05
5,5,mobile-music,mobile-music,0.0014109145,0.024550352,0.004281422,0.046666864,0.0004062257,0.91662145,0.005212665,0.00085022626
3,3,crowd-noise,crowd-noise,4.4089327e-05,0.005972823,0.00068432244,0.9756771,0.00011975377,0.017225813,0.00013781944,0.0001382859
6,2,motorvehicle-horn,construction-site,0.06112139,0.015112264,0.39966717,0.033350907,0.0683582,0.001347321,0.37124038,0.04980234
6,6,motorvehicle-horn,motorvehicle-horn,0.16886088,0.00090435543,0.002259148,0.0037516158,0.0021865917,0.0007260802,0.8173982,0.0039130948
7,7,motorvehicle-siren,motorvehicle-siren,2.4782885e-05,0.0005729056,0.0011371265,0.0003216941,1.7758242e-05,1.9432423e-06,1.707787e-05,0.9979068
6,6,motorvehicle-horn,motorvehicle-horn,0.15147102,0.013208976,0.05573481,0.037945017,0.014362116,0.0031375205,0.6430341,0.081106514
4,4,generator,generator,0.00013248478,0.00066454266,0.00048805686,0.0007988475,0.9940895,0.00012069607,0.003455235,0.0002507245
2,2,construction-site,construction-site,0.008221642,0.013068575,0.86905956,0.065102465,0.0067023686,0.008450453,0.016645096,0.012749787
4,4,generator,generator,0.00013880985,0.0005727242,6.543439e-05,6.2824256e-05,0.9983474,8.800344e-06,0.00051902805,0.0002849709
6,1,motorvehicle-horn,community-radio,0.016825857,0.4439863,0.0028306823,0.04138563,0.010417324,0.050265815,0.35528502,0.07900342
0,0,car-alarm,car-alarm,0.999728,2.15005e-06,5.3984895e-05,2.8609924e-05,7.0851347e-06,1.71553e-06,0.00014990142,2.8499308e-05
4,4,generator,generator,0.00019388975,0.00030726814,6.933993e-05,5.7537472e-05,0.99867225,5.359531e-06,0.00040365898,0.00029063807
3,3,crowd-noise,crowd-noise,0.003601646,0.008190232,0.045525428,0.9245542,0.0034009235,0.0022093551,0.001347004,0.011171189
6,6,motorvehicle-horn,motorvehicle-horn,0.27189386,0.0054838327,0.11577329,0.05380971,0.17157072,0.0014850738,0.3644177,0.015565815
3,3,crowd-noise,crowd-noise,4.1547442e-05,0.0001582363,0.00013596883,0.99926203,6.792004e-05,0.00029330782,1.64558e-05,2.4400293e-05
4,4,generator,generator,0.0036742352,0.0127154505,0.013242343,0.007548905,0.91805536,0.0031406311,0.03496851,0.0066545103
0,0,car-alarm,car-alarm,0.98134744,0.00015873791,0.0022109763,0.010202252,0.0018626084,0.000253609,0.0036019802,0.0003623733
1,1,community-radio,community-radio,0.219922,0.2658474,0.037035737,0.21524417,0.021703264,0.09344051,0.13983259,0.0069743353
2,2,construction-site,construction-site,5.9203325e-05,0.000112683156,0.9982224,0.00032154005,1.3223305e-05,1.9512388e-05,1.8921184e-05,0.0012324707
2,2,construction-site,construction-site,7.095558e-05,0.0045854114,0.97991484,0.0073072044,0.0067856517,0.00043276913,0.0005080016,0.00039517332
3,3,crowd-noise,crowd-noise,0.21999048,0.02176002,0.19957164,0.43949494,0.08229757,0.010322946,0.0067370674,0.01982538
3,6,crowd-noise,motorvehicle-horn,0.21415262,0.025272045,0.0752977,0.06541123,0.011318294,0.015523349,0.5707102,0.022314554
1,6,community-radio,motorvehicle-horn,0.0770786,0.032864183,0.007030915,0.026728017,0.012269234,0.0068272976,0.8103868,0.026814912
4,4,generator,generator,1.0393165e-05,3.5157245e-05,8.67975e-06,5.0896047e-06,0.99984384,3.8820738e-07,6.941148e-05,2.7102356e-05
0,0,car-alarm,car-alarm,0.9997079,3.1503268e-06,5.0311006e-05,2.3822486e-05,6.5911972e-06,3.7444574e-06,0.00018729547,1.7145347e-05
4,4,generator,generator,5.569758e-05,0.000162256,0.0001541626,9.067774e-05,0.99845743,1.1922108e-05,0.0010332688,3.4577708e-05
0,0,car-alarm,car-alarm,0.982935,9.7371965e-05,0.0026689845,0.0020474473,9.178384e-05,3.349981e-05,0.0002866573,0.011839345
6,6,motorvehicle-horn,motorvehicle-horn,0.08963292,0.013671347,0.05821969,0.03320024,0.053085115,0.0067257904,0.67056614,0.074898824
6,5,motorvehicle-horn,mobile-music,0.02152499,0.1901487,0.13147041,0.22345547,0.011263255,0.33960128,0.08041995,0.0021159525
3,3,crowd-noise,crowd-noise,0.00086068996,0.010582227,0.13577402,0.84531075,0.0012397002,0.0035076456,0.0011116058,0.0016132913
1,1,community-radio,community-radio,0.0005230201,0.9082624,0.0116356015,0.031170564,0.0022835084,0.026290072,0.0147610875,0.005073689
0,0,car-alarm,car-alarm,0.81776565,0.006454737,0.0032087686,0.0106870355,0.02640005,0.0013963515,0.13111475,0.0029727032
4,4,generator,generator,7.299257e-05,0.00012154394,0.00028361354,9.515604e-05,0.99801755,1.3179793e-05,0.0013570617,3.8923426e-05
7,7,motorvehicle-siren,motorvehicle-siren,0.0019441049,0.00915144,0.055651337,0.010393965,0.0008610335,0.00085929775,0.017879706,0.9032591
3,3,crowd-noise,crowd-noise,0.0066826805,0.06936454,0.1547206,0.6964652,0.015505517,0.028460812,0.00170787,0.027092747
0,0,car-alarm,car-alarm,0.999213,1.6380855e-05,0.00016434942,0.00014031996,4.0206705e-05,1.2934765e-05,0.0003594759,5.3247662e-05
3,3,crowd-noise,crowd-noise,0.00014816418,0.000546602,0.0008694426,0.9974481,0.00027434828,0.00044033315,9.00949e-05,0.0001829456
3,3,crowd-noise,crowd-noise,0.00017330461,0.00072854385,0.00063374423,0.9972247,0.00041819303,0.00053979,0.00011731277,0.00016443648
2,2,construction-site,construction-site,0.00093356415,0.06602179,0.8346597,0.077037804,0.0075652786,0.006622774,0.0053661233,0.001793051
1,1,community-radio,community-radio,0.00091923034,0.91323674,0.0008817326,0.045741957,0.006686539,0.01635582,0.011992301,0.0041856524
4,4,generator,generator,9.484075e-06,5.3574833e-05,7.544203e-05,2.4167837e-05,0.9996325,2.2913541e-06,0.00019288568,9.521067e-06
1,1,community-radio,community-radio,6.6675425e-06,0.9884736,0.00011591372,0.00017268227,0.0001401032,0.010973904,5.5294036e-05,6.18151e-05
1,1,community-radio,community-radio,0.00016544313,0.9386602,0.00024941575,0.004589224,0.00068292784,0.053891443,0.0013775112,0.00038395132
1,4,community-radio,generator,0.008063519,0.13521478,0.0012883067,0.25356895,0.5069875,0.078721344,0.009332207,0.006823333
3,3,crowd-noise,crowd-noise,0.00012603037,0.00074518647,0.00066927937,0.9972145,0.0002536713,0.0007612519,0.00011180857,0.00011822545
6,6,motorvehicle-horn,motorvehicle-horn,0.30950987,0.0054752757,0.013851992,0.014580397,0.021786556,0.0030342503,0.62189853,0.009863204
2,2,construction-site,construction-site,0.002933392,0.015371154,0.52904844,0.016426718,0.37151197,0.0056239115,0.055544153,0.0035402111
3,3,crowd-noise,crowd-noise,0.00079479185,0.005656223,0.0009708946,0.98475075,0.0012371948,0.0051669036,0.0008703262,0.0005528889
6,6,motorvehicle-horn,motorvehicle-horn,0.05741177,0.0033125961,0.0033320454,0.006738162,0.0072293025,0.0004379212,0.7692324,0.15230568
5,1,mobile-music,community-radio,0.0032858443,0.70055914,0.0059917937,0.19379859,0.0084029585,0.026208026,0.043990716,0.017762965
2,2,construction-site,construction-site,4.697084e-05,0.0001079584,0.9986265,0.0009807814,0.00010137354,1.0053301e-05,1.9648542e-05,0.000106725696
7,7,motorvehicle-siren,motorvehicle-siren,5.9671383e-06,0.00015457156,7.888527e-05,4.5018853e-05,6.841547e-06,1.3537928e-06,1.8755254e-05,0.9996886
6,1,motorvehicle-horn,community-radio,0.095264144,0.31971008,0.05458319,0.02684406,0.26479736,0.022207182,0.20263712,0.013956885
2,2,construction-site,construction-site,0.0064498824,0.0010834757,0.94004416,0.0043838974,0.0029539233,0.016179955,0.028354704,0.00055000425
0,6,car-alarm,motorvehicle-horn,0.40140566,0.002881042,0.04714593,0.031133423,0.030455856,0.0017518621,0.47671717,0.008509058
6,6,motorvehicle-horn,motorvehicle-horn,0.17383194,0.005486721,0.038754556,0.035532776,0.009582811,0.002221373,0.71423775,0.020352047
4,6,generator,motorvehicle-horn,0.10088177,0.044799633,0.07060891,0.22868845,0.058109567,0.010624373,0.44400182,0.042285442
4,4,generator,generator,7.4071722e-06,3.2488748e-05,5.9445043e-05,1.5950482e-05,0.99976057,1.277627e-06,0.00011406032,8.829433e-06
7,7,motorvehicle-siren,motorvehicle-siren,8.388008e-06,0.00018481867,3.9882114e-05,2.763705e-05,2.8751538e-06,2.8176055e-06,3.516528e-05,0.9996985
3,3,crowd-noise,crowd-noise,0.0024913098,0.058903795,0.06349157,0.8018475,0.036096167,0.021080645,0.011891146,0.0041978094
1,1,community-radio,community-radio,4.2317864e-05,0.9753752,0.00048388747,0.0012533091,0.00018546189,0.021987924,0.00040507482,0.00026682456
0,0,car-alarm,car-alarm,0.9992551,9.232819e-06,0.00010647874,7.604839e-05,2.8810864e-05,4.1225617e-06,0.00046102243,5.9096325e-05
2,2,construction-site,construction-site,0.00032675246,0.015099418,0.9702472,0.010091817,0.00086709234,0.0017444042,0.0008886747,0.0007346632
1,3,community-radio,crowd-noise,0.15214796,0.19681722,0.074947305,0.3031918,0.05593864,0.018591613,0.18788834,0.010477146
5,5,mobile-music,mobile-music,4.969396e-05,0.00306808,0.00026148857,0.00052397314,7.35438e-06,0.99563485,0.00040847308,4.6061683e-05
3,3,crowd-noise,crowd-noise,6.136518e-05,0.00032386818,0.00036400542,0.9980254,0.00011991183,0.0010227958,3.7602036e-05,4.5062156e-05
3,3,crowd-noise,crowd-noise,0.0007519272,0.004275289,0.0012953511,0.9738627,0.0011857344,0.01751267,0.0008288714,0.0002874764
5,5,mobile-music,mobile-music,0.00030157127,0.013559596,0.00068826776,0.0036211805,0.000119888144,0.9797798,0.0017876549,0.00014199049
1,1,community-radio,community-radio,0.0004775981,0.9570336,0.00088881236,0.009827716,0.001325919,0.015590638,0.010896956,0.0039588553
7,7,motorvehicle-siren,motorvehicle-siren,1.1993718e-05,0.00050416787,0.002265386,0.0002224774,2.6136e-05,4.04235e-06,3.2413784e-05,0.99693346
1,1,community-radio,community-radio,0.0003636027,0.87148184,0.0012815977,0.007032461,0.0012062425,0.114237554,0.003637586,0.00075918355
0,6,car-alarm,motorvehicle-horn,0.109327115,0.014611873,0.009309404,0.026665246,0.006288424,0.019504244,0.8018612,0.012432409
3,3,crowd-noise,crowd-noise,0.00012419635,0.00044372625,0.00028813275,0.9983637,0.00017694992,0.00046227593,5.9145383e-05,8.188525e-05
7,7,motorvehicle-siren,motorvehicle-siren,0.0003247047,0.002895921,0.008753077,0.0009828686,0.00012799386,5.4820008e-05,0.0005529754,0.9863077
5,5,mobile-music,mobile-music,1.3688777e-05,0.0013612485,5.6869012e-05,0.00011717931,1.5154848e-06,0.99834514,9.25486e-05,1.18798425e-05
0,0,car-alarm,car-alarm,0.99972576,3.8028356e-06,7.274429e-05,4.0004874e-05,6.7988212e-06,1.9567929e-06,9.930626e-05,4.9626455e-05
3,1,crowd-noise,community-radio,0.0011713398,0.6902741,0.03382849,0.053450637,0.1888917,0.008994427,0.009688501,0.013700845
7,7,motorvehicle-siren,motorvehicle-siren,3.8604658e-06,0.00019320774,0.0006818161,8.291578e-05,3.3505971e-06,1.8699013e-06,8.318963e-06,0.99902475
5,5,mobile-music,mobile-music,3.1354593e-05,0.005200262,0.00012418651,0.00085102255,1.6749791e-05,0.9934307,0.00032536325,2.0487621e-05
3,3,crowd-noise,crowd-noise,0.00033999505,0.0073545887,0.06026229,0.92728275,0.0024135024,0.0008024997,0.0005533808,0.0009909336
2,2,construction-site,construction-site,0.0006749378,0.0067237895,0.9568726,0.023968251,0.0041240184,0.0015646785,0.005449005,0.0006227183
1,1,community-radio,community-radio,9.915914e-05,0.9770733,0.000644073,0.0037230488,0.0050385892,0.009621114,0.0032618516,0.00053877657
4,4,generator,generator,1.4864073e-05,4.995366e-05,0.00010943489,3.0492525e-05,0.99956554,2.6586454e-06,0.00021049436,1.6554957e-05
1,1,community-radio,community-radio,0.00019317075,0.97560704,0.00052508246,0.0036141225,0.0017574069,0.015600515,0.0017977569,0.0009049099
0,3,car-alarm,crowd-noise,0.00040083393,0.021403484,0.016777953,0.8819483,0.00063991226,0.0071935677,0.00040433614,0.07123161
1,1,community-radio,community-radio,3.1177242e-05,0.9671786,5.5906054e-05,0.00042271643,4.3581098e-05,0.03198799,0.00012430074,0.00015577594
0,0,car-alarm,car-alarm,0.9995789,3.8345443e-06,7.446141e-05,4.3058804e-05,1.4908451e-05,2.6891128e-06,0.00024691492,3.5302255e-05
3,3,crowd-noise,crowd-noise,0.00055457576,0.016106617,0.04705876,0.92700887,0.0011759625,0.0056253015,0.0015099954,0.00095988787
5,1,mobile-music,community-radio,0.00937775,0.39846954,0.14804843,0.15984692,0.16054897,0.011024289,0.09300503,0.019678995
1,1,community-radio,community-radio,0.0001550036,0.90409017,0.027987069,0.013469491,0.009089237,0.030825306,0.0068791914,0.0075044576
5,5,mobile-music,mobile-music,6.795099e-05,0.0030506002,0.00023985472,0.0004577476,9.72588e-06,0.9957705,0.00038524807,1.8400868e-05
1,1,community-radio,community-radio,0.0008701192,0.91950387,0.00054465624,0.051764224,0.0069723474,0.0134884305,0.0041630636,0.0026932515
6,6,motorvehicle-horn,motorvehicle-horn,0.026806293,7.1851144e-05,0.0020402858,0.00039209367,0.0005818178,0.00029813018,0.9683589,0.0014507087
7,7,motorvehicle-siren,motorvehicle-siren,2.7759923e-05,0.00017863249,3.403011e-05,6.570369e-05,1.9766505e-05,1.4375207e-06,8.8078436e-05,0.9995846
3,1,crowd-noise,community-radio,0.005496346,0.4293703,0.005089156,0.21393801,0.0021553938,0.32108513,0.018083848,0.004781686
4,4,generator,generator,1.3292723e-05,0.00010262308,0.00016188955,3.394532e-05,0.9994037,4.4788835e-06,0.00026918613,1.0811423e-05
1,1,community-radio,community-radio,3.2061304e-05,0.99397343,7.936944e-05,0.0012170271,0.0005038605,0.003550517,0.0004464708,0.00019722422
6,6,motorvehicle-horn,motorvehicle-horn,0.13840045,0.0026759948,0.0029099318,0.0069927704,0.0031640057,0.00051069964,0.8371214,0.008224737
3,3,crowd-noise,crowd-noise,0.000107600354,0.0005845269,0.000602185,0.9979367,0.00023811517,0.00032512238,7.93757e-05,0.00012644948
0,0,car-alarm,car-alarm,0.99966455,2.5669528e-06,0.00011582616,2.508232e-05,5.137057e-06,2.1963097e-06,0.00010662746,7.803673e-05
5,5,mobile-music,mobile-music,1.9956657e-05,0.0014438686,8.2089835e-05,0.00023589362,2.1366811e-06,0.9980691,0.000115625095,3.1427746e-05
5,5,mobile-music,mobile-music,0.00014229341,0.002811588,0.00032872864,0.00096952205,1.022536e-05,0.9951148,0.0005458229,7.69621e-05
7,7,motorvehicle-siren,motorvehicle-siren,4.3829266e-05,0.0012560064,0.0034093163,0.00050493487,8.014332e-05,3.8962302e-05,0.00014209028,0.9945247
4,4,generator,generator,7.728438e-06,4.5956756e-05,6.307362e-05,1.7816352e-05,0.9997248,1.5737374e-06,0.00012920963,9.896528e-06
3,3,crowd-noise,crowd-noise,0.004208487,0.024748331,0.21422379,0.6919116,0.03156469,0.016993726,0.010154891,0.0061944933
0,0,car-alarm,car-alarm,0.99946386,5.429662e-06,0.00015734992,4.324314e-05,1.3326513e-05,4.437494e-06,0.00026611908,4.628908e-05
3,1,crowd-noise,community-radio,0.003198869,0.8188113,0.0023357572,0.06794997,0.025027264,0.011399183,0.052809503,0.018468214
6,6,motorvehicle-horn,motorvehicle-horn,0.22102673,0.0056020925,0.010415212,0.011388644,0.008368774,0.00097025896,0.72805834,0.014169899
3,3,crowd-noise,crowd-noise,0.00017984337,0.0015052601,0.00089284807,0.99503917,0.00031597464,0.0016933103,0.0002143747,0.00015933573
5,5,mobile-music,mobile-music,0.000543983,0.32452735,0.024195727,0.20645028,0.012934362,0.42218712,0.0051184758,0.004042774
2,2,construction-site,construction-site,0.01102183,0.0012507839,0.93303895,0.031884197,0.009760313,0.00119119,0.00834089,0.0035117494
1,1,community-radio,community-radio,0.00010594542,0.8794995,0.0001806377,0.0038869225,0.00042545208,0.114079826,0.0012121442,0.00060952234
1,6,community-radio,motorvehicle-horn,0.12545665,0.10962059,0.022828002,0.14522526,0.15639104,0.018970428,0.38294533,0.038562663
4,4,generator,generator,3.009999e-05,0.010276672,0.00051012944,0.0014123293,0.98677605,7.804552e-05,0.00079826853,0.0001183964
2,2,construction-site,construction-site,0.004123021,0.010828147,0.8653534,0.011908747,0.0027237253,0.06429542,0.03895855,0.001809092
0,0,car-alarm,car-alarm,0.99936754,5.021027e-06,0.00013936881,5.9800343e-05,2.5653766e-05,6.523067e-06,0.00036197502,3.425854e-05
2,2,construction-site,construction-site,0.0069008307,0.0011665843,0.9395487,0.0056997016,0.0029088377,0.0065975226,0.036235567,0.0009423025
2,2,construction-site,construction-site,0.0008639571,0.008693173,0.9318168,0.043330178,0.008610958,0.0020373983,0.002560526,0.0020870788
5,5,mobile-music,mobile-music,5.4670127e-05,0.07619468,6.812293e-05,0.00022629795,4.026617e-06,0.92277896,0.0005142142,0.00015899274
5,5,mobile-music,mobile-music,0.00022180003,0.0066434606,0.002157191,0.0008538201,2.196987e-05,0.9886835,0.00128155,0.00013662201
2,2,construction-site,construction-site,0.0006488799,0.0198069,0.9148838,0.051660776,0.0045419317,0.0050092447,0.0022624098,0.0011861026
4,2,generator,construction-site,0.0001244231,0.103188224,0.7253356,0.02526663,0.12781027,0.014197776,0.002335149,0.0017419537
6,6,motorvehicle-horn,motorvehicle-horn,0.20106582,0.01083163,0.030468343,0.033764765,0.10105702,0.0018953152,0.6062852,0.014631964
5,5,mobile-music,mobile-music,1.6990098e-05,0.0017650438,3.84362e-05,0.00017590406,1.5849258e-06,0.9979096,7.413953e-05,1.8378789e-05
6,6,motorvehicle-horn,motorvehicle-horn,0.24847907,0.0023438204,0.0078081246,0.008375194,0.014011136,0.0007427206,0.6989986,0.019241402
4,4,generator,generator,1.8516925e-05,0.0002466276,0.00039674787,8.99739e-05,0.99878913,1.6365211e-05,0.00042461223,1.8014045e-05
0,0,car-alarm,car-alarm,0.99967647,2.519019e-06,9.8090204e-05,2.8929202e-05,9.1094635e-06,2.322037e-06,0.00014379066,3.877817e-05
0,0,car-alarm,car-alarm,0.99973613,2.158783e-06,3.6578953e-05,1.9286845e-05,6.2264717e-06,2.3336893e-06,0.00018276539,1.4610576e-05
5,5,mobile-music,mobile-music,0.0003904144,0.0059634084,0.0090975575,0.0056827995,0.0002469057,0.9739831,0.004309152,0.00032658977
3,3,crowd-noise,crowd-noise,0.000814326,0.0036740531,0.0011226402,0.98293704,0.000825398,0.00926581,0.0011004027,0.00026022783
2,2,construction-site,construction-site,0.00011676839,0.0051722527,0.98496383,0.004750028,0.0008912207,0.0028519863,0.0010057957,0.0002481004
0,0,car-alarm,car-alarm,0.99947435,7.0365227e-06,4.83122e-05,4.399434e-05,2.906279e-05,3.6789277e-06,0.00036580712,2.7776905e-05
0,6,car-alarm,motorvehicle-horn,0.32003444,0.043743655,0.019882636,0.058388546,0.0022480865,0.1076866,0.43947282,0.008543212
4,6,generator,motorvehicle-horn,0.070797935,0.009453211,0.003089376,0.013358722,0.038792312,0.0010877238,0.72216785,0.1412528
2,4,construction-site,generator,0.012228688,0.033831324,0.31849948,0.18155503,0.3493932,0.0078676455,0.0820478,0.014576803
1,1,community-radio,community-radio,0.0021354645,0.91511595,0.0021025555,0.023992866,0.0019720965,0.016078714,0.030765502,0.007836887
3,3,crowd-noise,crowd-noise,9.417256e-05,0.00044280445,0.00037188083,0.9983327,0.00014941122,0.0004704467,6.5432425e-05,7.324031e-05
3,3,crowd-noise,crowd-noise,0.00019477599,0.0058398787,0.00136114,0.9714873,0.0010026452,0.019538678,0.00033642302,0.00023915512
4,2,generator,construction-site,0.0042865137,0.03186596,0.8358448,0.06613069,0.0091769695,0.03241984,0.018403376,0.0018717553
1,1,community-radio,community-radio,0.00011894011,0.9906517,0.000218177,0.0027628927,0.001288853,0.0028120775,0.0007502042,0.001397154
4,4,generator,generator,8.871177e-06,3.3776152e-05,6.687046e-05,1.860629e-05,0.9997261,1.4855442e-06,0.00013391112,1.0350095e-05
5,5,mobile-music,mobile-music,1.209655e-05,0.0016788023,7.301111e-05,7.854672e-05,1.4200257e-06,0.99795604,0.00018929914,1.0704192e-05
3,3,crowd-noise,crowd-noise,0.00013861523,0.0060847183,0.0006891474,0.9823417,0.00056796777,0.009695563,0.00018499178,0.0002973595
7,7,motorvehicle-siren,motorvehicle-siren,1.608075e-05,0.00019330507,3.6528047e-05,2.6252443e-05,2.1061635e-06,4.1812345e-06,5.2551703e-05,0.9996691
6,6,motorvehicle-horn,motorvehicle-horn,0.06775688,0.0016502787,0.0024156144,0.0055700196,0.0027890555,0.00026935345,0.90384275,0.015706064
7,7,motorvehicle-siren,motorvehicle-siren,3.3530978e-06,3.7208032e-05,3.1877113e-05,9.694971e-06,1.2485834e-06,1.5113703e-07,7.989261e-06,0.99990857
6,6,motorvehicle-horn,motorvehicle-horn,0.17533606,0.0042937207,0.02164967,0.014604452,0.005718751,0.006167937,0.7577791,0.014450293
2,2,construction-site,construction-site,6.0592785e-05,0.0003157488,0.99873,0.00059566606,0.00015023253,7.2718205e-05,3.1224034e-05,4.385367e-05
3,2,crowd-noise,construction-site,0.0053355587,0.05554835,0.55909514,0.2706324,0.02978415,0.037489105,0.035766672,0.0063486174
6,6,motorvehicle-horn,motorvehicle-horn,0.3767794,0.02168046,0.012078619,0.030401891,0.011120974,0.026426561,0.5121198,0.009392248
6,3,motorvehicle-horn,crowd-noise,0.016311927,0.2847743,0.068062544,0.2930021,0.050119568,0.016722176,0.21927088,0.051736426
1,1,community-radio,community-radio,0.0001784543,0.9845733,0.00048525038,0.003832678,0.0015240028,0.007539326,0.0012718313,0.00059519865
4,4,generator,generator,0.00091655087,7.085873e-05,0.00029524416,8.247915e-05,0.9940369,0.00010646401,0.004187365,0.0003041773
5,5,mobile-music,mobile-music,0.00066698465,0.11416737,0.0033106958,0.11305089,0.0026339872,0.76182216,0.002638972,0.0017090169
2,2,construction-site,construction-site,0.00041040228,0.02001666,0.9269296,0.007164037,0.0025272616,0.036396865,0.005462033,0.0010931195
0,0,car-alarm,car-alarm,0.9997181,2.2876745e-06,6.997124e-05,2.9613873e-05,6.312443e-06,2.0159125e-06,0.00013125327,4.0409555e-05
3,3,crowd-noise,crowd-noise,0.0010711729,0.015594165,0.03477173,0.92598253,0.010047605,0.007989041,0.0009918509,0.0035518443
4,4,generator,generator,5.0616334e-05,8.19806e-05,1.2740324e-05,2.8731032e-05,0.99955386,7.434742e-07,9.178783e-05,0.00017948318
2,2,construction-site,construction-site,0.00034724557,0.0010972669,0.9960995,0.0016282927,6.930365e-05,0.00037980502,9.766543e-05,0.00028096288
2,2,construction-site,construction-site,3.5362136e-05,9.568797e-05,0.99882334,0.00074577687,6.5042725e-05,8.122478e-06,1.05210565e-05,0.00021615875
3,3,crowd-noise,crowd-noise,0.00013132396,0.00027399592,0.00020505578,0.99855334,0.00015285653,0.0005718969,4.388172e-05,6.76079e-05
2,2,construction-site,construction-site,0.00013499838,0.00029715383,0.99731904,0.0018361461,0.00018775836,6.849709e-05,5.1127096e-05,0.000105224615
0,0,car-alarm,car-alarm,0.4441962,0.014630549,0.01903917,0.042827446,0.022504736,0.003929131,0.43760297,0.015269782
6,6,motorvehicle-horn,motorvehicle-horn,0.06770414,0.12265999,0.010752573,0.038569164,0.005419967,0.042074185,0.683352,0.029468013
0,0,car-alarm,car-alarm,0.6836651,0.046849072,0.008966491,0.04762467,0.015926076,0.0087575,0.18309493,0.005116107
4,4,generator,generator,0.0022729482,0.003547303,0.013320108,0.0040770196,0.9137385,0.00081153476,0.061455112,0.00077741605
6,6,motorvehicle-horn,motorvehicle-horn,0.326341,0.0097879935,0.01592616,0.034321614,0.094845794,0.0020068926,0.48934636,0.027424213
3,3,crowd-noise,crowd-noise,0.00015341467,0.00041899897,0.0003410112,0.9974757,0.00013513435,0.0012922335,8.187728e-05,0.000101650505
0,0,car-alarm,car-alarm,0.9997656,3.7223203e-06,6.357308e-05,2.8017288e-05,4.4398967e-06,3.1057875e-06,9.030991e-05,4.1261923e-05
7,7,motorvehicle-siren,motorvehicle-siren,7.7313525e-06,0.00012880712,4.0704297e-05,2.945792e-05,2.8861482e-06,1.7047042e-06,3.588461e-05,0.9997528
1,1,community-radio,community-radio,0.008547724,0.5267243,0.013128819,0.32064196,0.016383162,0.034938995,0.069219254,0.010415767
4,7,generator,motorvehicle-siren,0.012324827,0.009412128,0.01714691,0.005969581,0.00093857915,0.00017416663,0.053682674,0.9003511
5,5,mobile-music,mobile-music,1.5778442e-05,0.0012745472,0.00011305747,0.0002206276,2.0731995e-06,0.9981989,0.00015517733,1.9863397e-05
6,6,motorvehicle-horn,motorvehicle-horn,0.07821956,0.004066795,0.0009703545,0.008804927,0.0030444919,0.0021243615,0.8985519,0.004217595
4,4,generator,generator,3.4306708e-05,0.06714322,0.32802305,0.020947667,0.5788389,0.00342109,0.0010698368,0.0005220192
0,0,car-alarm,car-alarm,0.99973637,1.9753084e-06,3.7543563e-05,1.8806428e-05,6.024485e-06,1.9244947e-06,0.00018482268,1.2403622e-05
6,6,motorvehicle-horn,motorvehicle-horn,0.053410243,0.0030648217,0.0026494954,0.0081371255,0.004593361,0.0009478463,0.92009,0.007107063
4,4,generator,generator,0.013125707,0.047128424,0.048454028,0.020606322,0.64520425,0.023220165,0.18722388,0.015037169
3,3,crowd-noise,crowd-noise,0.00011931457,0.00046481466,0.00037936904,0.9982179,0.00024166767,0.000398123,6.472573e-05,0.00011399005
2,2,construction-site,construction-site,0.001959456,0.00040301564,0.982991,0.0015075199,0.0040716105,0.001762771,0.0071716337,0.00013293575
7,7,motorvehicle-siren,motorvehicle-siren,8.699428e-06,0.00011722442,2.0504549e-05,2.251922e-05,3.375469e-06,1.65575e-06,4.9343373e-05,0.9997768
1,5,community-radio,mobile-music,0.00019208479,0.16651742,0.0012907265,0.02194304,0.0109601,0.7934312,0.0032097928,0.002455674
4,4,generator,generator,2.123272e-05,3.1499498e-05,0.0012485764,5.0466126e-05,0.99842834,1.9442355e-06,0.00017938249,3.8715498e-05
1,1,community-radio,community-radio,9.536293e-05,0.9891856,0.00023102989,0.001787339,0.0020946,0.005360754,0.000875107,0.00037020043
2,6,construction-site,motorvehicle-horn,0.12745823,0.023393353,0.11429282,0.101335175,0.11799934,0.009781458,0.47313753,0.03260214
7,7,motorvehicle-siren,motorvehicle-siren,1.6504611e-05,0.00011547251,8.6195076e-05,8.285735e-05,7.2121607e-06,1.2485948e-06,3.5129007e-05,0.9996555
3,3,crowd-noise,crowd-noise,5.7610945e-05,0.00019643999,0.00025854746,0.99882466,0.00010232104,0.00051064766,2.358736e-05,2.6174295e-05
0,0,car-alarm,car-alarm,0.9985424,9.270608e-06,0.00032241733,9.706451e-05,1.8904177e-05,1.50270735e-05,0.000897516,9.736703e-05
6,6,motorvehicle-horn,motorvehicle-horn,0.35143545,0.001976886,0.009097983,0.011883752,0.012231932,0.00087942707,0.60202855,0.010466083
5,3,mobile-music,crowd-noise,0.0015365343,0.23003738,0.0013662805,0.5662039,0.0006563856,0.15920556,0.0070887385,0.033905186
0,0,car-alarm,car-alarm,0.9994572,1.18584885e-05,4.759263e-05,9.728936e-05,2.2566188e-05,9.462205e-06,0.0003025439,5.150861e-05
1,3,community-radio,crowd-noise,0.012591088,0.09937108,0.24748395,0.34309775,0.030231692,0.032244455,0.21457893,0.020401046
1,1,community-radio,community-radio,0.00079039147,0.9524658,0.005971117,0.017828234,0.011629391,0.0043257927,0.005878204,0.0011112114
1,1,community-radio,community-radio,0.00011551195,0.9900333,0.00011809875,0.001853695,0.00053524924,0.0061651045,0.0007756338,0.00040330994
5,5,mobile-music,mobile-music,1.4899343e-05,0.0031923703,4.456721e-05,8.319273e-05,2.2067238e-06,0.9966264,2.1871854e-05,1.4558294e-05
6,6,motorvehicle-horn,motorvehicle-horn,0.13092755,0.044413865,0.055910517,0.2029897,0.01332718,0.07408053,0.45843408,0.01991656
4,4,generator,generator,0.00010415086,0.00011122172,0.00053260644,0.00011119129,0.99775946,1.1075436e-05,0.0013119697,5.8228932e-05
6,1,motorvehicle-horn,community-radio,0.028467331,0.4069606,0.013440408,0.3461444,0.020160861,0.039724987,0.1037848,0.041316573
2,2,construction-site,construction-site,0.0010556551,0.007528891,0.9398047,0.02956717,0.01394507,0.0021581703,0.0038746912,0.0020657019
1,1,community-radio,community-radio,8.071493e-05,0.9912951,0.0002399308,0.0020947116,0.0005402059,0.004792267,0.00057997374,0.00037702557
2,2,construction-site,construction-site,0.00079308654,0.017671397,0.92612696,0.03752918,0.011872514,0.0038462325,0.0010783728,0.0010821187
6,6,motorvehicle-horn,motorvehicle-horn,0.14225167,0.015269009,0.02348254,0.033214014,0.012809642,0.0036457668,0.75314486,0.016182525
1,5,community-radio,mobile-music,0.00017108675,0.36834794,0.0002755919,0.0015774852,0.00010088027,0.62879676,0.00037760934,0.0003526764
7,7,motorvehicle-siren,motorvehicle-siren,1.0387228e-05,0.00014382992,1.947873e-05,2.3732133e-05,3.9862443e-06,1.7150543e-06,4.4811994e-05,0.9997521
1,1,community-radio,community-radio,0.0017601678,0.8581061,0.004737194,0.10067534,0.0024092782,0.00836326,0.018133694,0.005814991
4,0,generator,car-alarm,0.66362894,0.13732937,0.0033083255,0.112225585,0.014832552,0.019112894,0.045176476,0.0043858234
7,7,motorvehicle-siren,motorvehicle-siren,1.3157506e-06,3.6594683e-05,3.4281114e-05,1.9021209e-05,1.9627244e-06,2.9530582e-07,4.6466616e-06,0.9999019
4,4,generator,generator,3.0035475e-05,6.0013714e-05,6.085331e-05,3.6253474e-05,0.99928147,3.4127654e-06,0.00051079516,1.7150163e-05
1,3,community-radio,crowd-noise,0.0036336896,0.28696066,0.051989954,0.57298595,0.01150103,0.042314615,0.024907734,0.0057063675
1,1,community-radio,community-radio,0.017530039,0.5770557,0.00552356,0.07671103,0.019753747,0.02067123,0.12736405,0.15539059
2,2,construction-site,construction-site,0.0019710397,0.01622775,0.92173713,0.03602727,0.001916028,0.013256637,0.007961032,0.00090312836
7,7,motorvehicle-siren,motorvehicle-siren,8.488285e-05,0.0024319023,0.0005081655,0.0005271723,0.0001338761,3.4232085e-05,0.00039157612,0.9958882
6,0,motorvehicle-horn,car-alarm,0.54880273,0.00073619076,0.0042695375,0.006145634,0.018103072,0.0002509668,0.4169581,0.0047337958
0,0,car-alarm,car-alarm,0.99974746,3.193488e-06,4.1870477e-05,2.9175522e-05,1.0387338e-05,2.6693685e-06,0.00015283863,1.2431126e-05
5,5,mobile-music,mobile-music,6.264889e-05,0.005796615,0.00044823982,0.000110593406,8.119884e-06,0.9931879,0.00034536407,4.0499726e-05
4,4,generator,generator,1.5432872e-05,2.4019144e-05,0.00040104374,4.390982e-05,0.99938047,1.6739903e-06,9.846551e-05,3.4854384e-05
2,2,construction-site,construction-site,0.0068639736,0.0017322286,0.9220267,0.0020453597,0.00320963,0.039671063,0.024008606,0.00044240162
0,0,car-alarm,car-alarm,0.99961215,4.2514935e-06,4.8731883e-05,4.0319854e-05,1.588456e-05,3.4136374e-06,0.00025364105,2.167711e-05
2,2,construction-site,construction-site,0.00029442183,0.0024394663,0.9816435,0.007706455,0.0056096544,0.0012468026,0.0006399288,0.0004198619
0,0,car-alarm,car-alarm,0.9995958,5.504392e-06,7.6925855e-05,2.8012026e-05,8.078049e-06,7.174043e-06,0.00025881466,1.9646317e-05
3,2,crowd-noise,construction-site,0.0024518778,0.0089237625,0.9030159,0.07091917,0.0038757382,0.005350975,0.0045330254,0.00092944823
5,5,mobile-music,mobile-music,2.5966357e-05,0.0026840386,4.799692e-05,0.00029101432,2.4030567e-06,0.9968059,0.00012141767,2.1435153e-05
2,2,construction-site,construction-site,0.00012526543,0.00060748117,0.9918522,0.0025717083,0.0002050238,3.184722e-05,9.588565e-05,0.0045105927
3,3,crowd-noise,crowd-noise,0.003644061,0.055189777,0.022309566,0.4644211,0.007138002,0.4403191,0.004221277,0.0027572
2,2,construction-site,construction-site,0.00031194472,0.00085556984,0.9841883,0.0012087962,0.0041588745,0.0065901205,0.0025540697,0.00013245405
0,0,car-alarm,car-alarm,0.9994771,5.230131e-06,0.00019490156,4.768899e-05,6.307516e-06,4.5436614e-06,0.00019252492,7.169596e-05
1,1,community-radio,community-radio,0.0012534758,0.47134626,0.06276857,0.25258824,0.06505211,0.11437351,0.022205552,0.010412219
5,3,mobile-music,crowd-noise,0.011751304,0.29273447,0.084815085,0.42066243,0.015466232,0.07749508,0.08470248,0.012372885
2,2,construction-site,construction-site,6.3152555e-05,0.00017680302,0.99832386,0.0007539266,5.795956e-05,2.3997203e-05,2.6242982e-05,0.00057396124
0,6,car-alarm,motorvehicle-horn,0.120101355,0.0020882827,0.0044124764,0.006556666,0.0023205597,0.00055953284,0.8487357,0.015225463
0,2,car-alarm,construction-site,0.022208845,0.031631503,0.6065736,0.20006227,0.0081208935,0.025613409,0.099219725,0.0065698014
1,1,community-radio,community-radio,0.001858621,0.48599488,0.009520814,0.12717587,0.0108224815,0.32621542,0.032693453,0.0057183914
6,6,motorvehicle-horn,motorvehicle-horn,0.34876844,0.0022350224,0.018764468,0.015886659,0.1262618,0.0005191934,0.4748214,0.0127430605
1,1,community-radio,community-radio,4.0666106e-05,0.78888136,0.011868126,0.0020422935,0.0018077305,0.19411112,0.0010360115,0.00021260201
0,0,car-alarm,car-alarm,0.9995994,2.1482188e-05,9.35995e-05,0.00012281476,2.2697874e-05,7.112858e-06,8.769611e-05,4.5267803e-05
3,1,crowd-noise,community-radio,0.016348395,0.3516326,0.17655705,0.2544318,0.011826882,0.08620253,0.08650148,0.016499275
2,2,construction-site,construction-site,0.00037701745,0.0033343416,0.96388066,0.002552449,0.020895522,0.0015517771,0.0072407722,0.00016748815
7,7,motorvehicle-siren,motorvehicle-siren,6.2869117e-06,0.00022719688,4.586211e-05,5.3795146e-05,8.1991e-06,2.244234e-06,3.349036e-05,0.99962306
7,1,motorvehicle-siren,community-radio,0.006829046,0.5402467,0.0010926253,0.048177667,0.019706132,0.0073844735,0.018835992,0.35772732
1,1,community-radio,community-radio,0.0005214151,0.5601079,0.0044353628,0.15728204,0.0016097113,0.26815906,0.006658674,0.0012259188
6,6,motorvehicle-horn,motorvehicle-horn,0.30642,0.0012523679,0.0027135327,0.005029841,0.0055425134,0.0003099222,0.6697778,0.008954001
2,2,construction-site,construction-site,4.218605e-05,0.010645533,0.9773276,0.0037628573,0.006770741,0.0006840352,0.00046960395,0.00029737086
6,6,motorvehicle-horn,motorvehicle-horn,0.11065033,0.0068952506,0.075956486,0.025807068,0.16428629,0.0027488896,0.59302676,0.020628866
4,4,generator,generator,7.944576e-06,2.2650629e-05,5.310595e-05,1.3807192e-05,0.9997731,9.675955e-07,0.000120419914,7.971383e-06
1,5,community-radio,mobile-music,0.0005568693,0.15561858,0.0013448327,0.0067399056,0.00072799274,0.82903844,0.0043517803,0.001621594
1,1,community-radio,community-radio,2.7974134e-05,0.99235207,0.00022162846,0.00092525914,0.0019533974,0.0026675405,0.0008420155,0.0010101795
2,2,construction-site,construction-site,8.591549e-06,0.00498786,0.9923774,0.0012723337,0.00094174925,0.00012049246,0.00011991675,0.00017164313
6,6,motorvehicle-horn,motorvehicle-horn,0.26908177,0.0021664773,0.0011154262,0.0059471293,0.00069745624,0.00058448024,0.7091409,0.011266286
0,0,car-alarm,car-alarm,0.79233706,0.0027203995,0.19026801,0.009780539,0.00045343343,0.0005379691,0.0016686748,0.002233825
5,5,mobile-music,mobile-music,0.000105859894,0.0030304256,0.0002603444,0.0009710503,7.994607e-06,0.995048,0.0005000324,7.62297e-05
7,7,motorvehicle-siren,motorvehicle-siren,0.0021150233,0.026725687,0.0138020385,0.0021165465,0.0007460955,0.01663918,0.13409223,0.8037632
3,3,crowd-noise,crowd-noise,0.0016353645,0.005365589,0.03566249,0.9497646,0.0024809851,0.0013652911,0.00067392277,0.00305175
5,4,mobile-music,generator,0.15588047,0.15252449,0.0065210653,0.06957572,0.34719232,0.008357374,0.12625653,0.13369209
1,1,community-radio,community-radio,0.012894538,0.4389096,0.122231,0.17098299,0.066792086,0.06108228,0.058310393,0.06879711
4,4,generator,generator,6.444237e-05,0.00037548863,5.5957276e-05,2.12448e-05,0.9988772,4.5867523e-06,0.00044027573,0.00016081742
6,6,motorvehicle-horn,motorvehicle-horn,0.06997072,0.122930065,0.02304479,0.086167485,0.09332749,0.015884476,0.5295007,0.05917425
7,7,motorvehicle-siren,motorvehicle-siren,3.08005e-06,4.4202417e-05,3.1124735e-05,1.0404344e-05,8.729771e-07,7.920277e-07,1.2196132e-05,0.99989736
6,5,motorvehicle-horn,mobile-music,0.070360444,0.07714459,0.03796009,0.1592467,0.06330126,0.39527848,0.18861507,0.008093361
5,4,mobile-music,generator,0.008338099,0.037439,0.0007234244,0.010028301,0.9194995,0.0044334778,0.0094172675,0.01012083
6,6,motorvehicle-horn,motorvehicle-horn,0.09326775,0.014967898,0.09601666,0.060152683,0.036252808,0.014312908,0.6670892,0.01793995
1,1,community-radio,community-radio,7.059356e-05,0.9658351,0.00030981645,0.0042307917,0.014267156,0.007868434,0.004394038,0.0030240836
0,0,car-alarm,car-alarm,0.99974126,4.632337e-06,8.877799e-05,2.9723036e-05,5.1710285e-06,2.7915248e-06,7.5339296e-05,5.2364736e-05
3,1,crowd-noise,community-radio,0.0005363762,0.5735203,0.007971259,0.0069701397,0.0008432184,0.39223012,0.007833619,0.010094953
7,7,motorvehicle-siren,motorvehicle-siren,4.397441e-06,0.000111291025,2.3050241e-05,1.8283397e-05,1.973594e-06,1.1347197e-06,1.5311472e-05,0.9998247
6,6,motorvehicle-horn,motorvehicle-horn,0.16233575,0.0103719495,0.061072133,0.03390147,0.0066415244,0.005969581,0.6960868,0.023620715
0,0,car-alarm,car-alarm,0.99860424,1.6996217e-05,0.00042294894,0.00017359586,5.572803e-05,1.2059159e-05,0.00059873954,0.000115637005
2,7,construction-site,motorvehicle-siren,0.0005382998,0.017254632,0.21370044,0.013435516,0.0038172568,0.00016951896,0.00040075628,0.7506836
7,7,motorvehicle-siren,motorvehicle-siren,7.967118e-06,5.145928e-05,0.00031018883,8.2152765e-05,5.6822337e-06,1.6650132e-06,1.208183e-05,0.9995289
3,3,crowd-noise,crowd-noise,0.0001291484,0.0004476468,0.00041048945,0.99811375,0.00025041008,0.00046854964,6.223335e-05,0.00011781791
6,6,motorvehicle-horn,motorvehicle-horn,0.05604722,0.01630753,0.098963074,0.045044728,0.34156048,0.007666054,0.41827783,0.016133118
0,6,car-alarm,motorvehicle-horn,0.3178269,0.004501392,0.0074290615,0.010887004,0.00401685,0.0010581915,0.6413377,0.0129429195
7,7,motorvehicle-siren,motorvehicle-siren,6.899197e-06,0.0001637163,7.8341414e-05,8.03659e-05,7.0849546e-06,1.6991734e-06,1.9390378e-05,0.9996426
2,1,construction-site,community-radio,0.023044152,0.46356606,0.007944885,0.097196534,0.019725105,0.042050138,0.3203189,0.026154153
2,6,construction-site,motorvehicle-horn,0.0026611667,0.0020356728,0.4104012,0.006020899,0.020947456,0.0071386266,0.54963094,0.001164073
0,6,car-alarm,motorvehicle-horn,0.22361553,0.06012797,0.03793766,0.048552923,0.0106509365,0.028723938,0.5647536,0.025637355
5,5,mobile-music,mobile-music,1.7442713e-05,0.0027951149,0.00013426282,0.00021990426,7.782414e-06,0.99667454,0.00011235189,3.8633232e-05
4,4,generator,generator,0.0025315902,0.0012902038,0.001972285,0.0011144814,0.9776644,0.000106011765,0.012366729,0.002954293
1,1,community-radio,community-radio,1.771669e-05,0.98432213,0.0002187155,0.0015064587,0.0006409582,0.012590584,0.00049938826,0.0002039913
6,6,motorvehicle-horn,motorvehicle-horn,0.013062195,0.006042292,0.09487644,0.007814346,0.37450925,0.0046369913,0.49467164,0.0043869005
0,0,car-alarm,car-alarm,0.99959284,3.917656e-06,0.0001387474,3.9546176e-05,6.7955316e-06,3.0107e-06,0.00016941974,4.577883e-05
2,2,construction-site,construction-site,8.08086e-05,0.00013133379,0.99857664,0.00088217825,8.726534e-05,1.4606217e-05,2.060184e-05,0.00020651125
3,4,crowd-noise,generator,0.002225865,0.2241053,0.06537478,0.19508712,0.46083444,0.005611203,0.0240003,0.022760928
1,1,community-radio,community-radio,6.240964e-05,0.9803885,0.00042596852,0.0014177267,0.0006193451,0.015913464,0.0008419772,0.0003306972
3,3,crowd-noise,crowd-noise,0.006638188,0.042985994,0.011117329,0.75763077,0.008441787,0.15900074,0.010446353,0.0037389123
1,1,community-radio,community-radio,0.006136143,0.6643433,0.10399055,0.072865345,0.07124521,0.015772805,0.045184366,0.020462273
7,7,motorvehicle-siren,motorvehicle-siren,1.5425512e-06,8.100049e-05,4.3979395e-05,2.503618e-05,1.9314668e-06,9.334683e-07,8.157115e-06,0.9998374
2,2,construction-site,construction-site,0.0015324416,0.0043948377,0.9627901,0.026563883,0.001357569,0.0016509957,0.0005860437,0.0011241495
6,6,motorvehicle-horn,motorvehicle-horn,0.11129203,0.004821482,0.024230335,0.01391273,0.013112511,0.006996718,0.8129617,0.012672465
2,2,construction-site,construction-site,0.0013258003,0.0012175275,0.9838738,0.0021053776,0.008598284,7.4305644e-05,0.0010954086,0.0017094048
5,5,mobile-music,mobile-music,3.447448e-05,0.002755833,0.000115625204,0.00028632526,1.441744e-06,0.99666995,0.000105938845,3.0457562e-05
1,5,community-radio,mobile-music,2.4333609e-05,0.26306644,6.1776555e-05,0.00059441157,2.8510145e-05,0.73593706,0.00019559683,9.1942915e-05
6,6,motorvehicle-horn,motorvehicle-horn,0.14358246,0.022974031,0.024614923,0.060281698,0.041060667,0.003654258,0.67179286,0.03203899
6,6,motorvehicle-horn,motorvehicle-horn,0.08373469,0.00403219,0.006686721,0.008726349,0.0027836508,0.0012052548,0.809716,0.08311516
0,0,car-alarm,car-alarm,0.99816704,2.3731505e-05,0.00026974137,7.01879e-05,2.3174669e-05,3.0798514e-05,0.0010964382,0.00031886678
7,7,motorvehicle-siren,motorvehicle-siren,3.2256116e-06,9.404762e-05,5.879409e-05,4.25077e-05,3.7824964e-06,1.3217409e-06,1.2625587e-05,0.9997837
3,3,crowd-noise,crowd-noise,0.00014470947,0.0005838046,0.00037984218,0.997175,0.00024338246,0.0013022355,8.446601e-05,8.649686e-05
3,1,crowd-noise,community-radio,0.015124739,0.62231094,0.0066559133,0.13987546,0.04608702,0.07148209,0.07438672,0.024077112
1,1,community-radio,community-radio,0.09055069,0.48528218,0.009586416,0.07918538,0.008780317,0.057503816,0.21900626,0.050105028
2,5,construction-site,mobile-music,0.00016187041,0.10459677,0.0011350069,0.00667861,0.0007800948,0.88288367,0.003294668,0.00046925806
0,0,car-alarm,car-alarm,0.9996966,2.624144e-06,4.4310946e-05,2.19997e-05,6.8827126e-06,3.0969313e-06,0.00020906283,1.5368405e-05
4,4,generator,generator,5.3585358e-05,9.581125e-05,0.00025890488,7.1038034e-05,0.9986119,9.412558e-06,0.000857996,4.136627e-05
2,3,construction-site,crowd-noise,0.0010659166,0.0041627744,0.017921153,0.96972656,0.002294467,0.0006247432,0.0006533975,0.003551069
1,1,community-radio,community-radio,0.00024841118,0.9001252,0.0035449082,0.0046779537,0.0008460221,0.0895092,0.00067523326,0.0003730424
0,6,car-alarm,motorvehicle-horn,0.21495806,0.018035067,0.0015744354,0.008753535,0.011526107,0.0030449883,0.7230885,0.019019378
0,6,car-alarm,motorvehicle-horn,0.12068447,0.010875646,0.0050682435,0.02222567,0.0023878277,0.0012072123,0.7904222,0.047128715
3,3,crowd-noise,crowd-noise,0.000228035,0.0004325413,0.0002944678,0.9981285,0.0002878034,0.00039203578,7.099869e-05,0.00016563894
5,5,mobile-music,mobile-music,0.0019052094,0.13691342,0.0052954843,0.0075355256,0.0012674286,0.78926724,0.055984978,0.0018306327
2,2,construction-site,construction-site,0.0017870831,0.009029181,0.8129127,0.14788932,0.0196226,0.0027280836,0.003597106,0.0024339748
0,0,car-alarm,car-alarm,0.99975866,2.7650035e-06,4.807533e-05,2.9067285e-05,6.0367543e-06,2.8438699e-06,0.00012601893,2.65214e-05
0,6,car-alarm,motorvehicle-horn,0.26673475,0.0011622537,0.005663546,0.007380956,0.0019924515,0.00076350756,0.70881814,0.0074844523
1,1,community-radio,community-radio,0.001203094,0.76254225,0.060864534,0.09283019,0.024792941,0.0147835445,0.036381472,0.0066020344
6,6,motorvehicle-horn,motorvehicle-horn,0.02261836,0.062412284,0.026643202,0.023063717,0.12589216,0.0029684228,0.6413965,0.09500536
0,0,car-alarm,car-alarm,0.7606277,0.016108934,0.0092371935,0.027855441,0.03463175,0.005519374,0.14103538,0.004984352
0,0,car-alarm,car-alarm,0.99491525,5.1592556e-06,0.00012578332,7.1077615e-05,0.00011630494,5.038031e-06,0.004492672,0.0002686901
2,2,construction-site,construction-site,1.0551792e-05,0.0001424894,0.99920136,0.00036971807,4.73463e-05,9.12183e-06,7.3386823e-06,0.00021202551
4,4,generator,generator,2.124984e-05,5.7516463e-05,0.00016526278,3.6853107e-05,0.9993382,3.8112094e-06,0.00035877686,1.8303874e-05
1,1,community-radio,community-radio,0.006212212,0.85215616,0.0019651386,0.06123579,0.003390341,0.05976457,0.009540302,0.005735459
1,5,community-radio,mobile-music,0.0003669063,0.32638,0.0015470064,0.029676232,0.016400155,0.6207999,0.0032637166,0.0015660467
7,7,motorvehicle-siren,motorvehicle-siren,1.5229647e-06,0.00013766438,0.00021917331,3.4278946e-05,2.3908035e-06,6.945198e-07,1.1372627e-05,0.99959284
1,1,community-radio,community-radio,7.5239506e-05,0.9311695,9.34912e-05,0.0020319368,0.00023582898,0.06579175,0.00030991714,0.0002924294
5,5,mobile-music,mobile-music,2.7122867e-05,0.004030965,0.00020090611,0.001127759,1.8618106e-05,0.9943327,0.00024966474,1.22773545e-05
2,2,construction-site,construction-site,0.0012797046,0.0075515294,0.8967655,0.057398785,0.0121593,0.013269661,0.0108824335,0.0006932433
7,7,motorvehicle-siren,motorvehicle-siren,0.000277826,2.3921533e-05,2.759879e-05,2.6936488e-05,7.5653035e-05,3.0506365e-07,0.00035223828,0.9992156
6,0,motorvehicle-horn,car-alarm,0.4311007,0.111024275,0.054641526,0.077328004,0.01962947,0.01741968,0.27126855,0.017587803
5,5,mobile-music,mobile-music,0.0001243156,0.08563439,0.00057393697,0.0013225556,0.000117592164,0.911581,0.00049981725,0.00014643294
1,1,community-radio,community-radio,0.00030966836,0.9666217,0.00034932623,0.005066603,0.011333319,0.007559911,0.0063822586,0.0023771455
5,1,mobile-music,community-radio,0.0055042314,0.5086057,0.0071858237,0.33723968,0.013462037,0.07268189,0.028454456,0.026866151
6,0,motorvehicle-horn,car-alarm,0.6087403,0.0023140325,0.00833657,0.014746353,0.014106311,0.0012592388,0.34219614,0.008301051
3,3,crowd-noise,crowd-noise,0.000404755,0.005330846,0.010225122,0.95379955,0.00039474873,0.028640693,0.0005774732,0.0006266864
1,1,community-radio,community-radio,0.0004327081,0.9594283,0.0011145899,0.014438983,0.0007561364,0.020601394,0.002575493,0.0006523968
4,4,generator,generator,0.00034292508,0.0008575842,0.000800121,0.0007895777,0.9901772,0.00023015677,0.006585499,0.00021693455
6,6,motorvehicle-horn,motorvehicle-horn,0.11260086,0.015094869,0.032073725,0.026202954,0.0047720317,0.026414076,0.7684223,0.014419218
1,1,community-radio,community-radio,0.00046186746,0.9676862,0.00021191812,0.004074066,0.0005139251,0.0235177,0.0031076584,0.00042671358
4,4,generator,generator,0.0023403598,0.004382953,0.005429256,0.007140145,0.96309596,0.0005067379,0.013992118,0.0031124402
3,3,crowd-noise,crowd-noise,0.00027034222,0.0009303456,0.0010739702,0.9959032,0.0005653397,0.00081071234,0.00020765746,0.0002384763
7,7,motorvehicle-siren,motorvehicle-siren,0.0003769093,0.00027477604,0.0009345821,0.00043751526,0.00036838668,1.0898387e-05,0.0003422764,0.99725467
5,6,mobile-music,motorvehicle-horn,0.028046114,0.1272279,0.012365408,0.04055186,0.06088446,0.21196517,0.50829315,0.010665927
1,1,community-radio,community-radio,8.831377e-06,0.99555606,3.906752e-05,0.00023322397,0.00021230364,0.0038222438,6.223248e-05,6.6035704e-05
4,4,generator,generator,7.249135e-05,0.016361017,0.0016105833,0.0014498928,0.97733647,0.0003743806,0.0025797621,0.00021546858
4,4,generator,generator,0.00049107993,0.011264225,0.035183962,0.014532127,0.9299045,0.00042664117,0.0034623893,0.004735105
1,1,community-radio,community-radio,8.17923e-05,0.92696524,0.0003203587,0.0017685139,0.00037148703,0.06658364,0.0020568464,0.0018521022
1,1,community-radio,community-radio,0.00043001457,0.49672338,0.005698564,0.011430452,0.005413482,0.4666787,0.011312451,0.0023129012
5,5,mobile-music,mobile-music,0.00038871862,0.03412077,0.00064415985,0.013857295,0.00018643677,0.9482205,0.0017744638,0.0008076547
3,2,crowd-noise,construction-site,0.0028555917,0.064968914,0.4828267,0.40019068,0.014855133,0.021846917,0.005110791,0.00734527
0,0,car-alarm,car-alarm,0.99873775,1.51931345e-05,4.2940097e-05,4.021822e-05,3.8293394e-05,9.227811e-06,0.0010720047,4.4296317e-05
7,7,motorvehicle-siren,motorvehicle-siren,6.897372e-05,0.0027547202,0.00020702885,0.0004657645,1.260117e-05,0.00013012097,0.00019838806,0.9961624
7,7,motorvehicle-siren,motorvehicle-siren,3.115774e-05,0.00052362616,0.0001562364,8.677722e-05,4.397997e-06,5.601415e-06,2.9442275e-05,0.9991628
1,1,community-radio,community-radio,0.00416684,0.5078325,0.20081706,0.1497298,0.009227437,0.06530247,0.05667997,0.006243868
5,5,mobile-music,mobile-music,0.0013758569,0.029337524,0.0023085072,0.0451777,0.0005933261,0.9136795,0.0065192473,0.0010083668
3,3,crowd-noise,crowd-noise,0.009996158,0.18180302,0.19595209,0.24286518,0.20576537,0.0158307,0.089271225,0.058516234
2,2,construction-site,construction-site,0.0023405743,0.018936241,0.6198428,0.01006571,0.0008590941,0.33362672,0.013435892,0.00089290435
5,5,mobile-music,mobile-music,0.0006464346,0.0084019955,0.0012560894,0.0065515577,7.777615e-05,0.98064137,0.0020571046,0.00036771188
6,6,motorvehicle-horn,motorvehicle-horn,0.11164411,0.037739936,0.016324846,0.07588824,0.023374597,0.00442638,0.6723941,0.058207817
5,5,mobile-music,mobile-music,0.00037127585,0.1814597,0.0007728724,0.023466634,0.0006681949,0.78924906,0.0009726811,0.0030396008
7,7,motorvehicle-siren,motorvehicle-siren,5.0999308e-05,0.00060602237,0.0006797694,0.000573057,4.524398e-05,2.1407788e-05,7.9505e-05,0.99794406
2,2,construction-site,construction-site,0.0022689765,0.016719924,0.8670703,0.07330295,0.024596805,0.0038193376,0.00698788,0.0052338447
2,2,construction-site,construction-site,0.019982768,0.008834106,0.48824808,0.015885772,0.0023001898,0.2954452,0.15544963,0.013854233
2,2,construction-site,construction-site,0.0044150087,0.022366097,0.7466165,0.18672273,0.011141529,0.00999361,0.015291451,0.0034531541
1,1,community-radio,community-radio,0.0003968654,0.74408764,0.006880008,0.2179198,0.0013355794,0.023772402,0.002383036,0.0032246227
3,3,crowd-noise,crowd-noise,0.00017314013,0.0005405866,0.0007945263,0.9974712,0.00034420218,0.00043130567,8.612008e-05,0.0001589737
2,2,construction-site,construction-site,0.0011608129,0.0014672271,0.94354343,0.0033606265,0.0025728596,0.0031033307,0.043976914,0.0008148577
2,2,construction-site,construction-site,3.7877307e-05,0.00015400411,0.99790776,0.0013374521,0.0004529868,1.2736093e-05,4.1661275e-05,5.558893e-05
4,4,generator,generator,0.0006964031,0.10668536,0.3584527,0.026987357,0.487733,0.0051286835,0.013250134,0.0010662596
1,1,community-radio,community-radio,0.0041253287,0.6209378,0.012726634,0.009189709,0.0026332536,0.3039603,0.03737692,0.009050096
5,5,mobile-music,mobile-music,2.8791732e-05,0.0022487324,7.233293e-05,0.00028838572,3.861479e-06,0.99720687,0.00012039948,3.0599986e-05
1,3,community-radio,crowd-noise,0.000630098,0.25706545,0.0065051713,0.63292533,0.00910179,0.08194607,0.0085441,0.0032820108
6,6,motorvehicle-horn,motorvehicle-horn,0.18083549,0.009397626,0.032779653,0.044496603,0.0044551725,0.010668611,0.70292336,0.014443436
7,7,motorvehicle-siren,motorvehicle-siren,4.267752e-06,0.00013028513,2.471872e-05,2.355078e-05,1.401124e-06,1.0087058e-06,1.9267725e-05,0.9997954
4,4,generator,generator,2.7153133e-05,5.172764e-05,0.00013800627,3.96284e-05,0.9993926,3.1942548e-06,0.00032388163,2.3720093e-05
0,0,car-alarm,car-alarm,0.9997652,2.5846675e-06,6.196137e-05,2.2739037e-05,4.9145297e-06,2.0530815e-06,9.994352e-05,4.073164e-05
0,6,car-alarm,motorvehicle-horn,0.15091155,0.004637809,0.0052701314,0.013730664,0.0053438717,0.0011210324,0.8059404,0.013044578
2,2,construction-site,construction-site,0.0027077338,0.33149576,0.33931544,0.06968743,0.00526795,0.22163473,0.02463872,0.0052522384
0,6,car-alarm,motorvehicle-horn,0.38152617,0.011328749,0.05361323,0.029753491,0.03618633,0.0019731647,0.4789978,0.0066211405
2,3,construction-site,crowd-noise,0.008367676,0.15675537,0.19320041,0.3567482,0.1852204,0.010908324,0.055313572,0.033486
0,0,car-alarm,car-alarm,0.9996381,7.277575e-06,9.576238e-05,6.236376e-05,7.04345e-06,5.6377216e-06,0.000111387475,7.251121e-05
3,3,crowd-noise,crowd-noise,0.0001500485,0.000455334,0.00026420061,0.9980793,0.0002742644,0.0005971913,6.4184096e-05,0.00011552795
5,1,mobile-music,community-radio,5.6135712e-05,0.7048158,0.0075277956,0.0043159947,0.008133312,0.27019042,0.0042001028,0.0007604054
7,2,motorvehicle-siren,construction-site,0.029470067,0.025427522,0.8059816,0.05797642,0.025878333,0.036615305,0.015682627,0.0029680578
3,3,crowd-noise,crowd-noise,0.000668855,0.012267027,0.00967102,0.9735556,0.0007204985,0.0012794834,0.0008333924,0.0010041362
6,6,motorvehicle-horn,motorvehicle-horn,0.1414356,0.005638028,0.02189367,0.023306942,0.009813232,0.008971522,0.77839744,0.01054357
7,7,motorvehicle-siren,motorvehicle-siren,5.418869e-06,0.00012645345,3.1966287e-05,1.8321574e-05,1.1438998e-06,1.2674963e-06,2.490655e-05,0.9997905
1,1,community-radio,community-radio,0.0001532896,0.9258404,0.0009000365,0.009421895,0.0010982936,0.05969201,0.0022983819,0.00059573713
4,4,generator,generator,1.7244625e-05,5.0124858e-05,9.420648e-05,2.9491766e-05,0.99955934,2.4845701e-06,0.00022587302,2.1258638e-05
1,3,community-radio,crowd-noise,0.0010234712,0.097699575,0.0031946667,0.63194716,0.0017111165,0.2587196,0.004066094,0.0016382927
5,5,mobile-music,mobile-music,0.0014200489,0.25348955,0.012439156,0.11549701,0.0015194926,0.60501367,0.006720659,0.003900469
4,1,generator,community-radio,0.00036817006,0.56050134,0.24802081,0.033573154,0.11444487,0.034429267,0.005544869,0.0031174975
4,4,generator,generator,0.00024001503,0.0004486398,0.0009424251,0.0006751237,0.99532866,2.662615e-05,0.0018740896,0.00046429236
4,5,generator,mobile-music,0.0052824537,0.18040323,0.05529737,0.12734249,0.24870381,0.3110451,0.028634774,0.043290682
5,5,mobile-music,mobile-music,4.2883647e-05,0.0050494457,4.3359854e-05,0.00017543937,1.9482677e-06,0.9945656,0.00010291029,1.8351595e-05
3,3,crowd-noise,crowd-noise,0.00027468588,0.00081665546,0.00051638193,0.9968399,0.0007066385,0.0004278677,0.00012778064,0.00029004033
5,5,mobile-music,mobile-music,0.0009137874,0.018504111,0.0031544145,0.06813602,0.00026438502,0.90733415,0.00083010044,0.00086302916
1,1,community-radio,community-radio,4.0797575e-05,0.9556473,0.0012955202,0.0055026123,0.0014003499,0.03360276,0.00042368125,0.0020869463
0,0,car-alarm,car-alarm,0.99968064,2.4717754e-06,7.843814e-05,2.2154665e-05,6.9689813e-06,3.8543376e-06,0.00018901599,1.6620794e-05
1,1,community-radio,community-radio,0.006996071,0.41594574,0.13761824,0.23847899,0.034848418,0.060775936,0.080211304,0.025125258
0,0,car-alarm,car-alarm,0.5347493,0.00079623325,0.006588471,0.006667819,0.0058750156,0.00039755815,0.44135875,0.0035668672
1,1,community-radio,community-radio,5.033319e-05,0.9615136,0.002822529,0.00321187,0.0050178487,0.018817604,0.0020775844,0.006488682
2,2,construction-site,construction-site,8.361984e-05,0.00017033835,0.9971554,0.00022466741,0.0012451024,0.0005330681,0.0005411888,4.652361e-05
3,3,crowd-noise,crowd-noise,0.00010266827,0.024858417,0.0013323904,0.9344979,0.00041217156,0.038065493,0.00036533232,0.00036571737
3,1,crowd-noise,community-radio,0.004377848,0.6961559,0.0024884657,0.22328278,0.0056866724,0.04206745,0.024344625,0.0015962675
4,4,generator,generator,3.74392e-05,0.00015149591,0.00042466616,8.008492e-05,0.9986149,1.17886e-05,0.00064440625,3.5329478e-05
6,1,motorvehicle-horn,community-radio,0.010182839,0.34941062,0.06689331,0.074210264,0.089520626,0.22454755,0.01886098,0.16637383
2,2,construction-site,construction-site,0.0002025598,0.021882793,0.93847567,0.001387565,0.013712642,0.022952229,0.0012351957,0.00015132027
2,2,construction-site,construction-site,0.0036390976,0.028341925,0.5842021,0.35387215,0.018593239,0.004441548,0.0012414146,0.0056685805
6,6,motorvehicle-horn,motorvehicle-horn,0.22130366,0.1578373,0.04721192,0.24359405,0.011150453,0.014064703,0.2544207,0.05041722
1,1,community-radio,community-radio,5.5018456e-05,0.9934028,0.00020651164,0.002467745,0.0007049344,0.001192612,0.00034625016,0.0016240953
5,5,mobile-music,mobile-music,4.1239884e-05,0.011269376,0.0001756434,0.0002475911,1.8587634e-05,0.9878906,0.00031657115,4.0355317e-05
5,5,mobile-music,mobile-music,0.00017992685,0.013113592,0.0005136093,0.0025041634,3.3023225e-05,0.9821416,0.0013990072,0.0001150263
3,2,crowd-noise,construction-site,0.00041000138,0.039245635,0.8073337,0.14047293,0.0023471613,0.0075403135,0.00048107174,0.0021691553
2,2,construction-site,construction-site,0.0042351005,0.010992058,0.90390956,0.045227095,0.008888025,0.007909207,0.016928943,0.0019100567
3,3,crowd-noise,crowd-noise,0.00017368735,0.0010088233,0.0006622012,0.99649847,0.00078352646,0.0005115609,0.00012192539,0.00023972923
4,4,generator,generator,2.8800061e-05,5.7845667e-05,0.00017421147,3.8420425e-05,0.9992072,3.90084e-06,0.00046956827,1.997008e-05
6,6,motorvehicle-horn,motorvehicle-horn,0.24235846,0.06346117,0.05313693,0.08280114,0.033125572,0.10331458,0.37905204,0.042750183
2,2,construction-site,construction-site,0.0004111416,0.017869331,0.93024635,0.03604914,0.006319955,0.0037578808,0.0040298165,0.0013164815
5,5,mobile-music,mobile-music,5.9163754e-05,0.007021862,0.0002839844,0.00016663836,9.009105e-06,0.9919923,0.00036739453,9.964951e-05
4,4,generator,generator,4.002389e-05,8.773525e-05,1.6242226e-05,3.0377421e-05,0.9996326,1.1732146e-06,0.00010526724,8.654317e-05
6,6,motorvehicle-horn,motorvehicle-horn,0.0893613,0.0007630502,0.02204761,0.008396875,0.005227293,0.00056748436,0.8710901,0.0025462965
0,6,car-alarm,motorvehicle-horn,0.28892317,0.0009259008,0.005725803,0.0058977846,0.0014056856,0.00071388,0.69216573,0.0042419964
0,0,car-alarm,car-alarm,0.9996278,3.0625733e-06,2.5709878e-05,2.1586657e-05,1.5839396e-05,2.2998925e-06,0.00028985605,1.3833864e-05
5,5,mobile-music,mobile-music,6.758979e-05,0.2567037,0.00021941068,0.001055579,3.4778906e-05,0.7412859,0.00040269835,0.00023037964
2,2,construction-site,construction-site,0.0012125856,0.0038907402,0.8048876,0.010498794,0.0029400305,7.844463e-05,0.0018064596,0.17468534
4,4,generator,generator,4.5905334e-05,8.833317e-05,1.4017889e-05,2.6016975e-05,0.9996124,9.67344e-07,0.00012358476,8.877637e-05
1,1,community-radio,community-radio,0.00013902922,0.87008494,0.0030779408,0.06071629,0.008758914,0.05379422,0.002042583,0.0013861265
1,1,community-radio,community-radio,0.00067443744,0.57703733,0.22906409,0.107016094,0.05228554,0.015985962,0.0025097504,0.015426804
2,3,construction-site,crowd-noise,0.0014444772,0.015171218,0.47512624,0.4843663,0.013050554,0.003370668,0.0021304484,0.005340179
3,3,crowd-noise,crowd-noise,0.0008746186,0.014091614,0.08385243,0.894452,0.0009807163,0.0025792292,0.0020069052,0.0011625929
1,1,community-radio,community-radio,0.00055359944,0.8936893,0.0020712214,0.06855738,0.005133538,0.01952984,0.005329586,0.0051355087
6,6,motorvehicle-horn,motorvehicle-horn,0.2848444,0.0026421424,0.009454168,0.0146816205,0.05648208,0.00039682662,0.61955374,0.01194504
0,6,car-alarm,motorvehicle-horn,0.056433264,0.01828487,0.0046207705,0.027907839,0.08634282,0.0019895665,0.78806496,0.016355898
3,3,crowd-noise,crowd-noise,0.0005472587,0.007044372,0.0006188126,0.97689897,0.001252405,0.0126055805,0.00063089305,0.00040163123
0,0,car-alarm,car-alarm,0.9996971,2.9055172e-06,2.930391e-05,3.086123e-05,1.1580203e-05,2.3667328e-06,0.00021237828,1.3527181e-05
6,2,motorvehicle-horn,construction-site,0.0014139795,0.005336435,0.7472689,0.009696124,0.05646648,0.0027346148,0.1700762,0.007007243
5,5,mobile-music,mobile-music,0.0003366783,0.006293717,0.0013591325,0.0021294528,7.453971e-05,0.98689586,0.0026461715,0.00026448
1,1,community-radio,community-radio,0.0004952258,0.8722406,0.008920705,0.01787457,0.0156534,0.048775252,0.031992786,0.0040474194
1,1,community-radio,community-radio,0.00016997862,0.9698197,0.0009332817,0.008802789,0.0011310504,0.013577027,0.0043016607,0.0012644666
0,0,car-alarm,car-alarm,0.9995372,6.1162423e-06,5.021446e-05,6.09901e-05,2.3168046e-05,5.194357e-06,0.00029679088,2.0345557e-05
5,5,mobile-music,mobile-music,0.000105936895,0.0034556638,0.00031504754,0.0021629403,5.432088e-06,0.9932243,0.00067918457,5.1397394e-05
6,6,motorvehicle-horn,motorvehicle-horn,0.2175357,0.0046466873,0.022344163,0.01965847,0.008822305,0.0014260206,0.70215434,0.023412261
0,0,car-alarm,car-alarm,0.9990375,6.6609764e-06,0.00030951967,7.9115045e-05,3.6612284e-05,1.46872435e-05,0.00046958996,4.637315e-05
1,1,community-radio,community-radio,0.003983122,0.36642593,0.07367896,0.35253432,0.0063896305,0.17514978,0.011482205,0.010356045
7,7,motorvehicle-siren,motorvehicle-siren,2.1205296e-05,0.0001542319,6.279119e-05,5.2563362e-05,7.056972e-06,2.2945862e-06,6.4422e-05,0.99963534
2,2,construction-site,construction-site,0.0011116255,0.0063187084,0.9655889,0.015753677,0.0027473234,0.0014613889,0.005930646,0.0010876631
6,6,motorvehicle-horn,motorvehicle-horn,0.32432884,0.0009241299,0.0017341388,0.003956813,0.0021459286,0.00038738805,0.6621168,0.00440594
1,1,community-radio,community-radio,0.00016661736,0.8827573,0.00018874659,0.0020051207,0.0003878665,0.11089929,0.0018411765,0.00175395
4,4,generator,generator,0.0035445741,4.09384e-05,0.0022104608,0.0006296125,0.986014,1.7339295e-06,0.007103435,0.00045520547
7,7,motorvehicle-siren,motorvehicle-siren,0.0016252233,0.0030747475,0.059860975,0.013339063,0.0010503768,6.565425e-05,0.0007372641,0.9202466
0,6,car-alarm,motorvehicle-horn,0.09356409,0.008648314,0.006391367,0.025228145,0.0038342404,0.002048841,0.8449705,0.015314447
5,5,mobile-music,mobile-music,0.00011789045,0.004519167,0.00019210715,0.00085367076,6.797578e-06,0.9938579,0.0003981849,5.422498e-05
6,2,motorvehicle-horn,construction-site,0.060055666,0.030112479,0.3618623,0.18691456,0.021917937,0.0192875,0.27291328,0.046936303
5,1,mobile-music,community-radio,0.0012145358,0.51799667,0.0016423293,0.21739572,0.01689321,0.23498185,0.007030498,0.0028452277
2,2,construction-site,construction-site,0.00046543925,0.0015028918,0.95082986,0.00040394717,0.0008954237,0.04221578,0.0032497018,0.0004370123
1,1,community-radio,community-radio,0.00015696051,0.95619655,0.003693756,0.0025470257,0.0029761964,0.03357201,0.00059046794,0.0002669797
6,6,motorvehicle-horn,motorvehicle-horn,0.0039737793,0.029080683,0.017318372,0.008537214,0.0102207875,0.053857185,0.86788297,0.009129039
0,1,car-alarm,community-radio,0.008173853,0.34084857,0.0061075003,0.21986821,0.056130275,0.16332802,0.0056083505,0.19993529
0,6,car-alarm,motorvehicle-horn,0.2810648,0.0026609236,0.008568312,0.014189232,0.2219403,0.0005612137,0.465728,0.00528719
7,7,motorvehicle-siren,motorvehicle-siren,0.00013809127,0.14392352,0.00039074384,0.0010794753,0.0012828516,0.023030436,0.0025204294,0.82763445
4,4,generator,generator,1.1054737e-05,4.2492393e-05,8.300714e-05,2.2555665e-05,0.9996563,2.0628984e-06,0.0001707758,1.169657e-05
6,6,motorvehicle-horn,motorvehicle-horn,0.071634226,0.01991964,0.011653723,0.023556408,0.064235814,0.0064618457,0.7931321,0.00940624
1,1,community-radio,community-radio,5.107387e-05,0.98539424,9.465242e-05,0.0014642394,0.0002142577,0.011772987,0.0008494592,0.00015899412
0,0,car-alarm,car-alarm,0.99824584,1.0969331e-05,0.0006356004,0.00019690968,9.428874e-05,2.0130252e-05,0.0007215252,7.4901815e-05
4,2,generator,construction-site,0.0016799849,0.063016154,0.54837036,0.19064657,0.14247926,0.020353707,0.029701788,0.003752241
3,3,crowd-noise,crowd-noise,5.3294603e-05,0.0003309249,0.00034552754,0.99824524,0.00020515033,0.0007567185,3.0865853e-05,3.2299788e-05
5,5,mobile-music,mobile-music,1.3565091e-05,0.0016408071,5.8469584e-05,0.00015010082,1.620054e-06,0.99796754,0.00012647956,4.143205e-05
4,4,generator,generator,6.5533604e-05,0.00014896778,2.1993485e-05,6.642262e-05,0.9993131,1.5192243e-06,0.00012467551,0.0002577905
6,6,motorvehicle-horn,motorvehicle-horn,0.044088915,0.19150224,0.015174881,0.15308511,0.04240042,0.03278907,0.4603411,0.060618207
2,1,construction-site,community-radio,0.009398825,0.39562982,0.024816353,0.17504151,0.2090571,0.0077522923,0.16316262,0.015141473
2,2,construction-site,construction-site,0.07105958,0.062168624,0.3918786,0.12439697,0.013136739,0.019270934,0.28234655,0.035742033
7,7,motorvehicle-siren,motorvehicle-siren,4.0130082e-05,0.00022802426,0.0087869605,0.00031173372,2.0649732e-05,1.24927965e-05,4.3891814e-05,0.99055606
3,3,crowd-noise,crowd-noise,0.017457837,0.054305136,0.011411832,0.828076,0.0072386395,0.06238888,0.012549238,0.006572424
4,4,generator,generator,0.00066297094,0.0016867687,0.0024013736,0.001497121,0.9817447,0.0002491478,0.010686495,0.001071276
3,3,crowd-noise,crowd-noise,9.153837e-05,0.00039572924,0.0003779289,0.99832815,0.00020208981,0.0004803239,5.2380354e-05,7.186888e-05
2,2,construction-site,construction-site,0.0014709834,0.011644507,0.8724803,0.05317846,0.022883024,0.021681216,0.015838929,0.0008226189
0,0,car-alarm,car-alarm,0.99945515,1.5677271e-05,5.9601523e-05,8.436908e-05,4.7482194e-05,4.8462553e-06,0.00029515233,3.7571106e-05
2,1,construction-site,community-radio,0.0017169858,0.6481326,0.11643229,0.16067632,0.043147936,0.012119114,0.0030884028,0.014686423
1,1,community-radio,community-radio,0.0004509429,0.7959745,0.0021850837,0.019156603,0.002138462,0.17279953,0.004989815,0.0023050818
0,0,car-alarm,car-alarm,0.9996164,4.683425e-06,0.00012205229,5.2701704e-05,9.561315e-06,3.0275805e-06,0.00011477654,7.686254e-05
3,3,crowd-noise,crowd-noise,0.0014743581,0.005552478,0.0019034195,0.975316,0.0019148178,0.011461691,0.001770955,0.00060633867
3,3,crowd-noise,crowd-noise,0.0003976727,0.0014647787,0.0021198809,0.9921422,0.00031322724,0.0028275468,0.00044982316,0.00028476858
1,1,community-radio,community-radio,0.0028306511,0.77301985,0.0006848958,0.02463345,0.00055858,0.19443162,0.0031455236,0.0006953577
2,2,construction-site,construction-site,0.0027021267,0.0010417581,0.93011403,0.002231903,0.0015733178,0.03881297,0.023167288,0.00035659008
4,2,generator,construction-site,0.010349834,0.022701427,0.4198273,0.08612003,0.40045998,0.0047304886,0.040487796,0.015323151
1,5,community-radio,mobile-music,0.0032561608,0.37952706,0.0018925216,0.12251063,0.004428275,0.46346515,0.022561194,0.002358978
1,1,community-radio,community-radio,0.010003842,0.761119,0.0070592705,0.1333048,0.0033897164,0.027979942,0.04598273,0.011160635
7,7,motorvehicle-siren,motorvehicle-siren,4.2863117e-06,0.00013281174,3.6475783e-05,2.6031921e-05,1.4106691e-06,1.1092677e-06,2.0385938e-05,0.9997775
6,4,motorvehicle-horn,generator,0.019486453,0.08224781,0.11074256,0.26729152,0.2743529,0.0047993734,0.19191135,0.049168024
1,1,community-radio,community-radio,4.8581078e-05,0.98190975,0.0005263631,0.0026047784,0.0009083462,0.011911394,0.0015477896,0.0005430147
6,6,motorvehicle-horn,motorvehicle-horn,0.45460603,0.0021822487,0.0029795007,0.0087656835,0.005478756,0.00069788046,0.5167698,0.008520034
7,7,motorvehicle-siren,motorvehicle-siren,4.1289945e-06,0.00012224086,4.4335917e-05,2.435913e-05,1.1826767e-06,9.553552e-07,2.1641463e-05,0.9997812
0,6,car-alarm,motorvehicle-horn,0.14615984,0.001707157,0.005805383,0.0071080555,0.0011624859,0.0008860416,0.82976943,0.007401527
3,3,crowd-noise,crowd-noise,0.00019675436,0.00036308102,0.00022442019,0.99827874,0.00020275623,0.0005668552,6.19934e-05,0.00010538606
1,1,community-radio,community-radio,0.00038520744,0.94675404,0.0009939204,0.015397377,0.011558275,0.0184319,0.0036340063,0.0028452869
3,6,crowd-noise,motorvehicle-horn,0.09310891,0.06665369,0.30499843,0.10257289,0.024970438,0.043893475,0.3449779,0.018824315
3,3,crowd-noise,crowd-noise,0.002086875,0.009610086,0.067476094,0.8972205,0.007855786,0.01072059,0.0027428889,0.0022871234
5,5,mobile-music,mobile-music,2.5526224e-05,0.007461995,6.0955605e-05,0.00070398883,7.2483454e-06,0.9915108,0.0001957254,3.366863e-05
1,1,community-radio,community-radio,0.0006090761,0.9578738,0.0028404652,0.020033924,0.0045170914,0.0031911638,0.006670181,0.0042642257
1,1,community-radio,community-radio,5.51095e-05,0.9600687,0.00016681607,0.0006170179,0.00010413041,0.038593527,0.00027762496,0.0001170791
7,7,motorvehicle-siren,motorvehicle-siren,3.816283e-05,0.0017851456,0.00023657423,0.0001887734,0.00018150092,1.2189748e-05,0.00013272156,0.99742496
5,5,mobile-music,mobile-music,0.000109520704,0.007354784,0.00024710264,0.0015868247,2.286079e-05,0.9896241,0.0009719594,8.279065e-05
1,1,community-radio,community-radio,0.00027141316,0.9723894,0.0005673084,0.011907881,0.0034189706,0.008240623,0.0026147568,0.0005896897
3,6,crowd-noise,motorvehicle-horn,0.042970944,0.11829759,0.15878265,0.14675352,0.04796752,0.022401663,0.43663505,0.026191
5,2,mobile-music,construction-site,0.005342282,0.082463235,0.36112198,0.34366184,0.002764343,0.1906891,0.0072325044,0.006724689
0,0,car-alarm,car-alarm,0.99946886,4.019858e-06,0.00013399124,4.5849698e-05,1.896965e-05,7.0091587e-06,0.00029606643,2.526113e-05
5,2,mobile-music,construction-site,0.006632508,0.02676944,0.6141396,0.2597977,0.012950435,0.06002085,0.015607137,0.004082298
2,2,construction-site,construction-site,0.00011038483,0.0003533984,0.9880576,0.0006144641,0.007638711,0.00078202196,0.0021889603,0.0002544544
4,4,generator,generator,1.2757709e-05,8.0967544e-07,1.9281762e-05,3.2862108e-06,0.9998227,2.1205285e-07,0.00012791803,1.3080506e-05
5,5,mobile-music,mobile-music,0.00042374412,0.017772486,0.0012894192,0.011242348,9.849198e-05,0.9673024,0.001507907,0.00036322162
6,6,motorvehicle-horn,motorvehicle-horn,0.17776762,0.00132245,0.022584088,0.009870162,0.015005379,0.0005568787,0.75842434,0.014469016
6,6,motorvehicle-horn,motorvehicle-horn,0.3632318,0.001695131,0.003830039,0.0063213906,0.008148952,0.0006724791,0.60975766,0.0063425233
6,6,motorvehicle-horn,motorvehicle-horn,0.22505619,0.050523285,0.011251182,0.03524914,0.005539165,0.008529499,0.63295335,0.03089825
1,1,community-radio,community-radio,4.9600963e-05,0.99181175,9.644777e-05,0.0019197117,0.00041104827,0.0042354865,0.0011557911,0.00032020928
3,3,crowd-noise,crowd-noise,0.00035631194,0.0063191084,0.0015171777,0.9794646,0.00068959105,0.010401879,0.00016714359,0.0010841425
3,1,crowd-noise,community-radio,0.00023131013,0.7482147,0.008239889,0.088706896,0.00954087,0.12830736,0.004609485,0.012149461
2,6,construction-site,motorvehicle-horn,0.045631092,0.0825407,0.0208381,0.07337747,0.013365018,0.003780433,0.52680844,0.23365882
3,3,crowd-noise,crowd-noise,0.00060507003,0.0049883234,0.0009287505,0.9813177,0.0012556283,0.009906676,0.00052898325,0.00046891827
3,3,crowd-noise,crowd-noise,9.459349e-05,0.00041484833,0.0003192838,0.99835974,0.00019399535,0.0004808873,5.6152534e-05,8.054641e-05
4,4,generator,generator,7.974518e-05,0.00035773803,3.259964e-05,0.00015840026,0.99892753,9.262736e-06,0.0002964238,0.00013820858
4,4,generator,generator,6.332547e-05,0.00021076264,1.3669073e-05,3.606174e-05,0.99939835,1.8135341e-06,0.00014240418,0.00013353609
0,6,car-alarm,motorvehicle-horn,0.1360344,0.024562202,0.011860979,0.043684293,0.014239732,0.002863202,0.7474557,0.019299485
4,4,generator,generator,8.8882e-06,2.5987627e-05,6.442448e-05,1.4944844e-05,0.9997434,1.0866785e-06,0.00013259321,8.661241e-06
1,1,community-radio,community-radio,0.00077440724,0.8882583,0.015717007,0.052866828,0.01615457,0.013552124,0.010066863,0.0026098886
6,6,motorvehicle-horn,motorvehicle-horn,0.15791893,0.0075359684,0.017489376,0.016574824,0.0027166484,0.001588,0.7679511,0.02822517
1,3,community-radio,crowd-noise,0.00033818377,0.03185694,0.0011864894,0.90077907,0.002103911,0.06250031,0.0009796292,0.00025533815
1,1,community-radio,community-radio,0.011933166,0.40673918,0.05933706,0.27544454,0.03798366,0.023189554,0.10263154,0.0827413
0,6,car-alarm,motorvehicle-horn,0.27968773,0.013797703,0.026238546,0.04702913,0.18668993,0.0024783765,0.39927742,0.04480119
1,1,community-radio,community-radio,0.0015036117,0.5115084,0.001310209,0.007806667,0.00018553584,0.47550127,0.0018912343,0.0002930925
5,5,mobile-music,mobile-music,0.00030169528,0.009550441,0.002720797,0.0033170127,0.00057683734,0.9760625,0.007251066,0.00021961717
1,1,community-radio,community-radio,0.008473188,0.41328767,0.013946757,0.21102987,0.005949784,0.28843513,0.051219665,0.0076579833
5,5,mobile-music,mobile-music,7.797879e-05,0.0023934199,0.0014223336,0.00059906614,1.2700875e-05,0.99419594,0.0012696602,2.884002e-05
6,6,motorvehicle-horn,motorvehicle-horn,0.3033967,0.0017818472,0.022530612,0.016297359,0.036729887,0.0003221512,0.6025509,0.016390525
4,4,generator,generator,5.3652395e-05,0.00011385965,1.1365022e-05,2.3806153e-05,0.99958473,9.986546e-07,0.00011175126,9.992253e-05
2,2,construction-site,construction-site,6.422377e-05,0.00079996494,0.9964721,0.0020956183,0.00015901329,7.4227355e-05,6.874663e-05,0.00026606943
3,3,crowd-noise,crowd-noise,0.044380277,0.16891071,0.16550387,0.47237536,0.005674627,0.020360744,0.1172824,0.0055120513
2,2,construction-site,construction-site,4.5105393e-05,0.0010750355,0.9972677,0.00096739596,0.00031551902,0.00013059421,5.6031342e-05,0.00014268479
0,0,car-alarm,car-alarm,0.99948704,3.86531e-06,0.00011284561,4.385963e-05,1.740124e-05,2.7858316e-06,0.0003005591,3.1595213e-05
4,4,generator,generator,0.00020425374,0.0006146165,5.4026965e-05,0.00055384,0.9968612,4.8763464e-05,0.0009447191,0.0007186078
6,1,motorvehicle-horn,community-radio,0.020896617,0.8756208,0.008189392,0.017329914,0.022800911,0.008944457,0.02255817,0.023659697
4,5,generator,mobile-music,0.001286369,0.11425242,0.000343998,0.00946903,0.0014547544,0.8705093,0.0019870675,0.0006970871
6,6,motorvehicle-horn,motorvehicle-horn,0.3947056,0.0023981703,0.004308191,0.0071444823,0.0022085605,0.0009893919,0.5813206,0.006925099
5,5,mobile-music,mobile-music,0.0011544481,0.01294179,0.015886914,0.013979426,0.0021605708,0.9327442,0.020655887,0.0004767461
4,4,generator,generator,0.000816636,0.0018408363,0.0042842603,0.0014162302,0.9760962,0.00026545217,0.014695671,0.00058473076
3,3,crowd-noise,crowd-noise,0.00033159778,0.0050240792,0.023118237,0.9691129,0.0009070853,0.000493657,0.00062440254,0.0003881308
5,5,mobile-music,mobile-music,6.710606e-06,0.0008905596,2.7368425e-05,7.032793e-05,5.653104e-07,0.99893063,6.51979e-05,8.60108e-06
0,0,car-alarm,car-alarm,0.9996879,2.621437e-06,5.583263e-05,3.0674186e-05,7.1086733e-06,2.0808475e-06,0.00018298224,3.071256e-05
2,2,construction-site,construction-site,0.00043939074,0.0051275543,0.96929437,0.0051790536,0.004114157,0.008375709,0.0068417094,0.00062800536
7,7,motorvehicle-siren,motorvehicle-siren,7.2650273e-06,0.0001289508,0.00017438161,8.248996e-05,6.27254e-06,9.519478e-07,6.9600874e-06,0.99959284
0,6,car-alarm,motorvehicle-horn,0.4250122,0.01121507,0.038479324,0.032415565,0.0073723285,0.004967314,0.46622095,0.014317168
7,7,motorvehicle-siren,motorvehicle-siren,6.92593e-05,0.0004197922,0.0006974882,0.0002453915,3.197633e-05,2.3353905e-05,0.0001280209,0.9983847
2,2,construction-site,construction-site,0.005154494,0.025312351,0.7487711,0.16293162,0.022001455,0.017421125,0.013891854,0.0045159855
0,0,car-alarm,car-alarm,0.9988079,1.760435e-05,0.00044798863,0.0001842013,3.7526373e-05,1.1225095e-05,0.00041407644,7.9530204e-05
5,5,mobile-music,mobile-music,0.00015011348,0.014043456,0.00044185735,0.0024224303,3.98803e-05,0.9818917,0.0008610798,0.0001494092
3,3,crowd-noise,crowd-noise,6.61638e-05,0.00019314453,0.00017668399,0.9990522,6.0365554e-05,0.00037815035,3.2719894e-05,4.052218e-05
6,6,motorvehicle-horn,motorvehicle-horn,0.10178927,0.0015640155,0.0040097223,0.0058971792,0.0053043924,0.00042461653,0.86519605,0.015814666
5,5,mobile-music,mobile-music,0.0007507635,0.052476242,0.00069093995,0.015919272,0.00035721157,0.92842215,0.0011567106,0.00022661823
3,3,crowd-noise,crowd-noise,0.0009765111,0.007127774,0.0012210575,0.97206706,0.0016365411,0.015194735,0.0013231619,0.0004532091
5,5,mobile-music,mobile-music,1.06659245e-05,0.0011181711,5.8257716e-05,0.00014270331,1.575168e-06,0.9985697,9.2219605e-05,6.7291917e-06
1,1,community-radio,community-radio,8.653306e-05,0.95648646,0.0001143937,0.0017511368,0.00013419116,0.04014623,0.0011162955,0.00016475459
0,0,car-alarm,car-alarm,0.99939835,4.3842165e-06,0.0001320967,5.9867296e-05,3.1762735e-05,2.96291e-06,0.0003321278,3.829523e-05
3,3,crowd-noise,crowd-noise,9.8875935e-05,0.00046196292,0.0007946734,0.99733007,0.00042666585,0.00074955565,4.7261645e-05,9.094382e-05
6,6,motorvehicle-horn,motorvehicle-horn,0.045895964,0.021917176,0.016231738,0.042292684,0.04570344,0.005685438,0.8108845,0.011389151
3,3,crowd-noise,crowd-noise,0.00011432522,0.00038131943,0.000272017,0.99856704,0.00018366579,0.00034400623,4.8049405e-05,8.964175e-05
2,2,construction-site,construction-site,3.928376e-05,7.311905e-05,0.99922943,0.0005102973,3.5984845e-05,5.6685067e-06,5.7775796e-06,0.00010032253
6,2,motorvehicle-horn,construction-site,0.001487859,0.01314722,0.894424,0.046702754,0.012326858,0.0053881826,0.014030421,0.0124927405
6,6,motorvehicle-horn,motorvehicle-horn,0.360651,0.0027641156,0.0056568417,0.013763775,0.006113014,0.0006883184,0.59586805,0.014494857
2,2,construction-site,construction-site,0.00043650562,0.020375865,0.93916965,0.0054203863,0.020962194,0.007777685,0.005561605,0.0002960321
5,5,mobile-music,mobile-music,1.125486e-05,0.0034440907,7.5178046e-05,0.0006227629,7.168427e-06,0.9956436,0.00018763413,8.322574e-06
2,2,construction-site,construction-site,0.07552669,0.0065446277,0.5123811,0.015831945,0.011411586,0.13133927,0.20366733,0.043297492
1,5,community-radio,mobile-music,0.00060932135,0.49302408,0.002296504,0.0052190563,0.00033626246,0.49677446,0.0012751027,0.00046525724
4,6,generator,motorvehicle-horn,0.01697765,0.0016634534,0.058881033,0.0061271796,0.033507112,0.011238768,0.86880636,0.0027983536
4,3,generator,crowd-noise,0.00682302,0.058675013,0.29654446,0.38532627,0.008571977,0.22609843,0.013723011,0.004237764
5,1,mobile-music,community-radio,0.0029141433,0.40655205,0.0028529982,0.30307922,0.028363217,0.21578617,0.019491639,0.020960603
0,0,car-alarm,car-alarm,0.9993017,4.981962e-06,0.00022679333,6.53841e-05,2.5527197e-05,1.0175092e-05,0.00033258533,3.2889195e-05
6,6,motorvehicle-horn,motorvehicle-horn,0.014098482,0.0003073094,0.00087346166,0.0028258006,0.0011463948,0.00074118166,0.9797306,0.0002767153
1,1,community-radio,community-radio,0.00018671475,0.9801603,0.00029088196,0.0047096238,0.001330094,0.007506468,0.0032394358,0.0025765935
5,1,mobile-music,community-radio,0.00025824248,0.52013695,4.640501e-05,0.0026572556,0.00011224493,0.47455513,0.00045509628,0.0017787316
1,1,community-radio,community-radio,3.1982883e-05,0.9929333,5.3822958e-05,0.0003818773,0.0001428894,0.00602815,0.00013625373,0.00029172548
1,1,community-radio,community-radio,0.0049942723,0.88089776,0.00653311,0.030879393,0.0074472334,0.003407336,0.041016974,0.024823906
4,4,generator,generator,0.00021873915,0.00021196621,0.0015503543,0.00022403323,0.9936098,2.8892122e-05,0.0040955185,6.0637838e-05
4,4,generator,generator,1.1846984e-05,3.5384997e-05,7.143195e-05,2.3628903e-05,0.99968445,1.6634153e-06,0.0001580154,1.369367e-05
3,3,crowd-noise,crowd-noise,0.0002667088,0.0007388928,0.0014351329,0.99549544,0.00022088914,0.0015146912,0.00017990163,0.00014830376
2,2,construction-site,construction-site,7.570487e-05,0.0043315007,0.98296195,0.007779325,0.0036166236,0.00038386567,0.00057351653,0.00027763456
5,5,mobile-music,mobile-music,0.00018965536,0.01553955,0.0013469006,0.0026642906,0.00014447964,0.97645026,0.0033854311,0.00027941517
4,4,generator,generator,0.0020582105,0.0019324188,0.002720254,0.0015560123,0.962785,0.00043152607,0.027855195,0.00066144957
0,0,car-alarm,car-alarm,0.9994288,2.6940734e-06,9.1063346e-05,3.9733073e-05,7.844258e-06,2.9095227e-06,0.0003701865,5.67825e-05
3,3,crowd-noise,crowd-noise,0.018917674,0.080041364,0.112792395,0.548765,0.0741114,0.12728551,0.0076230336,0.030463628
2,3,construction-site,crowd-noise,0.00077028724,0.098985106,0.27150264,0.61218786,0.0042469683,0.0038692474,0.00482907,0.0036088661
1,1,community-radio,community-radio,7.876187e-05,0.9870346,0.0011032983,0.0034943707,0.0012434113,0.005747551,0.0007743046,0.0005237025
1,1,community-radio,community-radio,0.0003362624,0.9659711,0.00040700016,0.005649366,0.0026143338,0.016849743,0.0070569143,0.0011152283
6,6,motorvehicle-horn,motorvehicle-horn,0.102469385,0.0070452676,0.009215633,0.01270055,0.0026733414,0.0010826155,0.84281826,0.021994898
0,0,car-alarm,car-alarm,0.41996086,0.08205365,0.012401066,0.12523295,0.032817617,0.017121207,0.297422,0.012990638
4,4,generator,generator,0.0040933564,0.0010879211,0.00069823576,0.00041797967,0.9855365,4.586843e-05,0.005598408,0.0025217608
1,1,community-radio,community-radio,6.392156e-06,0.99656963,8.41824e-05,0.00019443898,0.00015373221,0.0027627563,6.550358e-05,0.0001633446
6,6,motorvehicle-horn,motorvehicle-horn,0.028424036,0.033306524,0.006403107,0.017618326,0.0020667757,0.07655868,0.7795774,0.056045257
0,0,car-alarm,car-alarm,0.99571747,3.3224762e-05,0.00015831024,0.00028746657,0.00010146766,5.8303103e-05,0.003520009,0.0001236685
1,6,community-radio,motorvehicle-horn,0.05264802,0.15329088,0.0054837326,0.047973245,0.02291327,0.032202777,0.64944404,0.036043976
3,3,crowd-noise,crowd-noise,0.00019147333,0.0005082456,0.0005224839,0.9977208,0.000431983,0.00035314582,7.5703494e-05,0.00019622776
4,4,generator,generator,5.252171e-05,8.470137e-05,9.515592e-06,4.273129e-05,0.9996018,2.6350742e-06,0.00015022521,5.5872715e-05
1,1,community-radio,community-radio,0.0008100634,0.6825046,0.060862098,0.16057947,0.051414303,0.02968321,0.009847698,0.004298488
1,1,community-radio,community-radio,7.2992916e-05,0.96254414,0.000119684,0.0011867817,7.121805e-05,0.035670612,0.00020423262,0.00013019657
4,3,generator,crowd-noise,0.009551778,0.033532243,0.27776858,0.5901192,0.017020632,0.03994606,0.022107089,0.009954501
7,7,motorvehicle-siren,motorvehicle-siren,2.4390288e-06,3.697687e-05,2.3045674e-05,2.3290482e-05,2.2893792e-06,3.4047574e-07,5.7439447e-06,0.99990594
4,4,generator,generator,0.00058924867,5.1111077e-05,0.00028126084,0.00013751895,0.9970703,3.8745943e-06,0.0016376561,0.00022893467
1,1,community-radio,community-radio,0.000559827,0.9467488,0.002663022,0.024267262,0.001368115,0.020463556,0.0027453853,0.001184036
1,1,community-radio,community-radio,0.00024201741,0.9814058,0.0003784899,0.0050504105,0.0055247075,0.004093172,0.002089105,0.0012163053
4,4,generator,generator,0.000560013,0.00071876723,0.0010302248,0.0005839255,0.98726034,8.9967914e-05,0.009546911,0.00020993469
2,2,construction-site,construction-site,0.031075466,0.008337078,0.6851395,0.04849652,0.012371501,0.003636918,0.20743924,0.0035038213
5,5,mobile-music,mobile-music,0.0019483549,0.032534868,0.4499721,0.008800427,0.00089001656,0.48495364,0.020052902,0.00084773364
0,7,car-alarm,motorvehicle-siren,0.043159485,0.018382868,0.013281919,0.041637328,0.00063566526,0.009515099,0.0014687821,0.8719189
7,7,motorvehicle-siren,motorvehicle-siren,2.5377656e-05,0.00028516693,5.8769518e-05,4.6572433e-05,1.7087473e-06,7.2433095e-06,7.1241106e-05,0.99950397
2,2,construction-site,construction-site,0.00179748,0.0010129269,0.97367984,0.0042543206,0.0034216912,0.0023914322,0.01212075,0.0013215751
5,1,mobile-music,community-radio,0.0070441244,0.5316756,0.06795472,0.22438507,0.025700165,0.02110773,0.112003565,0.010129082
3,2,crowd-noise,construction-site,0.001730963,0.04728618,0.5448403,0.36738697,0.019018743,0.01151618,0.002359956,0.005860705
3,3,crowd-noise,crowd-noise,0.002888875,0.024247635,0.21273014,0.69753784,0.033105098,0.017465262,0.006591372,0.0054338286
1,1,community-radio,community-radio,0.00013505909,0.97867715,0.00028353522,0.0010029717,0.00029688375,0.018306755,0.000805542,0.0004921787
4,4,generator,generator,0.00023942727,0.0032019177,0.00012659417,0.0002165181,0.99421114,5.0555514e-05,0.00056832226,0.0013854993
1,1,community-radio,community-radio,0.0027463727,0.92004746,0.0025736555,0.021179993,0.0035636958,0.031521864,0.013906293,0.0044607357
6,6,motorvehicle-horn,motorvehicle-horn,0.046200085,0.11400323,0.09551873,0.11328094,0.029560233,0.015434075,0.51538134,0.0706214
6,4,motorvehicle-horn,generator,0.007711905,0.0066756154,0.0011640643,0.007191821,0.8005958,0.0024304732,0.17276703,0.0014632656
0,0,car-alarm,car-alarm,0.9997267,2.2628863e-06,6.512645e-05,2.2464856e-05,7.575907e-06,3.8511425e-06,0.00015912513,1.2817984e-05
6,3,motorvehicle-horn,crowd-noise,0.031034982,0.13992368,0.04328381,0.5139124,0.027334066,0.07190267,0.15032093,0.022287507
6,6,motorvehicle-horn,motorvehicle-horn,0.124572344,0.0010630743,0.0035089871,0.0042314534,0.00397872,0.00018336886,0.84285873,0.019603323
6,6,motorvehicle-horn,motorvehicle-horn,0.23950067,0.001673142,0.0046743113,0.0076859095,0.006080716,0.00057865214,0.7333013,0.0065053254
3,2,crowd-noise,construction-site,0.0017562524,0.07231075,0.5967862,0.29311627,0.012929293,0.0097969575,0.010458747,0.0028455781
4,3,generator,crowd-noise,0.008283714,0.124806486,0.21891008,0.35508126,0.05329651,0.2224598,0.0043423576,0.0128198555
5,5,mobile-music,mobile-music,7.835016e-05,0.07367258,0.00031618553,0.00025622963,9.816207e-06,0.9247071,0.0006254223,0.0003342403
2,2,construction-site,construction-site,0.00010372893,0.00032535882,0.9942426,0.0024943177,0.00018556906,3.2088068e-05,2.855706e-05,0.0025877417
6,6,motorvehicle-horn,motorvehicle-horn,0.0038876242,8.886844e-05,0.011093501,0.00064447155,0.0055511403,0.0003632366,0.9776219,0.000749242
1,1,community-radio,community-radio,0.0006113599,0.6183008,0.0018520971,0.004867855,0.00071889797,0.3697179,0.0030610445,0.00087009015
1,1,community-radio,community-radio,8.691439e-06,0.993835,8.245673e-05,0.00036229513,0.00014124742,0.0052147866,0.00013250455,0.00022303779
1,1,community-radio,community-radio,0.008846869,0.39731833,0.13622269,0.28184584,0.0059695644,0.0132267205,0.123880364,0.03268965
4,4,generator,generator,8.979267e-05,0.00081814534,0.0018008573,0.00034764176,0.99467874,0.00010072504,0.0020794661,8.462443e-05
5,5,mobile-music,mobile-music,0.00016106476,0.018774021,0.00047169128,0.0028673373,6.21556e-05,0.97595096,0.0016051176,0.000107627995
6,0,motorvehicle-horn,car-alarm,0.4727656,0.007629893,0.00604587,0.018928228,0.050420657,0.0005785345,0.43134612,0.01228511
7,7,motorvehicle-siren,motorvehicle-siren,8.555255e-06,0.0005919655,0.00010844771,5.6783938e-05,1.28383535e-05,4.425896e-06,3.4411845e-05,0.9991825
1,1,community-radio,community-radio,0.00012100017,0.8923849,0.0005279015,0.0017539553,0.00028228815,0.103577726,0.0012187186,0.00013341359
1,1,community-radio,community-radio,0.0010107537,0.9206437,0.002721716,0.02555547,0.0040081195,0.029869724,0.012812541,0.00337812
1,1,community-radio,community-radio,0.00028488698,0.98313856,0.00043333857,0.0062435283,0.0027355293,0.004071482,0.0011710607,0.0019216781
4,2,generator,construction-site,0.01758642,0.050661687,0.37661535,0.113948636,0.14991151,0.021063585,0.24139051,0.028822394
2,2,construction-site,construction-site,0.0005253274,0.07643492,0.5744694,0.32004344,0.0012527567,0.022946624,0.0020975715,0.0022299846
5,5,mobile-music,mobile-music,0.0022137112,0.02600337,0.00944359,0.049554396,0.00042582245,0.9038374,0.0072527295,0.0012689781
5,2,mobile-music,construction-site,0.0015113023,0.0013049168,0.9724282,0.0022502216,0.0027062031,0.011954816,0.007596994,0.0002474282
3,3,crowd-noise,crowd-noise,6.674238e-05,0.0008102588,0.00029767133,0.9977285,0.00014129364,0.0004645294,6.322635e-05,0.00042783213
1,1,community-radio,community-radio,0.00017738364,0.95147955,0.016684603,0.008269231,0.0033339192,0.015403445,0.002354692,0.0022970699
2,1,construction-site,community-radio,0.0008970933,0.6867223,0.12787588,0.08613578,0.026525782,0.047596946,0.020603614,0.0036426059
1,1,community-radio,community-radio,0.004160853,0.7033796,0.0053177257,0.10611471,0.0089451885,0.13805257,0.020715684,0.013313739
3,3,crowd-noise,crowd-noise,0.02278763,0.08875845,0.051232435,0.65832484,0.0055556856,0.03923186,0.12800294,0.006106163
5,5,mobile-music,mobile-music,5.66775e-06,0.00088912423,2.1666516e-05,6.284086e-05,4.6853927e-07,0.99895597,5.4648917e-05,9.686955e-06
5,5,mobile-music,mobile-music,0.0002600721,0.02298721,0.00044950147,0.008665801,0.00012234242,0.9653369,0.0019444277,0.00023367959
3,3,crowd-noise,crowd-noise,0.0001225128,0.00052764796,0.00042762008,0.99780864,0.00021058718,0.000712967,8.785096e-05,0.00010219941
5,5,mobile-music,mobile-music,4.071992e-05,0.025929537,9.735679e-05,0.0028463276,3.417124e-05,0.97004986,0.00092607294,7.5961725e-05
4,4,generator,generator,0.000103593426,0.00034064995,0.00028034262,0.0002215638,0.99722457,3.1267813e-05,0.0017189896,7.908369e-05
7,7,motorvehicle-siren,motorvehicle-siren,3.7671095e-06,5.0233775e-05,2.4370269e-05,1.6787242e-05,4.8619504e-06,4.6831286e-07,1.21215435e-05,0.99988735
2,6,construction-site,motorvehicle-horn,0.03145491,0.11738533,0.11939673,0.26165468,0.068985626,0.034597527,0.34003618,0.026488949
5,5,mobile-music,mobile-music,0.00015021855,0.004327425,0.00043918908,0.003700149,1.5478367e-05,0.99049133,0.000778893,9.724485e-05
4,4,generator,generator,0.00041771785,0.0008013917,0.00011473173,0.00021118602,0.9945486,3.546784e-05,0.0037447186,0.00012614908
7,7,motorvehicle-siren,motorvehicle-siren,0.00019277327,0.00020252178,5.9450223e-05,3.2419433e-05,3.942883e-06,5.9904814e-06,0.0004339091,0.99906904
4,4,generator,generator,0.00031224784,0.0063679,0.016913088,0.02412876,0.94860756,0.000702705,0.00148019,0.0014875756
0,0,car-alarm,car-alarm,0.99941075,9.039808e-06,0.00020529606,6.25553e-05,9.338422e-06,9.559841e-06,0.00019008614,0.00010339023
6,6,motorvehicle-horn,motorvehicle-horn,0.21730414,0.0019041409,0.010405635,0.009896342,0.007350789,0.001083118,0.74396443,0.0080913985
3,1,crowd-noise,community-radio,0.00028843546,0.7733405,0.051183052,0.06859978,0.061407503,0.037439108,0.004398611,0.003342955
3,3,crowd-noise,crowd-noise,0.00015340751,0.0069528283,0.000960752,0.93193066,0.00047437282,0.058852877,0.00048248572,0.00019265646
4,4,generator,generator,0.020506114,0.0099397,0.016984457,0.020662693,0.66366524,0.001630696,0.2619047,0.0047063716
2,2,construction-site,construction-site,0.007942054,0.06871387,0.59274226,0.10958088,0.118011035,0.023822812,0.062594876,0.016592268
2,2,construction-site,construction-site,7.509574e-05,0.003676945,0.98852813,0.004322704,0.0022823496,0.00044620805,0.0005147538,0.00015390024
1,5,community-radio,mobile-music,0.0018410614,0.120075375,0.00454064,0.013891979,0.0022176814,0.8403498,0.015708918,0.0013745324
4,4,generator,generator,0.0007405327,0.009560567,0.006182457,0.0028904115,0.9427167,0.0024622765,0.034012713,0.0014342662
0,0,car-alarm,car-alarm,0.9997509,3.5110738e-06,6.6880355e-05,3.0291592e-05,5.2144546e-06,2.7671558e-06,9.658742e-05,4.3729102e-05
2,1,construction-site,community-radio,0.0017788861,0.52823806,0.04183858,0.066869885,0.0048936354,0.3436395,0.011295955,0.0014455043
0,0,car-alarm,car-alarm,0.99950016,2.6564944e-06,0.00016724116,3.665856e-05,1.2352983e-05,6.254374e-06,0.00025286543,2.1729984e-05
3,3,crowd-noise,crowd-noise,9.749513e-05,0.00035940993,0.00033773633,0.9985668,0.00020005406,0.00027570518,4.8624315e-05,0.000114310584
0,7,car-alarm,motorvehicle-siren,0.0008617116,0.16636331,0.22050929,0.2527808,0.001472731,0.006958205,0.0009909967,0.35006294
2,2,construction-site,construction-site,0.004073689,0.0021184762,0.9819324,0.00764532,0.0005238788,0.0028236613,0.00063334283,0.00024918304
1,1,community-radio,community-radio,0.0008160752,0.5886196,0.0014303442,0.007638716,0.00083802885,0.38820204,0.01085329,0.0016019782
4,4,generator,generator,6.7902747e-06,2.3464045e-05,4.560773e-05,1.3156237e-05,0.99979836,9.128347e-07,0.00010443996,7.297313e-06
0,0,car-alarm,car-alarm,0.9989661,1.5541682e-05,0.00039146288,0.00012336702,4.435342e-05,7.071603e-06,0.0003926146,5.9620837e-05
2,2,construction-site,construction-site,4.0570398e-05,0.0005915102,0.9981294,0.0008820061,0.000105288025,9.4301475e-05,5.0432882e-05,0.00010641723
6,6,motorvehicle-horn,motorvehicle-horn,0.041073073,0.12383505,0.07148571,0.11054897,0.01750884,0.029563062,0.4710448,0.1349405
2,2,construction-site,construction-site,0.020725172,0.10280255,0.37699547,0.2734342,0.031004312,0.018240623,0.15426837,0.022529265
5,5,mobile-music,mobile-music,5.9020073e-05,0.006795275,0.0002764257,0.00096112286,1.8287315e-05,0.99084574,0.00096506544,7.8985955e-05
4,4,generator,generator,9.883313e-06,4.565259e-05,6.96322e-05,2.1829694e-05,0.999637,2.0124644e-06,0.00020463174,9.2676355e-06
6,1,motorvehicle-horn,community-radio,0.019082779,0.46253005,0.08643818,0.20130047,0.038976274,0.020483613,0.15718943,0.013999136
6,6,motorvehicle-horn,motorvehicle-horn,0.3782565,0.0011117653,0.004893232,0.0046255128,0.0078060566,0.00053217495,0.5949458,0.007828885
1,1,community-radio,community-radio,0.00013958727,0.8904207,0.00033987686,0.009938866,0.0011486742,0.096181504,0.001059289,0.00077157025
4,4,generator,generator,3.4944194e-05,7.074118e-05,8.350882e-06,1.683023e-05,0.999724,6.295223e-07,7.8040706e-05,6.6499626e-05
3,3,crowd-noise,crowd-noise,0.003375063,0.051579006,0.0013182231,0.91105855,0.0052056895,0.019564845,0.004896819,0.0030017903
0,0,car-alarm,car-alarm,0.99940765,5.181099e-06,0.00013840747,6.379552e-05,2.8215996e-05,3.7769398e-06,0.0003085072,4.4434677e-05
4,4,generator,generator,1.6388984e-05,0.00039569917,2.2270808e-05,7.302951e-05,0.99920756,8.995406e-06,0.00023204411,4.405152e-05
6,6,motorvehicle-horn,motorvehicle-horn,0.09909853,0.0056951684,0.0032762513,0.006013482,0.073985964,0.0021449532,0.77803284,0.031752814
1,1,community-radio,community-radio,0.007115499,0.8576025,0.0043288395,0.04709419,0.015379838,0.059209358,0.0019590112,0.007310796
1,1,community-radio,community-radio,0.00070298836,0.4690334,0.011912578,0.07612771,0.0031417208,0.42390725,0.010913056,0.004261334
1,1,community-radio,community-radio,9.61647e-05,0.9723946,0.00027762612,0.003221853,0.0016846242,0.021454262,0.00051937334,0.0003514556
3,3,crowd-noise,crowd-noise,0.00011909822,0.00056099595,0.00073272514,0.99706465,0.00028327224,0.0010775519,7.161766e-05,9.0081565e-05
2,2,construction-site,construction-site,0.0003526169,0.18704541,0.7742258,0.008825125,0.0138594825,0.008320136,0.0026761426,0.004695258
2,2,construction-site,construction-site,0.0002816422,0.0038121128,0.971749,0.002896447,0.01653953,0.0009610196,0.0035357021,0.00022451988
0,0,car-alarm,car-alarm,0.99934036,3.931081e-06,0.00018139307,5.6176235e-05,2.43653e-05,5.621935e-06,0.00035468297,3.3391952e-05
2,2,construction-site,construction-site,8.241849e-05,0.0002672591,0.99783283,0.0014249211,8.515142e-05,3.0212317e-05,3.9315742e-05,0.00023776524
2,2,construction-site,construction-site,0.00025632445,0.00048820235,0.9974209,0.0005865693,0.0006132912,0.00019629042,0.000378272,6.0114293e-05
5,5,mobile-music,mobile-music,3.1316715e-05,0.0052480856,4.5159293e-05,0.00061405625,5.59619e-06,0.99391633,0.00010385622,3.561556e-05
6,6,motorvehicle-horn,motorvehicle-horn,0.0149658965,9.485779e-05,0.00089220045,0.0010847918,0.0007730886,0.00020932507,0.98173094,0.00024889348
3,6,crowd-noise,motorvehicle-horn,0.028403826,0.29577038,0.015648307,0.073338,0.0055300724,0.06646361,0.4008725,0.11397328
1,1,community-radio,community-radio,4.8304544e-05,0.9927551,0.000199824,0.0020258625,0.00063842593,0.0034196472,0.0005848946,0.0003280248
2,2,construction-site,construction-site,0.001490307,0.003058283,0.938558,0.0033719826,0.004541492,0.03654342,0.012242037,0.00019454624
0,0,car-alarm,car-alarm,0.99957055,7.3945785e-06,0.00013627982,7.2854265e-05,9.771247e-06,5.224359e-06,0.00012837163,6.957977e-05
3,0,crowd-noise,car-alarm,0.34184393,0.0020950795,0.02742571,0.029110136,0.2566873,0.00050347403,0.33161622,0.010718164
4,4,generator,generator,7.698507e-05,5.075626e-05,4.790338e-05,1.6032682e-05,0.99928206,1.1912995e-06,0.0003723381,0.00015270717
4,4,generator,generator,0.0067517217,0.03836021,0.31996253,0.07107552,0.49124837,0.002296875,0.03101829,0.039286546
0,0,car-alarm,car-alarm,0.9997228,3.3964207e-06,3.8297585e-05,3.0076146e-05,1.2425024e-05,2.2127315e-06,0.00017439813,1.6421254e-05
7,7,motorvehicle-siren,motorvehicle-siren,3.919701e-05,0.00047699388,0.0016059206,0.00086280395,3.9117356e-05,3.48874e-06,3.41945e-05,0.9969382
4,4,generator,generator,0.00035152622,0.00046671342,0.0018372878,0.0017394817,0.9926224,4.129646e-05,0.0024611945,0.00048017752
2,2,construction-site,construction-site,0.03737282,0.2521239,0.2591672,0.11672748,0.011690709,0.053899687,0.24585827,0.02315999
4,4,generator,generator,9.400118e-06,8.311156e-05,7.3404362e-06,2.876631e-05,0.9997719,1.3639194e-06,6.117273e-05,3.689935e-05
0,6,car-alarm,motorvehicle-horn,0.28442734,0.006546588,0.008964995,0.01593083,0.003558722,0.0035855342,0.6617734,0.015212581
0,0,car-alarm,car-alarm,0.99932134,9.64211e-06,0.00024158091,9.092877e-05,1.0747722e-05,7.06902e-06,0.00015842493,0.00016032542
0,0,car-alarm,car-alarm,0.9994568,6.1419996e-06,6.516098e-05,5.3854103e-05,3.025171e-05,2.1990427e-06,0.0003466656,3.885537e-05
6,6,motorvehicle-horn,motorvehicle-horn,0.07097837,0.005477907,0.07026497,0.03520408,0.053020563,0.0026542188,0.7419709,0.020428965
6,6,motorvehicle-horn,motorvehicle-horn,0.3266796,0.009037759,0.008482841,0.0412968,0.019243166,0.0016679396,0.55295795,0.04063399
1,1,community-radio,community-radio,0.011935255,0.7781603,0.0005925045,0.0110475905,0.012821839,0.16286828,0.018362887,0.004211397
7,7,motorvehicle-siren,motorvehicle-siren,0.009064408,0.013873564,0.054012086,0.013566867,0.0024332905,0.0025812506,0.04070211,0.8637664
4,4,generator,generator,0.0028860776,0.013364025,0.0011768381,0.00066283095,0.9660045,0.00023152011,0.009217371,0.0064569013
0,0,car-alarm,car-alarm,0.9995728,5.830753e-06,3.928538e-05,5.08458e-05,2.3006292e-05,3.3719687e-06,0.00028316892,2.1680618e-05
6,6,motorvehicle-horn,motorvehicle-horn,0.06547988,0.001397297,0.0026673554,0.0045132926,0.003243507,0.00026135345,0.8894582,0.032979175
0,0,car-alarm,car-alarm,0.99973184,2.029145e-06,3.731356e-05,1.9265766e-05,6.829659e-06,2.204251e-06,0.00018704185,1.3448865e-05
1,3,community-radio,crowd-noise,0.05170732,0.02333663,0.2911137,0.49210715,0.012783822,0.0976687,0.017603213,0.013679525
4,4,generator,generator,0.00016783245,0.00026518977,0.00011704465,0.00017759007,0.9981616,1.8161183e-05,0.00091013574,0.00018253883
1,1,community-radio,community-radio,5.3219683e-05,0.53649783,0.0009455481,0.0019327739,0.00014954437,0.4596326,0.00072127435,6.7207104e-05
0,0,car-alarm,car-alarm,0.99967253,3.1498219e-06,3.097449e-05,2.099588e-05,8.884299e-06,2.6898058e-06,0.0002456975,1.4978999e-05
7,7,motorvehicle-siren,motorvehicle-siren,2.9715413e-05,0.00031261778,0.0003395748,0.0003526046,1.9755864e-05,6.295347e-06,3.116894e-05,0.9989083
7,7,motorvehicle-siren,motorvehicle-siren,0.0003740461,0.002070057,0.00017729402,0.00090978586,0.00013820054,3.581053e-05,0.0017406568,0.99455404
7,7,motorvehicle-siren,motorvehicle-siren,1.851664e-05,0.0004873323,4.9134e-05,5.708227e-05,1.8115641e-06,9.505368e-06,8.096285e-05,0.9992956
6,6,motorvehicle-horn,motorvehicle-horn,0.049833745,0.0066497205,0.31835592,0.011445655,0.006292954,0.15032305,0.42239225,0.03470669
1,1,community-radio,community-radio,8.668991e-05,0.9837468,0.00053760916,0.0035211912,0.0007644214,0.009593056,0.0010305163,0.0007196789
3,3,crowd-noise,crowd-noise,5.4514217e-05,0.00040391073,0.00014189447,0.99846196,0.00015354864,0.0006186022,3.92759e-05,0.00012623196
4,4,generator,generator,0.02886065,0.028469726,0.062193237,0.028078947,0.6348382,0.0047360864,0.19226983,0.020553315
2,2,construction-site,construction-site,0.00013841175,0.0005719423,0.9932586,0.0049896142,0.00062948704,8.678835e-05,9.4287316e-05,0.00023094831
6,6,motorvehicle-horn,motorvehicle-horn,0.04077542,0.12580976,0.038613632,0.112899564,0.19919203,0.024255218,0.3298382,0.12861615
7,7,motorvehicle-siren,motorvehicle-siren,0.06271432,0.02820786,0.0075350073,0.017388236,0.0006472662,0.0009761459,0.26478544,0.61774564
3,1,crowd-noise,community-radio,0.0024798522,0.41616103,0.0016705593,0.2845589,0.0064750314,0.26759273,0.0127699375,0.008291973
3,3,crowd-noise,crowd-noise,0.0023705652,0.06727353,0.01831649,0.5961743,0.005744205,0.29677564,0.01127919,0.002066035
3,3,crowd-noise,crowd-noise,0.00012197463,0.0002752665,0.0002776102,0.99867743,0.000185832,0.00032628627,4.5261215e-05,9.024794e-05
0,6,car-alarm,motorvehicle-horn,0.30912048,0.020046715,0.02661668,0.097055145,0.014865525,0.005162658,0.5027541,0.024378639
5,5,mobile-music,mobile-music,3.4485085e-05,0.013082843,0.0002552836,0.00043175626,1.9246081e-05,0.98576736,0.00033080982,7.8200224e-05
6,6,motorvehicle-horn,motorvehicle-horn,0.07747606,0.0043565244,0.003404676,0.010705379,0.0013670357,0.0013313227,0.89102656,0.010332418
2,2,construction-site,construction-site,0.0015120498,0.22857042,0.6176525,0.0635382,0.008139619,0.016601052,0.013209058,0.05077708
3,3,crowd-noise,crowd-noise,8.8751214e-05,0.00043918763,0.00024225462,0.9980414,0.00012649351,0.0009468859,5.561303e-05,5.9412698e-05
1,1,community-radio,community-radio,0.00062383054,0.91014934,0.0003290941,0.01262359,0.0020048162,0.039078325,0.031717036,0.00347392
3,1,crowd-noise,community-radio,0.0041723386,0.6171485,0.0013954608,0.26497093,0.012401754,0.07563912,0.016420752,0.0078511555
2,2,construction-site,construction-site,0.0005550818,0.0013393018,0.980749,0.013584146,0.0020670418,0.000322985,0.0008784555,0.00050386915
0,0,car-alarm,car-alarm,0.9982193,9.606314e-06,0.00012964148,4.8004462e-05,2.5726911e-05,7.287144e-06,0.0013467558,0.00021368457
0,0,car-alarm,car-alarm,0.99965405,8.308032e-06,9.5634125e-05,7.658417e-05,1.983836e-05,4.0922146e-06,0.00011915952,2.2493234e-05
2,2,construction-site,construction-site,0.03738705,0.017656377,0.36878675,0.07022145,0.02169575,0.001284974,0.22659986,0.25636774
5,5,mobile-music,mobile-music,4.0867544e-06,0.000701874,1.7952796e-05,5.7812125e-05,2.8859856e-07,0.9991604,5.0294195e-05,7.222282e-06
6,6,motorvehicle-horn,motorvehicle-horn,0.012961538,0.020951787,0.0029638615,0.04440328,0.010393749,0.03477416,0.8709928,0.0025588966
7,7,motorvehicle-siren,motorvehicle-siren,1.8295925e-05,0.00011203393,4.0551895e-05,5.6340858e-05,9.079297e-06,1.6097674e-06,4.383761e-05,0.9997181
6,6,motorvehicle-horn,motorvehicle-horn,0.3196045,0.014592553,0.016369034,0.02375984,0.0034319523,0.01268525,0.59398663,0.015570219
4,4,generator,generator,9.607859e-06,3.021865e-05,7.29583e-05,1.9330164e-05,0.99971753,1.3819486e-06,0.00013853412,1.0356374e-05
3,2,crowd-noise,construction-site,0.022728618,0.01568316,0.5907656,0.15746437,0.12964037,0.005601605,0.056672927,0.02144339
3,3,crowd-noise,crowd-noise,0.0013629966,0.020058211,0.0029763214,0.9455881,0.0032913694,0.021421129,0.00437795,0.0009239742
5,3,mobile-music,crowd-noise,0.018482344,0.10518897,0.02636605,0.68915737,0.054221854,0.021774776,0.06178377,0.023024855
2,2,construction-site,construction-site,0.0006234637,0.0008228065,0.9883839,0.0006965369,0.0017846163,0.0039737374,0.003014011,0.0007008861
1,1,community-radio,community-radio,0.010225611,0.22940257,0.15886968,0.19176708,0.2211217,0.016230166,0.15554893,0.016834209
3,3,crowd-noise,crowd-noise,0.00013222046,0.0013565967,0.00026688672,0.99564266,0.00038679934,0.0013660449,7.391638e-05,0.0007749212
0,0,car-alarm,car-alarm,0.99957675,1.1871098e-05,0.00010942474,6.0530332e-05,1.1531348e-05,4.7993494e-06,0.000128837,9.617419e-05
1,1,community-radio,community-radio,0.013725996,0.6138518,0.006238313,0.2818675,0.003477317,0.050503355,0.018924205,0.011411546
2,2,construction-site,construction-site,0.006704672,0.006371925,0.8963931,0.041977912,0.008242688,0.0018983212,0.036658283,0.0017531301
7,7,motorvehicle-siren,motorvehicle-siren,1.860319e-05,9.2590344e-05,8.039757e-05,6.546475e-05,1.7636512e-05,8.762416e-07,1.8016204e-05,0.99970645
5,5,mobile-music,mobile-music,5.7455774e-05,0.0029117493,0.00015060227,0.00066322094,6.0476277e-06,0.99584097,0.00032473958,4.5154753e-05
4,4,generator,generator,5.048184e-05,5.7528276e-05,1.0519949e-05,2.3578665e-05,0.9996636,7.680021e-07,9.937502e-05,9.410468e-05
2,2,construction-site,construction-site,0.0002126693,0.0025955883,0.96673733,0.02359681,0.004611711,0.00044145645,0.0004022678,0.0014020938
7,5,motorvehicle-siren,mobile-music,0.0001383962,0.18900052,0.00025717387,0.006617785,0.00046612267,0.80115694,0.00095478224,0.0014082494
1,1,community-radio,community-radio,0.010801105,0.52209693,0.0013219632,0.064472795,0.005306453,0.22813526,0.12336833,0.044497132
5,5,mobile-music,mobile-music,0.00036695568,0.06888285,0.0013425518,0.008895305,0.0007440536,0.9158076,0.0036062961,0.00035437636
2,2,construction-site,construction-site,0.0003688123,0.0027958585,0.97894144,0.013205549,0.0026244277,0.0007563746,0.0010385022,0.00026901165
6,6,motorvehicle-horn,motorvehicle-horn,0.0071840654,0.0005685939,0.04877161,0.002865859,0.016616449,0.004467026,0.9176847,0.001841676
7,7,motorvehicle-siren,motorvehicle-siren,7.779305e-05,0.00018477037,5.8357105e-05,5.778872e-05,4.5252405e-06,1.7743333e-06,8.060588e-05,0.99953437
5,1,mobile-music,community-radio,0.00078682654,0.7667812,0.0015947362,0.094201505,0.014932744,0.107136816,0.010114829,0.0044512847
1,1,community-radio,community-radio,0.00059750903,0.8587604,0.004974415,0.06638357,0.034841888,0.015939236,0.013721552,0.0047814036
1,1,community-radio,community-radio,0.0019003608,0.816883,0.0035953394,0.024463862,0.08773239,0.020308241,0.0399081,0.005208694
2,2,construction-site,construction-site,0.0025786473,0.012618038,0.8976054,0.06586985,0.006375157,0.00827598,0.004621785,0.00205513
4,4,generator,generator,1.1594735e-05,5.7147474e-07,3.184178e-05,4.309271e-06,0.9998248,2.721406e-07,0.000116638905,9.993228e-06
7,7,motorvehicle-siren,motorvehicle-siren,1.0836074e-05,0.00015692656,0.00022380747,0.00011017234,1.7481807e-05,1.5380931e-06,1.4374547e-05,0.9994648
2,2,construction-site,construction-site,0.0008170852,0.001584706,0.98007464,0.0014266531,0.0011214176,0.009933946,0.004835279,0.0002061772
1,1,community-radio,community-radio,0.001065623,0.4508648,0.004061389,0.0062633306,0.010882836,0.13474265,0.006445222,0.3856742
6,6,motorvehicle-horn,motorvehicle-horn,0.17806244,0.0075937244,0.012200037,0.019582704,0.045901686,0.004436373,0.72217065,0.0100523215
7,7,motorvehicle-siren,motorvehicle-siren,2.861931e-05,0.00019779496,0.001470815,0.0002672103,1.7228891e-05,1.707724e-06,1.2878738e-05,0.9980038
5,5,mobile-music,mobile-music,2.5437457e-05,0.038952455,0.00027687743,0.0012656851,9.0430796e-05,0.9591432,0.00020863122,3.7194677e-05
2,2,construction-site,construction-site,0.0004011724,0.011758123,0.940583,0.032305386,0.0014469421,0.0018245286,0.00038166443,0.01129923
0,0,car-alarm,car-alarm,0.9994241,6.8521613e-06,0.00020004164,6.0957896e-05,7.2298053e-06,4.1361695e-06,0.00011605313,0.00018067224
7,7,motorvehicle-siren,motorvehicle-siren,0.001405966,0.0017665727,0.05100249,0.0027773783,0.00015436554,9.350398e-06,0.00023846548,0.9426454
5,5,mobile-music,mobile-music,2.7548678e-05,0.006841643,2.8435774e-05,0.00015576564,1.8856668e-06,0.9928517,6.0972707e-05,3.2052467e-05
5,5,mobile-music,mobile-music,0.0019549977,0.014138489,0.0046988092,0.015711823,0.00032850922,0.9526222,0.009346009,0.0011991566
3,3,crowd-noise,crowd-noise,0.00010747956,0.000530202,0.000430094,0.9976115,0.00015882995,0.0009934298,8.642084e-05,8.196742e-05
4,4,generator,generator,0.061018173,0.00039963968,0.013664248,0.0019363925,0.5250345,0.0013317011,0.35740754,0.03920776
3,3,crowd-noise,crowd-noise,0.00012763758,0.00034295925,0.00024495658,0.99860734,0.00016314606,0.00038483588,5.0449813e-05,7.870862e-05
3,3,crowd-noise,crowd-noise,3.43734e-05,0.0001482871,0.00014612018,0.99926037,5.9490932e-05,0.0003102162,1.7342314e-05,2.3857714e-05
6,4,motorvehicle-horn,generator,0.089381404,0.013867373,0.010461157,0.019030936,0.6091514,0.0020194757,0.21951233,0.036575872
1,1,community-radio,community-radio,0.0012221055,0.8276703,0.0010109643,0.01282885,0.0022329201,0.11970059,0.031317998,0.0040162997
1,1,community-radio,community-radio,0.0019110976,0.6395314,0.0011771045,0.1825064,0.073912114,0.0042867158,0.007088559,0.08958672
3,3,crowd-noise,crowd-noise,0.0029763742,0.122171775,0.2109412,0.49204952,0.012159716,0.0142754065,0.0028073324,0.14261867
4,4,generator,generator,0.00010660312,0.00035631956,0.0001980619,0.00017458193,0.9968586,2.2758737e-05,0.0022127877,7.03149e-05
2,2,construction-site,construction-site,0.0012460218,0.0118043525,0.78160596,0.0060848896,0.0017349211,0.18221492,0.014869597,0.00043936516
7,7,motorvehicle-siren,motorvehicle-siren,0.000697179,0.0021541493,0.00092969975,0.0005041458,4.1857194e-05,0.00015543117,0.008538721,0.98697877
6,6,motorvehicle-horn,motorvehicle-horn,0.30912519,0.0027439944,0.0076491428,0.01031233,0.003246898,0.0017078185,0.65499884,0.010215795
0,0,car-alarm,car-alarm,0.9997389,3.3419878e-06,4.027727e-05,3.6424844e-05,1.2485756e-05,2.5605566e-06,0.00014987332,1.6047281e-05
4,4,generator,generator,5.6522873e-05,0.0028585878,0.0015416387,0.0006840432,0.99282515,0.00018797255,0.0017558882,9.010803e-05
6,6,motorvehicle-horn,motorvehicle-horn,0.023069326,0.00095031597,0.0030644266,0.0039224974,0.001669936,0.0006962494,0.95853025,0.0080970945
2,6,construction-site,motorvehicle-horn,0.109602936,0.05279227,0.041119993,0.042138506,0.0022035805,0.0026456863,0.56658405,0.18291293
3,3,crowd-noise,crowd-noise,0.00043214168,0.002356778,0.0055113095,0.9805936,0.00095178845,0.009463475,0.00032267647,0.0003680522
4,4,generator,generator,0.00034389473,0.0019715142,0.0030407647,0.0029030526,0.9850899,0.00019497081,0.0060026688,0.0004532401
5,5,mobile-music,mobile-music,9.326041e-06,0.0012646463,1.8984088e-05,8.847036e-05,7.6474294e-07,0.99856746,4.2091986e-05,8.236665e-06
6,5,motorvehicle-horn,mobile-music,0.03863906,0.13126822,0.038106713,0.16767155,0.01011541,0.41199282,0.1788463,0.023359971
4,4,generator,generator,0.0006269865,0.0008353879,0.0014087704,0.0006304672,0.98476934,0.00026630386,0.011010943,0.00045188927
7,7,motorvehicle-siren,motorvehicle-siren,7.9254e-06,0.00015597438,2.8942364e-05,2.0283489e-05,8.798326e-07,2.55438e-06,2.305826e-05,0.99976045
0,0,car-alarm,car-alarm,0.99734443,1.7867811e-05,0.00016771934,7.281802e-05,3.6806035e-05,1.605133e-05,0.0019049876,0.00043928664
5,5,mobile-music,mobile-music,0.029845407,0.1711103,0.040428743,0.16480666,0.018576384,0.50368536,0.06135456,0.010192515
0,6,car-alarm,motorvehicle-horn,0.46020392,0.00192779,0.0045566913,0.0084268125,0.0065455725,0.00092177076,0.5066692,0.010748162
2,3,construction-site,crowd-noise,0.0026814777,0.09669711,0.22753711,0.61746526,0.013299123,0.031566843,0.0051798997,0.005573165
3,1,crowd-noise,community-radio,0.00075050973,0.5213032,0.22115137,0.16981739,0.0412357,0.02637104,0.0069429735,0.012427878
6,6,motorvehicle-horn,motorvehicle-horn,0.30004933,0.001864309,0.005675209,0.0076153483,0.0025903268,0.00089006027,0.6727046,0.008610828
3,3,crowd-noise,crowd-noise,0.024524454,0.06517873,0.17063358,0.34127077,0.16536185,0.020549577,0.16464144,0.047839586
1,1,community-radio,community-radio,0.00040107372,0.7528615,0.000867473,0.081625566,0.012339858,0.1475659,0.0016273869,0.0027112835
1,1,community-radio,community-radio,0.00013273067,0.98848754,0.00038423084,0.0028071709,0.0033390531,0.0014542058,0.0008967232,0.0024983513
6,6,motorvehicle-horn,motorvehicle-horn,0.12019583,0.026711755,0.040691268,0.056722485,0.017481493,0.12029505,0.6077644,0.010137699
4,5,generator,mobile-music,0.01185434,0.036937617,0.27309963,0.20664005,0.051487748,0.27921245,0.1302264,0.010541794
4,4,generator,generator,9.8204e-06,4.65127e-05,7.1024995e-05,2.2876487e-05,0.9996768,1.9112479e-06,0.00015948636,1.1699955e-05
3,3,crowd-noise,crowd-noise,0.016013762,0.3201326,0.004404909,0.5138967,0.015865887,0.023124376,0.084244914,0.022316892
6,6,motorvehicle-horn,motorvehicle-horn,0.005031394,0.0017162779,0.01712854,0.003223381,0.010770766,0.0010947137,0.96053594,0.0004990502
0,0,car-alarm,car-alarm,0.9574972,0.0011756683,0.021729104,0.01200517,0.00095603726,0.0010821426,0.0033098548,0.0022447698
1,2,community-radio,construction-site,0.0072043086,0.038473036,0.55106026,0.30073136,0.0025149286,0.06869893,0.025832422,0.0054847333
5,5,mobile-music,mobile-music,1.0047297e-05,0.005869467,1.6233163e-05,0.0002666403,1.9063958e-06,0.99375725,4.980131e-05,2.8689177e-05
2,2,construction-site,construction-site,0.00709132,0.0121255405,0.5612393,0.020438958,0.0008813326,0.30746496,0.08974102,0.0010175584
1,1,community-radio,community-radio,0.0005817472,0.9687035,0.0014586038,0.008947797,0.0034314871,0.00957857,0.002892483,0.004405827
5,5,mobile-music,mobile-music,0.00027133815,0.049278915,0.0009974784,0.0040514586,0.00013054456,0.93821526,0.006419549,0.0006354372
1,2,community-radio,construction-site,0.009198825,0.020048227,0.78535247,0.091662794,0.015184068,0.0356391,0.03987393,0.003040529
4,4,generator,generator,3.827572e-06,2.0860012e-05,3.0276291e-05,9.464031e-06,0.99985695,6.5597914e-07,7.327795e-05,4.694194e-06
3,3,crowd-noise,crowd-noise,9.960689e-05,0.0034405384,0.00022394162,0.9920968,0.00027626735,0.003526831,0.00015293366,0.0001830832
5,5,mobile-music,mobile-music,5.2786738e-05,0.0061808927,0.00010572819,0.0012016332,1.4536329e-05,0.99223423,0.0001639072,4.6224344e-05
5,5,mobile-music,mobile-music,1.0479471e-05,0.004897072,0.00011781874,0.0006181942,1.2284994e-05,0.99417734,0.0001594939,7.2853263e-06
6,2,motorvehicle-horn,construction-site,0.020880617,0.03912932,0.6322037,0.15757994,0.041975033,0.018612457,0.07808271,0.011536216
5,5,mobile-music,mobile-music,0.0002573142,0.01104153,0.0011578742,0.005038388,3.2376887e-05,0.9811647,0.0009816074,0.0003262045
3,3,crowd-noise,crowd-noise,4.8186816e-05,0.000170706,0.00017715726,0.9991123,7.206789e-05,0.00036996306,2.1613314e-05,2.7968936e-05
4,4,generator,generator,1.2020054e-05,3.1290212e-05,5.8793663e-05,1.8176224e-05,0.9996668,1.5670088e-06,0.00020179056,9.539318e-06
1,1,community-radio,community-radio,0.023052901,0.43549517,0.04450292,0.22900113,0.018723456,0.013247705,0.19108373,0.044893
0,0,car-alarm,car-alarm,0.9996822,3.908311e-06,4.002866e-05,3.817198e-05,1.3024834e-05,3.297103e-06,0.00020314005,1.6412898e-05
5,5,mobile-music,mobile-music,2.3395565e-05,0.0025141775,9.7152246e-05,0.00026985578,3.5964865e-06,0.9967873,0.00028839667,1.6133436e-05
1,5,community-radio,mobile-music,5.0733648e-05,0.081361614,0.00010837276,0.0005138379,2.449111e-05,0.9177413,0.0001686948,3.0949333e-05
0,0,car-alarm,car-alarm,0.99966013,2.5374686e-06,5.840248e-05,3.2554675e-05,8.873646e-06,2.2802126e-06,0.00020225643,3.3106055e-05
5,5,mobile-music,mobile-music,0.00039018938,0.009161598,0.00052442687,0.0030060643,4.9500613e-05,0.9855515,0.0011111747,0.0002055149
6,1,motorvehicle-horn,community-radio,0.05130674,0.3114766,0.047584914,0.20345207,0.035765044,0.020784462,0.12544228,0.20418784
7,7,motorvehicle-siren,motorvehicle-siren,0.002778548,0.02070722,0.0018951691,0.032474272,0.00017456354,0.009723655,0.0025089306,0.9297376
7,7,motorvehicle-siren,motorvehicle-siren,9.661437e-06,4.6075304e-05,2.8586142e-05,1.3253207e-05,9.415563e-07,4.7144738e-07,2.8086917e-05,0.9998729
0,0,car-alarm,car-alarm,0.45669648,0.004504536,0.02185333,0.031935357,0.07358423,0.0015678375,0.39911166,0.0107466085
6,0,motorvehicle-horn,car-alarm,0.5451727,0.004135862,0.007983853,0.014646393,0.014931333,0.0021568257,0.40183038,0.009142653
4,4,generator,generator,1.2471496e-05,0.00010362013,0.00019215721,4.524847e-05,0.99938977,5.477747e-06,0.00023812827,1.3053338e-05
2,0,construction-site,car-alarm,0.85966194,0.017216096,0.009377592,0.025279535,0.008125306,0.0046205977,0.071010195,0.0047086496
3,3,crowd-noise,crowd-noise,5.1774456e-05,0.00013553431,0.00017013906,0.9992531,7.285412e-05,0.0002720072,1.928841e-05,2.5401623e-05
4,4,generator,generator,5.1470317e-05,4.791928e-05,0.00013908216,4.086404e-05,0.9990151,3.7920154e-06,0.0006754126,2.641805e-05
1,1,community-radio,community-radio,0.0029602004,0.87371814,0.0004552946,0.025855323,0.00251233,0.031144185,0.05641655,0.0069379793
0,1,car-alarm,community-radio,4.113303e-05,0.98547286,0.00032469022,0.0012752904,0.0004058759,0.012161946,0.00018632963,0.00013186478
0,0,car-alarm,car-alarm,0.9939983,5.914826e-05,0.00044404456,0.00015113346,0.00011957362,5.0361512e-05,0.0045362464,0.0006411651
2,2,construction-site,construction-site,0.06534193,0.0089975335,0.5277375,0.080192186,0.041964147,0.0043915487,0.26043403,0.010941045
0,0,car-alarm,car-alarm,0.99971443,1.9724357e-06,5.54051e-05,2.5103769e-05,7.00347e-06,1.4692971e-06,0.00017152417,2.304671e-05
6,6,motorvehicle-horn,motorvehicle-horn,0.08267528,0.11082118,0.023167081,0.041372024,0.0056739054,0.15606974,0.56200147,0.018219365
5,5,mobile-music,mobile-music,0.0024635482,0.017296256,0.0023933908,0.0029187112,0.000115107905,0.92556137,0.04877833,0.00047322235
1,5,community-radio,mobile-music,0.0013520005,0.16288339,0.0042737084,0.18142346,0.0015332357,0.63778776,0.0039622616,0.006784276
0,6,car-alarm,motorvehicle-horn,0.16059051,0.015328121,0.0071636857,0.022115948,0.013163526,0.004317809,0.75751114,0.01980928
2,2,construction-site,construction-site,0.00012467138,0.00043616004,0.99665326,0.0020356276,0.00023093281,3.4802917e-05,6.6352484e-05,0.000418272
0,0,car-alarm,car-alarm,0.99971193,3.8042158e-06,4.3223234e-05,2.7589389e-05,1.2766398e-05,2.2780832e-06,0.00018115014,1.7183687e-05
0,6,car-alarm,motorvehicle-horn,0.36001006,0.0034007705,0.0048986273,0.0083780065,0.005323214,0.0014490339,0.6060338,0.01050643
6,3,motorvehicle-horn,crowd-noise,0.011649182,0.28151837,0.17616564,0.32984957,0.044860106,0.033126913,0.09627816,0.0265521
7,7,motorvehicle-siren,motorvehicle-siren,5.2226e-05,0.0028138037,0.00011699079,0.00058368285,5.478183e-05,1.559242e-05,0.0002407653,0.9961222
5,5,mobile-music,mobile-music,0.00018370018,0.0095596425,0.00031740667,0.002211472,4.2020343e-05,0.98644155,0.0011388346,0.00010542979
6,6,motorvehicle-horn,motorvehicle-horn,0.17349885,0.01782323,0.014504432,0.02139067,0.0062906425,0.010748834,0.7382017,0.017541671
4,4,generator,generator,1.9636176e-05,0.00012671137,0.0038762619,0.00011239845,0.99559385,6.342556e-06,0.00013856501,0.00012631429
3,3,crowd-noise,crowd-noise,0.0006147873,0.0044763386,0.00077123486,0.9830624,0.000976534,0.008994474,0.0008308238,0.00027340406
0,0,car-alarm,car-alarm,0.9995295,3.1505967e-06,7.947062e-05,3.9780258e-05,1.2858976e-05,1.6251757e-06,0.00028780254,4.5835255e-05
1,1,community-radio,community-radio,0.00015937713,0.9923529,0.0002356996,0.0024130885,0.00078944856,0.002574716,0.00068280956,0.0007919819
6,1,motorvehicle-horn,community-radio,0.0042830543,0.6986789,0.009599482,0.14718162,0.038587462,0.024760528,0.031036483,0.04587251
4,4,generator,generator,5.7427033e-06,1.6599783e-05,4.8356887e-06,3.788578e-06,0.9999378,1.2620694e-07,1.8041506e-05,1.3143675e-05
4,1,generator,community-radio,0.01806417,0.3296825,0.001741151,0.00687744,0.07679601,0.21575345,0.27836034,0.07272497
5,1,mobile-music,community-radio,0.0011569783,0.4662792,0.0043618875,0.21837749,0.018991377,0.27468908,0.012301103,0.0038428633
3,3,crowd-noise,crowd-noise,0.00012603078,0.0005219339,0.0006210677,0.99771714,0.00032793975,0.0004828244,8.196796e-05,0.00012111607
4,4,generator,generator,3.4193858e-05,9.1969174e-05,0.00039542493,5.7823625e-05,0.9986941,8.942733e-06,0.0006957787,2.1740887e-05
3,3,crowd-noise,crowd-noise,0.0029918642,0.05942926,0.008493809,0.5592944,0.00042948028,0.35803154,0.009053918,0.0022757703
6,6,motorvehicle-horn,motorvehicle-horn,0.06807547,0.0058679334,0.0036066372,0.008756147,0.0018850454,0.0029051176,0.8656912,0.04321243
