actual_id,predicted_id,actual_label,predicted_label,prob_car-alarm,prob_community-radio,prob_construction-site,prob_crowd-noise,prob_generator,prob_mobile-music,prob_motorvehicle-horn,prob_motorvehicle-siren
6,1,motorvehicle-horn,community-radio,0.009509172,0.39424986,0.0022808271,0.30851433,0.009817254,0.21784455,0.023676844,0.034107134
3,6,crowd-noise,motorvehicle-horn,0.0788899,0.11322203,0.018014638,0.055500068,0.03253432,0.088652566,0.43933988,0.17384656
1,1,community-radio,community-radio,0.06515306,0.6105747,0.012645291,0.07761106,0.0051871953,0.030635014,0.14199027,0.05620339
6,6,motorvehicle-horn,motorvehicle-horn,0.0916153,0.06795427,0.008405897,0.045847397,0.004719012,0.0026701621,0.76979,0.00899798
0,3,car-alarm,crowd-noise,0.0002087715,0.0012576838,0.00036532056,0.9884869,0.0008094194,0.008306911,0.0004069812,0.00015802874
0,0,car-alarm,car-alarm,0.95504737,0.00014055405,6.051476e-05,2.2231821e-05,3.3024253e-07,5.0562223e-05,0.0001689938,0.044509463
4,4,generator,generator,1.2822096e-06,1.0518214e-05,4.8222835e-05,7.512191e-06,0.9998734,1.07806645e-05,4.7311187e-05,9.932423e-07
3,3,crowd-noise,crowd-noise,0.00013206592,0.0009267506,5.233053e-05,0.9978951,3.280431e-05,0.00039196396,0.00041147706,0.00015737378
5,5,mobile-music,mobile-music,1.1948909e-05,0.005168621,2.3352208e-05,6.698592e-05,3.2248736e-05,0.994294,6.934601e-05,0.0003334823
2,2,construction-site,construction-site,0.010181489,0.07233964,0.59791225,0.15717256,0.06580318,0.007831952,0.08433415,0.0044247527
0,0,car-alarm,car-alarm,0.99955946,1.0080289e-05,2.2388598e-05,1.5126232e-05,2.8128602e-07,3.2766568e-06,5.518149e-05,0.0003342711
0,0,car-alarm,car-alarm,0.9998599,4.439998e-06,2.173623e-05,8.922104e-06,7.543487e-07,4.228498e-06,2.4836505e-05,7.514781e-05
2,2,construction-site,construction-site,0.0423614,0.00709029,0.57071275,0.06350295,0.019575585,0.0029074443,0.28577256,0.008076989
6,6,motorvehicle-horn,motorvehicle-horn,0.080646425,0.0071105654,0.007098603,0.019140735,0.0032766154,0.0012126612,0.86085373,0.020660745
4,4,generator,generator,6.264698e-08,2.087772e-06,4.2572813e-07,1.0282902e-07,0.9999926,1.7118045e-06,2.7324706e-06,2.4778072e-07
6,6,motorvehicle-horn,motorvehicle-horn,0.05833601,0.0021137525,0.0024349117,0.010929541,0.000501514,0.0011838271,0.9198178,0.0046826405
0,0,car-alarm,car-alarm,0.56582487,0.000696781,0.002666583,0.007548383,0.00061987614,0.00046460194,0.41718122,0.004997696
3,3,crowd-noise,crowd-noise,0.00010774793,0.00055438076,0.0009637971,0.99721575,0.00027849086,0.0003112125,0.00048536586,8.337112e-05
2,2,construction-site,construction-site,0.00091117923,0.0020872182,0.95798475,0.018485153,0.0043006823,0.0015298525,0.013860493,0.00084061443
2,2,construction-site,construction-site,0.0005364138,0.0009252638,0.9789619,0.012033079,0.002679396,0.0006287337,0.0040148115,0.00022040973
6,6,motorvehicle-horn,motorvehicle-horn,0.27971295,0.004624327,0.012350888,0.01777514,0.022617688,0.0012814202,0.65192515,0.009712484
7,7,motorvehicle-siren,motorvehicle-siren,4.640835e-05,1.1404406e-05,6.619458e-06,6.641546e-06,7.021395e-08,5.645068e-06,2.335727e-05,0.99989986
4,5,generator,mobile-music,0.00019616197,0.4113312,0.0002314295,0.007868401,0.017760908,0.5588801,0.0020438577,0.0016878832
7,7,motorvehicle-siren,motorvehicle-siren,5.3644417e-05,1.2406414e-05,1.4670826e-05,7.907504e-06,5.4036695e-07,5.218821e-06,4.1533596e-05,0.9998641
4,4,generator,generator,6.2545547e-07,9.553648e-06,2.6936059e-05,2.943936e-06,0.9999299,6.967828e-06,2.2529586e-05,5.2511643e-07
4,4,generator,generator,8.459395e-05,0.004043513,0.0075006764,0.003239115,0.98032033,0.0008989702,0.0036334032,0.00027944762
2,2,construction-site,construction-site,5.5103947e-06,0.00011658938,0.99881434,0.00039363385,0.0005095575,3.8486203e-05,0.00011242667,9.5323285e-06
5,5,mobile-music,mobile-music,0.0018546337,0.005445263,0.0011216452,0.00090829836,0.00017091137,0.54692864,0.43447754,0.00909302
3,7,crowd-noise,motorvehicle-siren,0.00022686875,0.0008432176,0.00030892188,0.002848079,3.897954e-06,0.00034338553,4.8682454e-05,0.99537694
0,0,car-alarm,car-alarm,0.99978,8.31719e-06,4.8062328e-05,5.7250578e-05,1.9634006e-06,5.542683e-06,2.577844e-05,7.3109404e-05
0,0,car-alarm,car-alarm,0.9999162,1.6432773e-06,1.16404135e-05,4.5072647e-06,7.066438e-08,1.4722996e-06,1.6807866e-05,4.760523e-05
2,2,construction-site,construction-site,5.060112e-06,9.188493e-06,0.999741,0.00017299115,2.3049213e-05,7.943882e-06,1.4669608e-05,2.6061201e-05
2,2,construction-site,construction-site,2.4695806e-05,0.00026792643,0.9969881,0.0020931135,0.0002479392,8.505492e-05,0.0002670369,2.6097978e-05
6,6,motorvehicle-horn,motorvehicle-horn,0.17215034,0.00064681045,0.012915182,0.009409668,0.001344754,0.00024407981,0.6116734,0.19161583
1,1,community-radio,community-radio,1.7772465e-05,0.8984588,5.12298e-05,0.0027226969,0.0015506567,0.0964012,0.0003776683,0.00041998297
6,6,motorvehicle-horn,motorvehicle-horn,0.20703039,0.048801385,0.006451669,0.074165896,0.010098005,0.001585017,0.6202587,0.031608902
1,1,community-radio,community-radio,0.01350476,0.4932203,0.02290372,0.36738682,0.0058389185,0.012050854,0.07441897,0.010675705
2,2,construction-site,construction-site,5.555154e-07,7.781513e-07,0.9999336,5.54487e-05,6.806473e-07,2.9987362e-07,2.6369848e-06,5.9989884e-06
5,5,mobile-music,mobile-music,0.00080984866,0.021709414,0.0006941181,0.027211195,0.0003219614,0.9412188,0.0021614837,0.005873189
4,4,generator,generator,3.0716478e-06,0.00029402116,2.3165008e-05,0.0002850161,0.998662,0.0005739385,9.839079e-05,6.0405364e-05
7,7,motorvehicle-siren,motorvehicle-siren,5.248029e-05,9.665927e-06,2.2651622e-05,9.74105e-06,1.3055685e-06,5.0146455e-06,0.0001794563,0.9997197
6,6,motorvehicle-horn,motorvehicle-horn,0.09062517,0.0017644332,0.008221988,0.0170722,0.0016294089,0.000649535,0.8729907,0.0070466762
0,0,car-alarm,car-alarm,0.9996903,1.6192726e-05,4.0153205e-05,3.5454992e-05,2.2147833e-06,2.6109608e-05,5.4290253e-05,0.00013532027
1,1,community-radio,community-radio,2.0794616e-06,0.9991013,8.719913e-06,0.00040579896,4.3841945e-05,0.00031294394,0.00010346404,2.1924914e-05
2,2,construction-site,construction-site,7.006245e-05,0.00024808993,0.9948173,0.00343941,0.00076114724,0.00026050804,0.00031813086,8.531525e-05
3,5,crowd-noise,mobile-music,0.0055629103,0.030283716,0.004128787,0.10017417,0.0007685672,0.82954544,0.022629382,0.0069070496
6,6,motorvehicle-horn,motorvehicle-horn,0.099760056,0.0009560772,0.005678933,0.004609608,0.0061951843,0.00020773841,0.81440115,0.06819126
3,3,crowd-noise,crowd-noise,7.910974e-05,0.0019208529,0.000116501564,0.99503976,2.7843e-05,0.002057179,0.00019992185,0.00055880664
0,0,car-alarm,car-alarm,0.9996797,9.700825e-06,7.6082586e-05,3.7830247e-05,9.417645e-06,4.380514e-06,0.0001080192,7.485283e-05
1,1,community-radio,community-radio,6.014876e-05,0.98095304,0.00019136338,0.014583255,0.00027778756,0.000521681,0.0030535546,0.00035922579
3,3,crowd-noise,crowd-noise,0.00068931736,0.011851011,0.0001340929,0.9728283,3.9124017e-05,0.006672923,0.0020289824,0.0057562822
5,5,mobile-music,mobile-music,0.0033758227,0.10898765,0.008931022,0.24064042,0.0017006445,0.60621727,0.022097342,0.008049868
3,1,crowd-noise,community-radio,2.1356385e-05,0.99638087,5.0441322e-05,0.0024827295,7.561084e-05,0.00028833596,0.0004896397,0.00021098572
2,2,construction-site,construction-site,1.3141804e-05,4.8939844e-05,0.9984347,0.00039077344,0.0006257117,1.4047759e-05,0.0004641087,8.621876e-06
5,1,mobile-music,community-radio,5.2924417e-05,0.9143544,0.00044510278,0.051521916,0.0012610101,0.028435405,0.003297658,0.0006315853
3,3,crowd-noise,crowd-noise,0.0020363063,0.33518216,0.016023966,0.62286973,0.007739631,0.0046596825,0.0079146,0.003573965
2,2,construction-site,construction-site,0.00020456135,8.602786e-05,0.9938929,0.0005847984,0.00045029237,0.0026639288,0.0018834537,0.00023400929
1,1,community-radio,community-radio,0.005017648,0.7754802,0.008093256,0.17036566,0.002268404,0.0030342515,0.028392805,0.0073478217
1,1,community-radio,community-radio,5.0274735e-05,0.9937942,1.7588125e-05,0.0009321176,0.00014210104,0.0034994215,0.0009572814,0.00060693215
2,2,construction-site,construction-site,0.0005456067,0.011873601,0.94380206,0.030750923,0.0016117955,0.005594202,0.0054671094,0.0003547665
4,3,generator,crowd-noise,0.00068846974,0.061781798,0.026324047,0.58849293,0.29698035,0.0071646734,0.013813324,0.0047544613
6,6,motorvehicle-horn,motorvehicle-horn,0.20578012,0.0010030504,0.0031870827,0.0068208687,0.0020162382,0.0003441903,0.77184653,0.009001951
6,6,motorvehicle-horn,motorvehicle-horn,0.00071247545,2.6380341e-05,0.0020328043,0.00021296334,0.0002931308,3.6852653e-05,0.9963664,0.00031904707
7,7,motorvehicle-siren,motorvehicle-siren,5.187185e-06,1.2818249e-06,3.0418166e-06,7.5011366e-07,8.6172335e-08,7.315385e-07,1.0305889e-05,0.99997866
3,2,crowd-noise,construction-site,0.035759803,0.03928671,0.5724048,0.12056965,0.024920668,0.00290851,0.18913461,0.015015324
1,1,community-radio,community-radio,7.587015e-05,0.98389024,8.115744e-05,0.0007488566,0.0017711213,0.012059877,7.832767e-05,0.0012945944
4,4,generator,generator,0.0005946381,0.007889171,0.0005494325,0.0004735406,0.96877533,0.0028539556,0.0025513838,0.016312536
2,2,construction-site,construction-site,0.0001519148,0.00037945344,0.98909074,0.004849994,0.0036738256,0.00036412454,0.0014143527,7.565496e-05
0,0,car-alarm,car-alarm,0.9993332,2.6050944e-05,0.00010716772,7.1863346e-05,7.200143e-07,3.538046e-05,0.00010576878,0.00031990674
4,4,generator,generator,1.1154336e-05,0.0019152769,0.00010587755,2.3927836e-05,0.99717015,0.00010854103,0.00065098447,1.411329e-05
5,1,mobile-music,community-radio,1.4394811e-05,0.6735158,3.8005874e-05,0.0019382117,6.184997e-05,0.32374975,0.0005069929,0.00017502086
2,2,construction-site,construction-site,3.133774e-05,1.6909811e-05,0.994909,0.00011837866,6.1341193e-06,2.8692489e-06,2.2008267e-05,0.004893301
7,7,motorvehicle-siren,motorvehicle-siren,1.3891539e-05,2.3159962e-06,7.4277455e-06,2.3192545e-06,6.0197564e-08,6.4628557e-07,8.401213e-06,0.99996495
6,0,motorvehicle-horn,car-alarm,0.48029876,0.0070494385,0.004252432,0.052107453,0.012980068,0.010945835,0.42640245,0.0059635555
6,7,motorvehicle-horn,motorvehicle-siren,0.0042922613,0.02168457,0.0053867036,0.001423643,0.262878,0.014582524,0.15009405,0.5396582
4,4,generator,generator,5.7946036e-05,0.0021259214,0.000584883,0.0005127839,0.9944804,0.0006353906,0.0014799439,0.00012278413
4,4,generator,generator,1.725905e-05,0.000103843675,0.00044714304,0.0002494073,0.99857974,8.620749e-05,0.0004519582,6.44456e-05
2,2,construction-site,construction-site,3.9708993e-05,0.00047982435,0.9947973,0.003993011,0.00027116743,0.00011174527,0.00023638905,7.096001e-05
3,3,crowd-noise,crowd-noise,0.0003214958,0.00290452,0.0045183008,0.9463569,0.0024662367,0.041858133,0.0010343547,0.00054002606
0,0,car-alarm,car-alarm,0.99927336,3.3282988e-05,0.00018046334,0.00010490346,2.6454793e-06,8.322073e-06,0.00013027586,0.0002667416
5,5,mobile-music,mobile-music,1.2344419e-05,0.0013378742,0.0006795163,0.00021609013,0.00012434495,0.997292,0.00024132173,9.660269e-05
6,6,motorvehicle-horn,motorvehicle-horn,0.30635405,0.0051939506,0.0050790184,0.018488334,0.0037329062,0.0011609895,0.6522572,0.0077335737
0,0,car-alarm,car-alarm,0.99989045,4.64733e-06,2.8357364e-05,7.0633587e-06,5.409004e-07,6.012007e-07,3.4294844e-05,3.3947254e-05
6,6,motorvehicle-horn,motorvehicle-horn,0.10670151,0.0008321009,0.0007651263,0.007202965,0.00019271344,0.00022102924,0.8817261,0.002358493
3,3,crowd-noise,crowd-noise,3.168508e-05,0.00013970943,0.0005581687,0.99871933,0.0001850761,0.0001217732,0.00022320967,2.111547e-05
2,2,construction-site,construction-site,0.007686364,0.018457118,0.34375367,0.26020297,0.27194807,0.048702557,0.043523915,0.0057253763
4,4,generator,generator,0.005195,0.015882365,0.006113567,0.005345201,0.8859706,0.024552671,0.050876983,0.006063573
1,1,community-radio,community-radio,9.907573e-05,0.9521282,6.759581e-05,0.00081069313,0.00015399452,0.0453961,0.00067342434,0.0006709473
0,6,car-alarm,motorvehicle-horn,0.27912015,0.00031992834,0.002637069,0.0051153107,0.00061970623,0.00014555856,0.7092301,0.0028121653
2,6,construction-site,motorvehicle-horn,0.019463927,0.025094993,0.0345645,0.027565183,0.02106292,0.0025398734,0.8618737,0.007834968
4,4,generator,generator,8.087494e-06,0.0040235776,8.472151e-05,1.9346793e-05,0.9946808,0.0005175814,0.0006428493,2.3022438e-05
0,0,car-alarm,car-alarm,0.9461046,0.004485127,0.0027702898,0.0134929605,0.00028946603,0.0010476143,0.025086245,0.006723707
4,4,generator,generator,6.4090653e-07,1.5374117e-05,7.650255e-06,2.1057206e-06,0.99994993,8.084395e-06,1.5552212e-05,6.1495876e-07
0,0,car-alarm,car-alarm,0.99876827,2.39751e-05,1.9373678e-05,1.1838036e-05,3.0145333e-07,2.1700449e-05,3.694787e-05,0.001117508
0,6,car-alarm,motorvehicle-horn,0.1231052,0.00022214993,0.012842121,0.0021586334,0.005359931,0.00021751768,0.8496567,0.00643783
1,2,community-radio,construction-site,0.0021901324,0.009648815,0.7684853,0.004887492,0.0024389024,0.05196448,0.14836808,0.01201681
4,4,generator,generator,4.37385e-05,0.00036872816,0.00018054085,4.6796693e-05,0.9943256,0.00026930228,0.0005888187,0.0041764746
7,7,motorvehicle-siren,motorvehicle-siren,3.012358e-06,1.6054391e-06,1.2473035e-05,8.046153e-07,1.5477656e-08,6.592486e-07,4.9928194e-06,0.9999764
4,2,generator,construction-site,0.025727473,0.0100643495,0.65994525,0.08036468,0.040624283,0.022734456,0.15604457,0.004494949
0,4,car-alarm,generator,0.07460887,0.006013246,0.046352595,0.011377344,0.4380234,0.00499803,0.40701628,0.011610223
5,5,mobile-music,mobile-music,5.602525e-06,0.00041378877,8.745767e-06,3.3648827e-05,5.1484276e-06,0.9994599,2.8500035e-05,4.4624412e-05
2,2,construction-site,construction-site,1.3006254e-05,6.5487024e-05,0.99880564,0.0006891521,0.00016898823,0.0001054954,0.00013773346,1.44083815e-05
5,5,mobile-music,mobile-music,5.299327e-06,0.008791086,1.2811727e-05,0.00025829297,4.7790425e-05,0.9906724,0.00011165207,0.00010077213
1,6,community-radio,motorvehicle-horn,0.0188017,0.11193807,0.08610505,0.107238494,0.19538008,0.026296044,0.36730182,0.08693869
1,1,community-radio,community-radio,0.00038071288,0.81364346,0.0010057945,0.17392504,0.0016052866,0.0033564952,0.004173318,0.0019098934
3,3,crowd-noise,crowd-noise,8.648784e-06,5.056248e-05,0.00021915406,0.99959177,2.9386849e-05,5.6893397e-05,4.0581934e-05,2.954842e-06
6,6,motorvehicle-horn,motorvehicle-horn,0.095345795,0.0006908387,0.009361678,0.0066150464,0.0063076653,0.0008229034,0.8770867,0.0037693318
7,7,motorvehicle-siren,motorvehicle-siren,1.0773622e-05,8.7658236e-07,1.9022741e-06,7.866579e-07,2.9473869e-08,2.2325473e-06,2.1537353e-05,0.99996185
2,3,construction-site,crowd-noise,0.0389884,0.05537701,0.23056619,0.5040298,0.10995478,0.023416225,0.011147894,0.026519727
5,5,mobile-music,mobile-music,0.00043158553,0.030442988,4.4708988e-05,0.0016241465,0.00022485713,0.9651913,0.0008851566,0.0011552261
2,2,construction-site,construction-site,3.0422987e-05,3.2755831e-06,0.9996018,8.587219e-05,2.083742e-06,6.730801e-07,1.1537731e-05,0.00026438216
7,7,motorvehicle-siren,motorvehicle-siren,2.1769603e-05,9.2670125e-06,5.30097e-05,1.0878611e-05,8.295726e-08,5.7810945e-07,4.6451846e-06,0.99989974
6,6,motorvehicle-horn,motorvehicle-horn,0.15850748,0.07210222,0.034580346,0.085612774,0.0037639802,0.004582559,0.5887365,0.052114148
6,6,motorvehicle-horn,motorvehicle-horn,0.019742448,0.048184473,0.08230105,0.061760392,0.2894299,0.01589039,0.440539,0.04215235
0,0,car-alarm,car-alarm,0.99971265,1.2410947e-05,5.0472958e-05,4.4695415e-05,5.8900546e-06,8.675755e-06,8.663367e-05,7.861822e-05
0,0,car-alarm,car-alarm,0.962719,6.205528e-05,3.5587494e-05,4.092636e-05,2.4063473e-07,2.6230242e-05,9.7885735e-05,0.037018098
7,7,motorvehicle-siren,motorvehicle-siren,4.5495244e-06,3.1014797e-06,1.2837634e-05,2.844485e-06,4.977745e-08,7.412318e-07,3.8748717e-06,0.999972
6,6,motorvehicle-horn,motorvehicle-horn,0.22673948,0.012007138,0.057315517,0.076544195,0.01732335,0.0040371157,0.5814173,0.024615904
2,2,construction-site,construction-site,8.359389e-06,3.0138392e-05,0.9998542,7.3839095e-05,1.4653384e-05,3.6762922e-06,1.2295606e-05,2.7982376e-06
1,3,community-radio,crowd-noise,0.0018907828,0.08144282,0.003592724,0.9001795,0.0035768866,0.0039332323,0.0037632072,0.0016208554
0,0,car-alarm,car-alarm,0.9998919,2.6654193e-06,1.10779665e-05,6.259995e-06,8.022017e-08,3.075718e-06,1.7579829e-05,6.738594e-05
2,2,construction-site,construction-site,3.116117e-05,0.00021188016,0.9992994,0.0001373455,1.0376319e-05,3.066408e-05,1.9700408e-05,0.00025947305
1,1,community-radio,community-radio,5.494637e-06,0.99883074,6.0114553e-06,0.00025301147,4.1885174e-05,0.0007501908,9.014944e-05,2.2570719e-05
2,2,construction-site,construction-site,9.837311e-07,7.3151136e-07,0.99994826,2.5460587e-05,1.9658203e-06,6.0631527e-07,2.4304754e-06,1.957123e-05
6,6,motorvehicle-horn,motorvehicle-horn,0.15560457,0.002757409,0.009597644,0.013885766,0.0030443855,0.00062210794,0.7989385,0.015549662
0,0,car-alarm,car-alarm,0.9997707,5.8746778e-06,4.658468e-05,1.5827327e-05,6.593884e-07,4.85888e-06,4.089093e-05,0.000114543946
2,2,construction-site,construction-site,0.009317812,0.0067037977,0.8655072,0.053457685,0.03327381,0.0025037949,0.019618297,0.009617668
1,1,community-radio,community-radio,0.00015878656,0.9565245,8.522137e-05,0.0022362159,0.0016147508,0.038162816,0.00038465802,0.0008330361
6,2,motorvehicle-horn,construction-site,0.017979981,0.013515895,0.59130234,0.25397012,0.017921925,0.0035475586,0.09759599,0.004166239
7,7,motorvehicle-siren,motorvehicle-siren,3.667029e-06,7.350492e-07,1.0726133e-05,8.3469223e-07,1.9459662e-08,5.527702e-07,3.68598e-06,0.99997973
6,1,motorvehicle-horn,community-radio,0.00079722644,0.9176559,0.0210073,0.026127705,0.00382657,0.004409905,0.023982156,0.002193279
2,2,construction-site,construction-site,1.9453362e-05,0.0001375427,0.9971227,0.00024213182,0.00180904,0.00031147263,0.00032160632,3.5900317e-05
5,5,mobile-music,mobile-music,8.425294e-06,0.015825363,2.7184997e-05,7.8080906e-05,3.1305615e-05,0.9837706,9.269128e-05,0.00016628215
6,6,motorvehicle-horn,motorvehicle-horn,0.082606025,0.00061167,0.022206753,0.006938573,0.014469437,0.00057140476,0.8702473,0.0023489036
0,0,car-alarm,car-alarm,0.7770051,0.0033400042,0.0022327872,0.011257179,0.0008276877,0.0014440966,0.20204929,0.0018439451
0,1,car-alarm,community-radio,0.31507018,0.5262178,0.0016382228,0.053566672,0.0011904647,0.019305788,0.06571964,0.017291205
0,0,car-alarm,car-alarm,0.99954635,1.9589164e-05,4.6213812e-05,3.3349253e-05,6.4321426e-07,5.563819e-06,5.6478188e-05,0.00029184527
6,5,motorvehicle-horn,mobile-music,0.0005196992,0.018010315,0.0070189685,0.0035049773,0.00455804,0.9522547,0.010280879,0.0038523106
1,1,community-radio,community-radio,0.0012142835,0.9524783,0.001968496,0.013354037,0.0011928749,0.018321713,0.008657625,0.002812598
1,1,community-radio,community-radio,0.0019806437,0.76941,0.0037355202,0.061431594,0.10461904,0.010761865,0.0023006685,0.045760695
4,4,generator,generator,3.0491464e-07,2.527818e-06,1.3064745e-05,9.897349e-07,0.9999665,1.6689669e-06,1.4764929e-05,2.2215762e-07
1,1,community-radio,community-radio,1.9844105e-05,0.9958741,7.493227e-06,0.0017338156,8.904611e-05,0.0017948715,0.00034262406,0.00013829293
6,3,motorvehicle-horn,crowd-noise,0.0044945874,0.034532826,0.38859463,0.44604018,0.0765995,0.024427515,0.014581666,0.010729133
3,3,crowd-noise,crowd-noise,0.00903749,0.09703727,0.12000248,0.5567826,0.029279046,0.0014619401,0.012011594,0.17438766
7,7,motorvehicle-siren,motorvehicle-siren,8.42874e-05,0.00010132658,7.4434342e-06,4.809706e-05,2.596857e-07,1.6813503e-05,6.805937e-05,0.9996737
7,7,motorvehicle-siren,motorvehicle-siren,6.959523e-05,0.00015345664,0.00043470899,1.6019487e-05,1.732368e-06,2.0402447e-05,0.000119607,0.9991844
1,1,community-radio,community-radio,0.0001629154,0.9911322,0.00022131763,0.0051095365,0.00036553977,0.0011303076,0.0014153174,0.00046275082
1,1,community-radio,community-radio,0.00032569788,0.9396853,0.00020890975,0.0063065193,0.0004114931,0.00715735,0.045149498,0.00075530494
6,6,motorvehicle-horn,motorvehicle-horn,0.17182875,0.0028134,0.043910727,0.051618207,0.007890169,0.014482381,0.6982623,0.009194091
5,1,mobile-music,community-radio,0.00034917396,0.82894266,0.00013455322,0.0092852935,0.001001506,0.15845634,0.00068659167,0.0011439545
2,2,construction-site,construction-site,0.0005545494,0.0008654255,0.7563743,0.0016468624,0.0055851005,0.00077536603,0.23386142,0.0003369889
4,4,generator,generator,3.0896714e-05,0.0037615674,0.0022418152,0.00079183956,0.991397,0.00087842793,0.0008530929,4.543528e-05
2,2,construction-site,construction-site,0.00046035694,0.0034839625,0.9535285,0.021899251,0.010846975,0.0016448452,0.0022592328,0.005876883
1,1,community-radio,community-radio,2.003856e-05,0.9840401,4.8881462e-05,0.00054530066,0.00035048465,0.014587771,0.0002677223,0.000139671
0,6,car-alarm,motorvehicle-horn,0.31030414,0.0013643595,0.0064227693,0.010172459,0.002322241,0.00062876433,0.6598597,0.008925509
3,3,crowd-noise,crowd-noise,0.002081353,0.009073999,0.05120825,0.92500925,0.002909889,0.001898699,0.004494631,0.003323936
5,5,mobile-music,mobile-music,3.9361792e-05,0.020661268,6.173845e-05,3.1366486e-05,1.0256637e-05,0.97790647,0.0001698129,0.0011197545
5,5,mobile-music,mobile-music,4.383666e-06,0.0023446516,5.4099644e-05,2.0789492e-05,4.94457e-05,0.9973773,9.335002e-05,5.6066892e-05
6,6,motorvehicle-horn,motorvehicle-horn,0.19184908,0.0009734766,0.008732203,0.014954732,0.00373155,0.0004555717,0.77536756,0.003935758
3,3,crowd-noise,crowd-noise,1.3106025e-05,0.00016718311,0.0002872167,0.9992181,0.0001242653,6.2201994e-05,0.00011850051,9.461826e-06
4,4,generator,generator,2.8180966e-06,3.0984655e-05,7.891651e-05,1.4817428e-05,0.9997451,3.825489e-05,8.6698215e-05,2.369857e-06
1,5,community-radio,mobile-music,0.0075364946,0.13788292,0.00023688028,0.016379919,0.0009755656,0.63087314,0.058185294,0.14792971
1,1,community-radio,community-radio,0.0013390403,0.7941224,0.0003289895,0.042623095,0.00040548836,0.1539931,0.0052029034,0.0019849415
0,0,car-alarm,car-alarm,0.9983398,9.11247e-06,1.1673704e-05,5.535903e-06,5.669674e-08,5.9057197e-06,2.091223e-05,0.0016070782
6,1,motorvehicle-horn,community-radio,0.0026356073,0.8446991,0.00226577,0.02082228,0.060010847,0.032041322,0.028204767,0.009320284
4,4,generator,generator,0.00043716258,0.005666703,0.035402525,0.03367171,0.91930956,0.0004387642,0.0014408741,0.0036327355
6,6,motorvehicle-horn,motorvehicle-horn,0.002441458,3.6040223e-05,0.000112587964,0.0003176118,8.2673316e-05,2.228537e-05,0.9968732,0.000114288465
0,0,car-alarm,car-alarm,0.9991054,9.972144e-06,1.7012453e-05,9.909572e-06,2.4361916e-07,5.4399547e-06,8.38937e-05,0.00076809
4,4,generator,generator,5.702054e-07,7.483727e-06,1.8854383e-06,4.808952e-07,0.9999633,9.873989e-06,1.541749e-05,9.407348e-07
2,2,construction-site,construction-site,6.198674e-06,0.00010049267,0.99903107,0.0003771956,0.00032790596,5.1501193e-05,9.802285e-05,7.699616e-06
3,3,crowd-noise,crowd-noise,0.00015038729,0.0007913709,0.010197683,0.9858803,0.0014819101,0.0002879586,0.000811361,0.00039904052
6,6,motorvehicle-horn,motorvehicle-horn,0.014815114,0.010932068,0.0006258115,0.007115874,0.00024696402,0.0020890527,0.94943,0.014745137
4,4,generator,generator,6.173305e-07,2.3155304e-05,5.551698e-05,7.061323e-06,0.9998834,8.549376e-06,2.0832214e-05,7.7328974e-07
1,2,community-radio,construction-site,0.0040685567,0.13048407,0.46936822,0.27523416,0.056790426,0.02594797,0.028329264,0.009777307
2,2,construction-site,construction-site,6.518787e-05,7.9873666e-05,0.9991543,0.00043716223,4.0463063e-05,3.4187204e-05,9.668244e-05,9.211349e-05
1,3,community-radio,crowd-noise,0.08129904,0.18242624,0.03211132,0.52248627,0.0015902973,0.013001623,0.15900965,0.008075587
2,2,construction-site,construction-site,0.00014070523,2.8505285e-05,0.99585116,0.0004630908,0.00012412539,0.001943241,0.0013813194,6.783593e-05
3,3,crowd-noise,crowd-noise,0.0006832316,0.007287929,0.0028354647,0.98322845,0.0008249076,0.0032241321,0.0007618788,0.0011540392
6,7,motorvehicle-horn,motorvehicle-siren,0.25125474,0.001025734,0.0011603425,0.00032626666,0.0010751804,0.0027206852,0.3459408,0.39649627
3,3,crowd-noise,crowd-noise,1.0410874e-05,4.74338e-05,0.00015081289,0.99967897,3.19522e-05,3.2157448e-05,4.4959685e-05,3.3188787e-06
7,7,motorvehicle-siren,motorvehicle-siren,5.4532015e-06,3.2403617e-07,7.5418234e-07,1.8591176e-07,1.2605905e-08,1.5963077e-07,6.713817e-06,0.9999864
2,2,construction-site,construction-site,2.7721415e-05,0.00057809043,0.9941841,0.0020459327,0.00036500234,0.0021411318,0.00054835476,0.00010961302
7,7,motorvehicle-siren,motorvehicle-siren,0.00018193273,1.875101e-05,0.00055357994,1.4583123e-05,8.952519e-07,2.6687144e-06,8.926177e-05,0.99913836
2,3,construction-site,crowd-noise,0.002632221,0.14130051,0.34389433,0.46000627,0.016625587,0.0049935915,0.021439446,0.009108097
2,2,construction-site,construction-site,7.396891e-05,0.0002984796,0.9948084,0.004199434,0.0001609446,0.0002050951,0.00013332345,0.00012038237
4,4,generator,generator,6.7898895e-07,1.5137711e-05,6.0379127e-05,4.554112e-06,0.9998765,7.250067e-06,3.4270764e-05,1.1815256e-06
4,2,generator,construction-site,0.00491709,0.01225615,0.74126136,0.12242974,0.102440014,0.002287466,0.0062229163,0.008185163
6,3,motorvehicle-horn,crowd-noise,0.014540857,0.15380043,0.022837736,0.6883366,0.0033600745,0.0041810726,0.105415314,0.007527879
7,1,motorvehicle-siren,community-radio,0.0055906433,0.5420506,0.1587411,0.047274455,0.0018777286,0.0028437183,0.08294898,0.15867269
0,6,car-alarm,motorvehicle-horn,0.06838921,0.002040707,0.014211259,0.015421717,0.0044060294,0.00045516418,0.8871641,0.007911695
5,5,mobile-music,mobile-music,7.3624806e-06,0.0008651514,1.2719854e-05,7.40239e-05,4.6397226e-06,0.9989278,3.671749e-05,7.162876e-05
7,7,motorvehicle-siren,motorvehicle-siren,0.0003970966,1.3201323e-05,0.00033673778,4.4190503e-05,5.0758554e-06,2.3424187e-05,0.00086141133,0.99831885
7,7,motorvehicle-siren,motorvehicle-siren,0.0017771192,0.0020239374,0.0011863648,0.0012020166,2.321981e-05,5.561528e-05,0.0013948518,0.9923369
1,1,community-radio,community-radio,4.263097e-05,0.9951239,2.4937599e-05,0.0009658965,0.0011041599,0.0017989746,0.00037308002,0.0005664697
3,3,crowd-noise,crowd-noise,2.5983727e-06,2.712257e-05,0.00013584443,0.9997979,1.9018506e-05,7.1874033e-06,8.490067e-06,1.9174681e-06
2,2,construction-site,construction-site,0.0007626332,0.08080743,0.75652564,0.12511693,0.022162829,0.0032068766,0.009099634,0.0023180442
3,3,crowd-noise,crowd-noise,0.029868612,0.045180697,0.00608368,0.69322306,0.0010372895,0.013609877,0.20301563,0.0079811625
6,6,motorvehicle-horn,motorvehicle-horn,0.049361482,0.0036883026,0.010464597,0.017045561,0.0023392763,0.00036556894,0.895264,0.021471234
3,3,crowd-noise,crowd-noise,0.0018952021,0.01566232,0.05275998,0.8774892,0.02630145,0.015071895,0.007022658,0.0037972296
1,1,community-radio,community-radio,0.007421341,0.5826714,0.0021524616,0.088433124,0.00041155698,0.001973374,0.06945806,0.24747868
5,5,mobile-music,mobile-music,1.3561822e-06,0.0002352765,1.1995868e-05,2.2517966e-05,2.002628e-06,0.9996649,2.830747e-05,3.3767676e-05
3,3,crowd-noise,crowd-noise,3.6396214e-05,0.00022383242,0.0021254197,0.99736816,3.806837e-05,1.0105206e-05,0.00016535341,3.266312e-05
4,4,generator,generator,3.856633e-05,0.0004406518,7.229787e-05,3.342881e-05,0.99867225,0.00060043565,6.547503e-05,7.695078e-05
3,1,crowd-noise,community-radio,0.00016955037,0.98252976,0.00011585123,0.0119641675,0.0002792682,0.00081603194,0.0023224358,0.0018030197
2,2,construction-site,construction-site,5.393844e-06,6.107735e-05,0.9989102,0.00038133902,0.00048202666,2.5944162e-05,0.00012687096,7.2770345e-06
4,4,generator,generator,9.2778535e-08,2.222674e-05,9.8861325e-05,7.4874406e-06,0.9998548,7.2023868e-06,8.019701e-06,1.2257242e-06
2,2,construction-site,construction-site,0.004479935,0.013348001,0.83064556,0.064734794,0.022492694,0.037785206,0.023484252,0.0030296163
6,6,motorvehicle-horn,motorvehicle-horn,0.022275416,0.0057650004,0.010547711,0.012095709,0.006946037,0.0004086148,0.9011965,0.040765114
4,4,generator,generator,5.698234e-06,5.3449126e-05,1.3347852e-05,4.982308e-06,0.9998343,1.6412281e-05,6.056244e-05,1.1240779e-05
5,5,mobile-music,mobile-music,1.4355775e-05,0.001276352,3.0358993e-05,0.00018425193,2.4927607e-05,0.9982938,8.542572e-05,9.047458e-05
0,0,car-alarm,car-alarm,0.9953754,6.014712e-05,5.2162868e-05,1.2092996e-05,2.3324426e-07,2.71342e-05,3.9891424e-05,0.004432932
3,1,crowd-noise,community-radio,0.024767589,0.38491124,0.034021255,0.27486938,0.016721416,0.029506408,0.14630565,0.088897005
3,2,crowd-noise,construction-site,0.020824404,0.019101562,0.47563085,0.13191296,0.159574,0.0032385502,0.16994467,0.019773053
1,1,community-radio,community-radio,0.00021820082,0.98847497,0.0001497757,0.0039730216,0.00038594927,0.0037196479,0.0011449904,0.0019334564
1,1,community-radio,community-radio,1.6608557e-06,0.9992281,2.9563373e-06,9.759906e-05,4.9195853e-05,0.0005807971,2.4267605e-05,1.5390237e-05
3,3,crowd-noise,crowd-noise,6.0046146e-05,0.00023233179,0.0049624206,0.9943861,7.138351e-05,0.00012922064,8.6070635e-05,7.2446055e-05
3,3,crowd-noise,crowd-noise,0.00022467694,0.005715311,0.021318913,0.93360823,0.03756425,0.00028027254,0.0003144721,0.00097391417
2,2,construction-site,construction-site,9.697789e-05,0.019268846,0.9359544,0.04038022,0.001595388,0.0012063334,0.0009309837,0.0005668643
7,7,motorvehicle-siren,motorvehicle-siren,4.9112514e-06,3.1586133e-06,4.876763e-05,3.5034757e-06,2.397409e-08,1.1631995e-06,6.10883e-06,0.9999324
0,0,car-alarm,car-alarm,0.9997203,6.9841085e-06,1.2319275e-05,1.3745674e-05,2.6395733e-07,1.1103743e-05,6.920185e-05,0.00016614789
6,6,motorvehicle-horn,motorvehicle-horn,0.048179016,0.046838198,0.11241762,0.18079743,0.02058547,0.0037392718,0.56965506,0.01778789
6,6,motorvehicle-horn,motorvehicle-horn,0.13024691,0.0045887684,0.05445693,0.04740487,0.010484666,0.0011914687,0.7418745,0.009751895
7,7,motorvehicle-siren,motorvehicle-siren,7.511168e-05,0.00026314895,5.811609e-05,3.77511e-05,1.3920944e-06,0.0010153926,0.00013391062,0.99841523
7,7,motorvehicle-siren,motorvehicle-siren,5.488727e-05,0.00027702647,0.00025857953,0.00061032776,1.4011972e-06,0.00026230016,9.629452e-05,0.99843925
2,2,construction-site,construction-site,0.00024812194,0.0004998182,0.693431,0.0014934705,0.0019764581,0.00028881937,0.30156898,0.00049332285
1,1,community-radio,community-radio,0.0006591336,0.6393501,0.0010581332,0.0033869403,0.31328136,0.028264318,0.0069995024,0.007000427
1,1,community-radio,community-radio,0.0017818933,0.9274948,0.001066054,0.022488983,0.0021734375,0.027577987,0.00702609,0.010390674
1,1,community-radio,community-radio,8.681157e-06,0.99549,6.154688e-06,0.0018218129,9.819414e-05,0.0015406302,0.00087882805,0.00015569045
5,5,mobile-music,mobile-music,4.9993178e-06,0.00029012474,1.2064925e-06,2.0727051e-05,3.4700174e-06,0.99895155,8.564701e-05,0.00064233947
3,3,crowd-noise,crowd-noise,2.5565458e-05,0.00010153746,0.0004912057,0.9990582,9.692913e-05,7.426763e-05,0.00013748884,1.4936823e-05
4,4,generator,generator,4.419059e-06,6.130632e-05,2.4822182e-05,1.1516196e-05,0.9997695,3.5608868e-05,7.405279e-05,1.8787008e-05
2,2,construction-site,construction-site,9.320173e-06,0.00056513754,0.99852186,0.00053851487,0.00016315139,5.0372226e-05,9.781716e-05,5.3833184e-05
6,6,motorvehicle-horn,motorvehicle-horn,0.09775138,0.0055391514,0.011515127,0.02001095,0.021903018,0.0039592595,0.8291583,0.010162819
0,0,car-alarm,car-alarm,0.9998611,3.928961e-06,1.9551839e-05,1.7764809e-05,1.402838e-06,3.4640336e-06,4.274283e-05,4.990276e-05
7,7,motorvehicle-siren,motorvehicle-siren,8.095967e-05,6.592956e-05,1.2988802e-05,3.0572734e-05,2.775641e-07,5.5513838e-06,2.491733e-05,0.9997787
1,1,community-radio,community-radio,0.0005433895,0.92111045,0.001966073,0.013402563,0.00024406891,0.0005033374,0.0048584607,0.057371598
4,4,generator,generator,3.166704e-05,0.011850326,0.0074639134,0.021496877,0.9577551,0.00086144824,0.00016123052,0.00037947667
2,2,construction-site,construction-site,1.7790326e-05,0.0023612326,0.9313042,0.0009341078,0.05473774,0.0028188413,0.007758289,6.771176e-05
2,2,construction-site,construction-site,0.00015902652,3.4943016e-05,0.9991461,0.00010828058,9.481802e-06,4.693761e-06,5.3595464e-05,0.00048379772
0,0,car-alarm,car-alarm,0.9985555,1.1745224e-05,6.5343593e-06,6.942614e-06,4.960846e-07,8.753751e-06,6.3497646e-05,0.0013465605
2,2,construction-site,construction-site,5.909321e-05,1.7651895e-05,0.9958662,0.00019837201,7.1217095e-05,0.0029763042,0.0007468515,6.4317086e-05
1,1,community-radio,community-radio,9.297392e-05,0.99350476,2.803049e-05,0.0010725058,6.669789e-05,0.0041523958,0.0006040415,0.00047853784
4,4,generator,generator,1.1492336e-06,7.0343394e-06,3.7990816e-05,3.0208018e-06,0.9998772,9.003873e-06,6.358788e-05,9.409285e-07
4,4,generator,generator,2.061858e-05,5.521102e-05,0.00018316651,3.5922178e-05,0.99914396,8.4163396e-05,0.00046540008,1.1567981e-05
2,2,construction-site,construction-site,0.0035852748,0.06206849,0.48620388,0.40077153,0.006789248,0.004088817,0.02757803,0.008914749
0,0,car-alarm,car-alarm,0.99962115,7.4253685e-06,1.646322e-05,1.1850088e-05,2.7058047e-07,7.2172174e-06,2.5410933e-05,0.00031024293
2,2,construction-site,construction-site,1.5000018e-06,2.0459738e-06,0.9999212,5.166145e-05,4.235093e-06,8.509154e-07,3.3491515e-06,1.5137666e-05
1,1,community-radio,community-radio,0.0045737,0.7002084,0.00711447,0.25045088,0.0032299696,0.0036094617,0.025480608,0.005332587
3,3,crowd-noise,crowd-noise,0.001646649,0.016585331,0.12075067,0.8508502,0.0016897051,0.0043125856,0.0028280767,0.0013368307
7,7,motorvehicle-siren,motorvehicle-siren,1.7084565e-05,3.486568e-05,4.7123078e-05,3.1173677e-05,1.971999e-07,1.1691432e-05,1.4301123e-05,0.9998435
1,5,community-radio,mobile-music,0.0009490495,0.1382868,0.00031564402,0.025469573,0.00054463086,0.8185579,0.002526017,0.013350254
0,0,car-alarm,car-alarm,0.9996927,8.882174e-06,4.6794765e-05,3.6470326e-05,9.0286485e-06,4.350072e-06,0.00013596052,6.572063e-05
3,3,crowd-noise,crowd-noise,2.5611876e-05,0.0002596666,0.0026296538,0.99673045,0.00014400424,2.9225866e-05,0.00015184357,2.9572318e-05
3,3,crowd-noise,crowd-noise,0.0042568725,0.27428395,0.11127003,0.5348646,0.011945112,0.0031392968,0.025593827,0.034646343
6,6,motorvehicle-horn,motorvehicle-horn,0.060144786,0.007013488,0.00495935,0.015533252,0.004018677,0.000513335,0.88975376,0.018063294
2,2,construction-site,construction-site,6.6073376e-06,6.455673e-05,0.9989517,0.00024926927,0.00053469033,3.5566445e-05,0.00014950045,8.166633e-06
0,0,car-alarm,car-alarm,0.9997981,7.098847e-06,5.1192823e-05,5.1524858e-05,2.1156218e-06,2.8126508e-06,2.8645949e-05,5.846689e-05
2,3,construction-site,crowd-noise,0.0018991778,0.014053622,0.04421709,0.89335465,0.025138577,0.001997314,0.016638974,0.0027006122
1,1,community-radio,community-radio,1.49765265e-05,0.9951533,2.1776137e-05,0.0022181186,0.00026951695,0.0018979488,0.0002875674,0.00013667537
0,0,car-alarm,car-alarm,0.999863,3.561164e-06,1.9414954e-05,1.922791e-05,1.2541724e-06,3.0880146e-06,3.526494e-05,5.509086e-05
1,1,community-radio,community-radio,2.00762e-05,0.99603647,3.1244235e-05,0.0024612036,7.380183e-05,0.0006902294,0.00056870957,0.00011829374
3,5,crowd-noise,mobile-music,0.008294787,0.4483345,0.00028666318,0.0063922503,0.0014752013,0.46288288,0.0029497102,0.06938406
6,6,motorvehicle-horn,motorvehicle-horn,0.060698096,0.13758235,0.043202512,0.2952049,0.014439009,0.072867975,0.3345118,0.04149338
3,3,crowd-noise,crowd-noise,4.01987e-06,3.6610392e-05,0.000109223634,0.99980086,2.2849694e-05,1.09442435e-05,1.3859027e-05,1.6835063e-06
7,7,motorvehicle-siren,motorvehicle-siren,3.5689132e-05,2.6826237e-06,1.00335255e-05,3.7562475e-06,1.7754537e-07,3.6014817e-06,4.2009542e-05,0.9999019
0,6,car-alarm,motorvehicle-horn,0.067918435,0.022735318,0.039401107,0.08342475,0.17594779,0.005738851,0.5995321,0.005301686
6,6,motorvehicle-horn,motorvehicle-horn,0.009402925,0.0016438521,0.005437306,0.0022996943,0.017844493,0.0003252089,0.93368363,0.029362956
5,1,mobile-music,community-radio,0.00027287705,0.87926793,0.00011629659,0.0069691194,0.00036326138,0.10889386,0.0012362377,0.002880469
7,7,motorvehicle-siren,motorvehicle-siren,0.00039057445,6.541749e-05,0.000110860296,1.1501055e-05,1.9205352e-06,5.0070275e-06,0.00014413075,0.9992706
3,3,crowd-noise,crowd-noise,5.1518462e-05,0.0007146613,0.000705875,0.99825543,3.0669107e-05,9.7158845e-05,3.6001336e-05,0.0001085994
4,4,generator,generator,0.00013451368,0.00032079764,0.00092248584,0.00038498468,0.99651235,0.0006272709,0.0010322488,6.533648e-05
2,2,construction-site,construction-site,3.4449466e-05,9.514271e-05,0.99745804,0.0012831772,0.000700578,0.00012775614,0.00025875616,4.2035954e-05
0,0,car-alarm,car-alarm,0.99945956,7.095651e-06,1.49903535e-05,1.6967515e-05,1.932144e-06,4.023165e-06,0.00030307626,0.00019237418
2,2,construction-site,construction-site,4.090463e-06,1.4295409e-06,0.99983823,7.000548e-05,1.6832579e-06,8.961756e-07,4.798664e-06,7.886354e-05
7,1,motorvehicle-siren,community-radio,0.08239188,0.5477417,0.0020714456,0.13905215,0.00041715652,0.005830046,0.0254547,0.19704095
6,6,motorvehicle-horn,motorvehicle-horn,0.019166749,0.16790412,0.023167588,0.056836467,0.0021453935,0.00200003,0.69799054,0.030789103
5,5,mobile-music,mobile-music,0.00010657772,0.0034860678,0.0002394822,0.0015720163,0.00011564114,0.99354726,0.00046262922,0.0004703228
0,0,car-alarm,car-alarm,0.9998704,3.297548e-06,1.0983621e-05,1.3663328e-05,9.749652e-07,3.0214092e-06,4.0002804e-05,5.760744e-05
4,4,generator,generator,1.9873358e-05,0.0008323848,0.00053521944,0.00020669842,0.99648845,0.0011484796,0.00054984883,0.00021911258
7,3,motorvehicle-siren,crowd-noise,0.003513928,0.19374517,0.0021927166,0.7001573,0.0027374642,0.083382905,0.0034306936,0.010839863
1,1,community-radio,community-radio,0.0006874787,0.99095273,0.00015537982,0.0007574327,7.9779726e-05,0.00049820315,0.00017830243,0.006690749
2,2,construction-site,construction-site,0.00011011543,0.002475076,0.9598679,0.028528724,0.0018905029,0.0001726968,0.0012133444,0.005741581
3,3,crowd-noise,crowd-noise,8.729198e-05,0.0001754272,0.006433003,0.9925591,0.0001477978,0.0002685973,0.00024604308,8.272168e-05
1,1,community-radio,community-radio,0.00024233099,0.95760953,0.0008546752,0.018042797,0.0037612007,0.014353976,0.0034885698,0.0016469843
4,4,generator,generator,5.840116e-07,5.1238057e-06,3.1162854e-05,2.1359117e-06,0.99992836,4.85777e-06,2.7280108e-05,4.6904364e-07
1,4,community-radio,generator,0.000100322264,0.028127292,0.00013654305,0.00019885928,0.9640265,0.006102817,0.000694867,0.00061270554
2,2,construction-site,construction-site,4.9527644e-06,3.0400732e-05,0.9989849,0.0008898108,4.5892444e-05,1.2609451e-05,2.3011515e-05,8.493492e-06
2,2,construction-site,construction-site,0.00792987,0.025542717,0.7429661,0.035112705,0.00065669743,0.13093337,0.0010483483,0.05581017
2,2,construction-site,construction-site,0.0050567375,0.0006371005,0.9335848,0.013213184,0.0014129779,0.003628497,0.015843939,0.026622662
0,6,car-alarm,motorvehicle-horn,0.25638694,0.0410865,0.017100349,0.08284212,0.0025693688,0.019111559,0.55994755,0.020955652
6,6,motorvehicle-horn,motorvehicle-horn,0.2911315,0.00077980605,0.017374568,0.020801444,0.0027295707,0.00074971234,0.65910167,0.007331702
7,7,motorvehicle-siren,motorvehicle-siren,6.4321557e-06,7.010418e-07,9.945429e-06,4.0303274e-07,1.0262202e-08,7.197324e-07,4.8419656e-06,0.999977
1,1,community-radio,community-radio,0.000103220365,0.9660687,1.3100838e-05,0.0026902207,0.0010834318,0.029068755,0.0002635631,0.0007090654
7,7,motorvehicle-siren,motorvehicle-siren,0.00011757034,2.2574643e-05,5.006799e-05,8.097473e-06,3.73294e-06,4.7043137e-05,0.00022048349,0.99953043
2,2,construction-site,construction-site,0.00039235342,0.0074172863,0.91300505,0.009926812,0.05771819,0.006288671,0.0037397358,0.0015120133
6,6,motorvehicle-horn,motorvehicle-horn,0.062968,0.0029653115,0.005130444,0.0073203566,0.001363906,0.0010504924,0.89432603,0.024875402
6,6,motorvehicle-horn,motorvehicle-horn,0.11422688,0.0069959196,0.007950769,0.030311473,0.0024507043,0.0006874422,0.8177074,0.019669402
3,3,crowd-noise,crowd-noise,0.00072342466,0.07332651,0.12129416,0.7830856,0.008762906,0.0015093455,0.00415848,0.007139622
0,0,car-alarm,car-alarm,0.99980026,5.3727686e-06,8.624953e-06,1.0205423e-05,1.0407887e-07,8.751158e-06,4.2178406e-05,0.00012451781
5,5,mobile-music,mobile-music,4.144308e-05,0.0010625959,2.6342648e-05,4.740985e-05,6.824128e-05,0.99854076,7.735339e-05,0.0001357303
2,2,construction-site,construction-site,1.6356244e-05,0.00014488457,0.9975309,0.00043197902,0.0012212966,0.00031946626,0.00030749943,2.7580176e-05
4,4,generator,generator,1.2891927e-05,9.01919e-05,0.0003184941,0.00013572683,0.99883145,0.00022383548,0.0003738405,1.3502496e-05
0,6,car-alarm,motorvehicle-horn,0.4287819,0.0002997856,0.0051366477,0.006015194,0.0013573566,6.1319784e-05,0.55655706,0.0017907592
3,2,crowd-noise,construction-site,0.0028196017,0.00932225,0.7266244,0.11340096,0.11471984,0.0056727566,0.024499519,0.0029406615
6,6,motorvehicle-horn,motorvehicle-horn,0.073414646,0.0004341495,0.006056145,0.0075782496,0.0026822079,0.00010230198,0.90570253,0.004029752
0,6,car-alarm,motorvehicle-horn,0.42785063,0.0011513693,0.002557188,0.002657069,0.0009227492,0.000175245,0.5476052,0.017080572
0,5,car-alarm,mobile-music,0.00377354,0.02382571,0.0064839763,0.028182931,0.0004270826,0.91264135,0.020852784,0.003812562
6,6,motorvehicle-horn,motorvehicle-horn,0.061074857,0.0034520584,0.0028646681,0.010503643,0.001890545,0.00023754267,0.9112453,0.008731367
4,4,generator,generator,1.1197139e-06,3.936523e-05,3.7589263e-05,9.3489925e-06,0.999859,2.1324777e-05,3.0919346e-05,1.3681721e-06
2,2,construction-site,construction-site,3.585739e-06,3.3733509e-06,0.9999157,4.1684034e-05,4.182817e-06,4.5807396e-06,5.1539696e-06,2.18044e-05
5,1,mobile-music,community-radio,0.00030029487,0.63702816,0.007917026,0.0061213514,0.00095085835,0.34361482,0.003622187,0.00044532018
4,4,generator,generator,0.00025845767,0.00093579764,0.0810441,0.0072938194,0.90516484,0.0013688274,0.0036195286,0.00031474748
2,2,construction-site,construction-site,0.0012029575,0.008432639,0.8249798,0.14615604,0.012335654,0.0007642745,0.0031996907,0.0029290456
6,6,motorvehicle-horn,motorvehicle-horn,0.0011249663,9.504082e-05,0.018656606,0.00042931482,0.0029485968,4.4015196e-05,0.96341515,0.013286281
5,5,mobile-music,mobile-music,3.5436856e-06,0.0067325407,1.102925e-05,6.3468775e-05,1.911851e-05,0.99302,7.5647054e-05,7.4592106e-05
7,7,motorvehicle-siren,motorvehicle-siren,1.797159e-05,2.3902116e-06,1.930501e-05,1.5366704e-06,2.6695526e-08,2.3839605e-06,3.652937e-06,0.9999527
6,6,motorvehicle-horn,motorvehicle-horn,0.06628693,0.0017564399,0.075238906,0.03280004,0.0059803193,0.0005622924,0.8111057,0.0062693795
6,6,motorvehicle-horn,motorvehicle-horn,0.014657937,0.09695944,0.020578977,0.062048517,0.023958413,0.0014380001,0.7542091,0.026149616
0,0,car-alarm,car-alarm,0.997695,2.4834708e-05,2.7901411e-05,1.1440542e-05,1.3049856e-07,1.8436307e-05,4.4175777e-05,0.002178045
1,1,community-radio,community-radio,1.8173461e-05,0.95735884,0.014591325,0.006845299,0.015808372,0.0045246477,0.0007382527,0.000115179355
0,0,car-alarm,car-alarm,0.9975866,3.4007524e-05,3.5963905e-05,1.1230995e-05,1.6217392e-07,2.2842441e-05,2.694592e-05,0.0022822353
0,0,car-alarm,car-alarm,0.9998196,5.7290717e-06,1.9655758e-05,2.3504612e-05,2.259844e-06,5.5805453e-06,7.0173344e-05,5.3519438e-05
3,2,crowd-noise,construction-site,0.000528364,0.01164925,0.85554904,0.09831788,0.024593357,0.0030832603,0.0047575897,0.0015212625
0,6,car-alarm,motorvehicle-horn,0.06578962,0.0018455399,0.0062756436,0.0097721,0.002202373,0.00025043305,0.90577424,0.008090107
2,2,construction-site,construction-site,5.2170188e-05,0.046289496,0.9326126,0.010498203,0.008692747,0.0009277119,0.0007132142,0.0002139108
1,1,community-radio,community-radio,0.0017638494,0.80856717,0.0039420603,0.1528255,0.0006802097,0.008103068,0.0124534285,0.011664689
1,1,community-radio,community-radio,0.00010086343,0.97467154,0.003489409,0.012624246,0.001783673,0.005400334,0.0014256523,0.00050428836
4,4,generator,generator,0.00034547225,0.0012137011,0.0001334457,0.00018674886,0.9958211,0.00069699355,0.0013203933,0.00028212898
1,1,community-radio,community-radio,1.1703807e-05,0.99666214,6.1699524e-05,0.0018887096,0.0001586882,0.0010406236,0.00014089167,3.5606517e-05
4,4,generator,generator,5.380608e-07,9.880908e-06,1.8565384e-05,2.790932e-06,0.9999418,7.0188785e-06,1.8834562e-05,4.9081444e-07
3,1,crowd-noise,community-radio,0.011185521,0.58769053,0.017312046,0.048554916,0.00037412424,0.059252325,0.0051257806,0.27050474
0,5,car-alarm,mobile-music,0.17488344,0.06592719,0.004487878,0.05746158,0.031881507,0.35743546,0.26513252,0.042790398
5,5,mobile-music,mobile-music,1.0782514e-05,0.0015241317,0.00015553863,8.223964e-05,3.422767e-05,0.99775106,0.0003670727,7.501227e-05
7,7,motorvehicle-siren,motorvehicle-siren,2.7274293e-05,2.2350803e-05,8.130786e-06,5.6741683e-06,1.17940175e-07,2.8105862e-06,2.2870801e-05,0.9999107
0,6,car-alarm,motorvehicle-horn,0.1752939,0.0020250736,0.0035702123,0.009355643,0.0021597068,0.00041836852,0.79409325,0.013083815
1,1,community-radio,community-radio,0.0020320907,0.67180073,0.054231867,0.23856562,0.006541852,0.0070054894,0.013244105,0.006578281
3,3,crowd-noise,crowd-noise,3.979919e-05,0.00035615134,0.0008727111,0.99799,0.00028830903,0.00019771076,0.00023512098,2.0218586e-05
6,6,motorvehicle-horn,motorvehicle-horn,0.0010122637,0.000120400575,0.044722036,0.00043746535,0.0010504089,0.00037490402,0.95020074,0.0020818112
4,4,generator,generator,8.261976e-07,7.3899537e-06,1.6208012e-05,2.463888e-06,0.9999386,9.144926e-06,2.4776451e-05,5.87695e-07
2,5,construction-site,mobile-music,0.00017194972,0.010727752,0.050027322,0.0070609567,0.04206042,0.884104,0.0042407615,0.0016068539
0,6,car-alarm,motorvehicle-horn,0.07805423,0.010652189,0.015984226,0.04795432,0.0040099374,0.0005392938,0.82785815,0.014947654
2,2,construction-site,construction-site,0.00016172529,0.0002508637,0.8050696,0.00058685825,0.18863863,0.00025891853,0.0045580226,0.00047540021
6,6,motorvehicle-horn,motorvehicle-horn,0.053129397,0.020316908,0.02719247,0.059643146,0.009849087,0.0019704646,0.81367725,0.014221292
6,6,motorvehicle-horn,motorvehicle-horn,0.061205402,0.0018093153,0.012925416,0.0054886173,0.0036298637,0.0003230237,0.885337,0.029281378
0,0,car-alarm,car-alarm,0.9988851,1.4516687e-05,2.6415795e-05,1.3548871e-05,2.0854327e-07,1.0621587e-05,2.9920117e-05,0.0010196189
2,2,construction-site,construction-site,5.796948e-06,7.351884e-06,0.9992467,0.00012248468,3.4746029e-06,4.333795e-06,1.2453311e-05,0.0005973211
6,6,motorvehicle-horn,motorvehicle-horn,0.43336093,0.0018947694,0.0046213693,0.009940116,0.0025510443,0.0005629166,0.5263906,0.020678164
3,3,crowd-noise,crowd-noise,0.00031427745,0.01178781,0.0139675,0.9723762,0.00037356227,0.00021482525,0.00068626634,0.00027949162
1,1,community-radio,community-radio,2.8167224e-06,0.99962354,3.6081374e-06,0.00017552507,5.5857632e-05,0.0001024484,1.4828263e-05,2.1317805e-05
2,3,construction-site,crowd-noise,0.0003970645,0.019400025,0.0363809,0.9367645,0.0012234998,0.004126013,0.0005968289,0.0011110724
6,6,motorvehicle-horn,motorvehicle-horn,0.043256864,0.0019814135,0.008006268,0.016063508,0.0013604776,0.00018930135,0.9163992,0.012743051
0,6,car-alarm,motorvehicle-horn,0.11240013,0.0017789922,0.01918806,0.008995938,0.0023523201,0.0010906813,0.67758226,0.17661166
1,1,community-radio,community-radio,0.0011093846,0.9348189,0.0002778324,0.0073699267,0.0016288597,0.028504826,0.021179484,0.005110825
4,4,generator,generator,7.043439e-07,3.434458e-06,1.9136825e-05,1.9313024e-06,0.999944,4.4374583e-06,2.6039585e-05,3.7539505e-07
0,0,car-alarm,car-alarm,0.9995894,2.2643075e-05,3.994071e-05,5.9995687e-05,8.982175e-06,1.4420843e-05,0.00013011204,0.00013464098
6,6,motorvehicle-horn,motorvehicle-horn,0.00060932233,6.903976e-05,0.0008531703,0.00020492377,0.00037520556,6.290364e-05,0.99746525,0.00036020955
6,6,motorvehicle-horn,motorvehicle-horn,0.27421194,0.012198382,0.020845043,0.033522114,0.021277059,0.004156858,0.61253,0.021258594
7,6,motorvehicle-siren,motorvehicle-horn,0.064677596,0.003089347,0.012179422,0.014767582,0.0073514874,0.00075522414,0.8910367,0.0061427522
5,5,mobile-music,mobile-music,3.5536598e-06,0.00052626705,1.3816247e-05,2.595225e-05,6.7497926e-06,0.99935883,2.4308445e-05,4.0516952e-05
5,5,mobile-music,mobile-music,2.3838005e-05,0.00061328587,5.403376e-05,0.00017934364,1.8936782e-05,0.9988644,0.00012382733,0.0001224182
0,0,car-alarm,car-alarm,0.65634453,0.00076252717,0.011299382,0.044745214,0.0005530676,0.0013168894,0.25197956,0.032998793
0,0,car-alarm,car-alarm,0.99966264,6.38038e-06,1.1204208e-05,8.187664e-06,1.3002922e-07,5.141836e-06,2.2596996e-05,0.0002836863
7,7,motorvehicle-siren,motorvehicle-siren,3.91664e-05,3.864658e-05,0.00033147042,6.733302e-06,2.3577658e-07,1.231314e-05,4.0027506e-05,0.9995314
4,4,generator,generator,4.673961e-07,4.3411515e-06,6.980775e-06,1.0340592e-06,0.99997056,3.3444749e-06,1.2982514e-05,3.454701e-07
7,7,motorvehicle-siren,motorvehicle-siren,6.6234024e-06,8.0415765e-07,1.4336829e-05,9.882708e-07,7.804345e-09,5.164821e-07,3.8482135e-06,0.99997294
5,5,mobile-music,mobile-music,4.1810225e-05,0.007034615,9.123192e-05,0.001489436,6.3149324e-05,0.9905607,0.0003135232,0.00040551348
0,6,car-alarm,motorvehicle-horn,0.06399207,0.017258365,0.0032161146,0.047347903,0.0013182084,0.00091713254,0.8483947,0.01755554
3,1,crowd-noise,community-radio,0.00052920403,0.9651604,0.0012184515,0.0149917975,0.002387016,0.004697966,0.0064412635,0.004573865
5,5,mobile-music,mobile-music,1.2038974e-05,0.0010075175,3.407507e-05,0.00014275512,2.4221077e-05,0.9986304,6.7608926e-05,8.146433e-05
3,3,crowd-noise,crowd-noise,0.008314441,0.028100928,0.3086561,0.44154927,0.11161589,0.06691099,0.01712801,0.017724385
4,4,generator,generator,2.1362727e-07,2.9495845e-06,7.4367135e-06,8.0392977e-07,0.9999795,1.8146459e-06,7.1322556e-06,1.8583e-07
5,5,mobile-music,mobile-music,6.4705287e-06,0.00037784773,1.3765604e-05,5.5188855e-05,4.7528483e-06,0.9994536,4.0390234e-05,4.8034082e-05
6,6,motorvehicle-horn,motorvehicle-horn,0.19472489,0.0006674017,0.0063522533,0.0062301625,0.00069699524,0.00033687902,0.7838154,0.0071759624
1,1,community-radio,community-radio,1.1733108e-05,0.99781466,6.6704684e-05,0.0011936527,0.0002466898,0.0003044749,0.00030194072,6.0113023e-05
6,6,motorvehicle-horn,motorvehicle-horn,0.06375045,0.0012725084,0.018539457,0.013253671,0.0063907527,0.0003907008,0.8885858,0.007816657
1,2,community-radio,construction-site,0.00084478426,0.0034421438,0.9539957,0.013588248,0.014473535,0.008236718,0.002732241,0.0026866784
0,0,car-alarm,car-alarm,0.99984324,4.2021925e-06,2.4565805e-05,1.0168205e-05,3.8026315e-07,4.5056127e-06,2.8163893e-05,8.485356e-05
6,6,motorvehicle-horn,motorvehicle-horn,0.071321845,0.025293345,0.002206829,0.019092541,0.0028875957,0.0015100404,0.85875523,0.018932542
6,6,motorvehicle-horn,motorvehicle-horn,0.04132182,0.00053921033,0.0074426606,0.004037515,0.005477027,0.00023598086,0.9356784,0.0052673966
0,6,car-alarm,motorvehicle-horn,0.18154044,0.0014481051,0.0035557044,0.0085201105,0.0010250503,0.0005292588,0.77003664,0.033344753
3,6,crowd-noise,motorvehicle-horn,0.20852432,0.0016398411,0.042145126,0.03846832,0.029147668,0.001712007,0.67476296,0.0035997962
0,0,car-alarm,car-alarm,0.999153,3.851387e-05,4.1070354e-05,3.956736e-05,9.95944e-07,1.913776e-05,6.670675e-05,0.0006410646
6,2,motorvehicle-horn,construction-site,0.06100185,0.012011921,0.33667535,0.11032624,0.2091165,0.008392821,0.25296313,0.009512122
2,2,construction-site,construction-site,7.71881e-05,8.661071e-05,0.99737966,0.00013490967,5.5119675e-05,0.00048824828,0.0015689412,0.00020933572
1,1,community-radio,community-radio,0.00015458102,0.9886829,9.683043e-05,0.0048815166,7.96099e-05,0.005421507,0.00053337956,0.00014973909
1,1,community-radio,community-radio,3.581687e-05,0.987311,2.028267e-05,0.00085753825,0.0010748483,0.010114577,0.00025141277,0.00033451285
2,3,construction-site,crowd-noise,0.00048065826,0.09663514,0.41222447,0.47890702,0.0025375634,0.0027311759,0.0037588263,0.002725133
5,3,mobile-music,crowd-noise,0.17262276,0.21969937,0.013316719,0.5251635,0.0018721627,0.006131339,0.025733499,0.0354607
7,7,motorvehicle-siren,motorvehicle-siren,7.400309e-05,3.4625555e-05,9.135033e-05,3.744572e-05,2.067177e-06,1.2817646e-06,3.743658e-05,0.9997218
7,7,motorvehicle-siren,motorvehicle-siren,0.00023329894,2.1710117e-05,1.9495988e-05,9.688581e-06,3.719276e-07,2.151536e-05,7.4603806e-05,0.99961925
0,6,car-alarm,motorvehicle-horn,0.011062489,0.007379038,0.0046517975,0.011691083,0.0010199419,0.00032628505,0.9555512,0.008318282
2,2,construction-site,construction-site,1.7963124e-05,3.395622e-05,0.9989222,0.0002319493,0.00029955988,0.00017228973,0.0003042651,1.794208e-05
3,3,crowd-noise,crowd-noise,4.5175148e-05,0.00013984823,0.0024244362,0.99710065,7.0867514e-05,6.590118e-05,0.00012695312,2.6174808e-05
2,2,construction-site,construction-site,3.8769453e-05,4.8841325e-06,0.9888022,5.3032258e-05,1.4668267e-06,2.4478873e-06,6.120156e-05,0.011036116
7,7,motorvehicle-siren,motorvehicle-siren,9.429893e-06,1.7768806e-06,2.9535718e-06,1.2621749e-06,4.5150287e-08,5.0777805e-07,1.0850273e-05,0.9999732
4,4,generator,generator,3.6160284e-07,4.1368817e-06,1.0425291e-05,1.5985462e-06,0.99996424,2.7759909e-06,1.610404e-05,3.5128127e-07
2,2,construction-site,construction-site,0.000101871236,0.00061469333,0.9922597,0.005362463,0.00047977528,0.00025147526,0.0007557569,0.00017435504
5,5,mobile-music,mobile-music,4.059673e-05,0.002260374,0.0045005796,0.0013562146,0.004202265,0.985871,0.0013317657,0.00043726945
7,7,motorvehicle-siren,motorvehicle-siren,0.00012572459,0.00012608636,0.00015189842,6.0926166e-05,8.932199e-06,7.273335e-05,0.0006156467,0.998838
6,6,motorvehicle-horn,motorvehicle-horn,0.07214479,0.014893001,0.012479137,0.03698582,0.001488375,0.0025684438,0.84457636,0.014864027
4,4,generator,generator,6.966748e-08,1.2611815e-06,1.0337127e-05,7.5241815e-07,0.99998105,3.0461986e-06,3.385974e-06,7.885663e-08
7,7,motorvehicle-siren,motorvehicle-siren,1.750574e-05,5.7368975e-06,3.5229248e-06,4.0873542e-06,7.247084e-08,3.4899733e-06,2.7591946e-05,0.99993813
6,5,motorvehicle-horn,mobile-music,0.0019164927,0.03522458,0.07989711,0.019910563,0.0022399342,0.6499108,0.20814438,0.0027560792
4,4,generator,generator,2.0161064e-05,6.6704604e-05,0.00034891916,4.191968e-05,0.99876547,7.760002e-05,0.0006617806,1.7485709e-05
6,6,motorvehicle-horn,motorvehicle-horn,0.08981554,0.030329293,0.03522005,0.08052727,0.008773441,0.003158698,0.7189455,0.03323019
5,5,mobile-music,mobile-music,3.2478038e-05,0.0050861747,0.00036700032,0.0004448145,0.00015214148,0.9929547,0.0006436291,0.00031907458
2,2,construction-site,construction-site,5.5535234e-06,1.7409591e-05,0.9998599,6.955593e-05,2.0070733e-05,9.230023e-06,1.4700878e-05,3.54054e-06
2,2,construction-site,construction-site,2.2121492e-05,0.0005049297,0.96433175,0.034145102,0.00034747188,0.00042140606,0.00015412415,7.311404e-05
3,3,crowd-noise,crowd-noise,0.001561847,0.018169079,0.15246548,0.7178497,0.09160162,0.004859048,0.001348651,0.012144645
7,5,motorvehicle-siren,mobile-music,0.016395085,0.051076345,0.0004164146,0.019984739,0.0018236513,0.8594342,0.007820612,0.043048844
5,5,mobile-music,mobile-music,0.00045111496,0.010938264,0.0010756236,0.002602997,0.0006421369,0.98076576,0.0017989847,0.0017251683
5,5,mobile-music,mobile-music,1.256829e-05,0.00080382195,3.9272447e-05,0.00028870208,2.0868441e-05,0.9986712,7.2977775e-05,9.059825e-05
4,4,generator,generator,8.727055e-07,3.6095273e-06,1.8553263e-05,1.9469007e-06,0.9999343,4.981266e-06,3.5273104e-05,4.7161166e-07
4,3,generator,crowd-noise,0.029911788,0.009820767,0.11131251,0.4387989,0.049634803,0.017283272,0.3414479,0.0017901319
2,2,construction-site,construction-site,0.0006148719,0.00012428674,0.99022406,0.00050758605,0.00020567991,0.005386456,0.0027458784,0.00019108922
0,0,car-alarm,car-alarm,0.9969008,2.835704e-05,2.2627984e-05,8.931785e-06,1.542091e-07,1.9786872e-05,5.0200797e-05,0.0029692089
2,2,construction-site,construction-site,1.3420744e-05,2.883515e-05,0.9989297,0.00013792512,0.0004987199,0.00020023063,0.00017187337,1.9306954e-05
5,5,mobile-music,mobile-music,8.806595e-06,0.00081589306,0.0014803581,0.00018822472,0.00010432635,0.996494,0.00085400546,5.4492815e-05
1,1,community-radio,community-radio,9.956182e-06,0.99819994,2.4513527e-05,0.0005383991,0.000219518,0.000794954,0.00013488061,7.777503e-05
0,0,car-alarm,car-alarm,0.99969554,6.0280436e-06,1.9889747e-05,1.0720968e-05,2.3367643e-07,5.3438976e-06,2.5673127e-05,0.00023660409
5,5,mobile-music,mobile-music,4.5585675e-05,0.016333781,4.2702985e-05,0.0005688404,0.0005010682,0.980927,0.00014779382,0.0014332499
0,0,car-alarm,car-alarm,0.9998661,4.0180744e-06,1.6494416e-05,8.619009e-06,2.6961968e-07,2.0433517e-06,5.3271036e-05,4.9156424e-05
1,1,community-radio,community-radio,5.584346e-05,0.9943693,6.5190434e-05,0.0040370957,0.00011963103,0.00078250986,0.00039649408,0.0001740102
4,4,generator,generator,0.00036048738,0.0034282196,0.0010627422,0.00051981444,0.97327846,0.0075306124,0.013055777,0.0007639474
1,1,community-radio,community-radio,6.8043075e-05,0.9942145,9.967606e-05,0.003620426,0.00034412168,0.00065586873,0.0006777806,0.00031966195
3,1,crowd-noise,community-radio,0.00019214109,0.98421,0.00019249397,0.009427718,0.0003985062,0.002414982,0.0022758457,0.00088842853
7,7,motorvehicle-siren,motorvehicle-siren,2.4287685e-05,3.0300153e-06,1.3547456e-05,9.625553e-07,4.7330715e-08,8.0445596e-07,7.2431844e-06,0.99995005
1,1,community-radio,community-radio,0.00019243995,0.9875475,0.00020079044,0.0033024813,0.002384672,0.003121913,0.002344005,0.0009062401
6,6,motorvehicle-horn,motorvehicle-horn,0.007300204,5.5622015e-05,0.00015380903,0.0005172154,0.00031704849,1.6354386e-05,0.99148655,0.000153236
0,6,car-alarm,motorvehicle-horn,0.09617008,0.0010665755,0.0019181255,0.0055864286,0.0003158533,9.391366e-05,0.8916805,0.0031685662
7,7,motorvehicle-siren,motorvehicle-siren,2.9763716e-05,5.1471816e-06,2.0782169e-05,6.086892e-06,1.8359763e-07,8.9645624e-07,2.700263e-05,0.9999101
4,4,generator,generator,2.5000827e-07,4.788144e-06,9.061629e-06,1.0262456e-06,0.9999722,2.3207444e-06,1.0167277e-05,2.3951108e-07
3,5,crowd-noise,mobile-music,0.080117814,0.16736385,0.011179586,0.014100709,0.035464402,0.272368,0.16843076,0.25097483
3,3,crowd-noise,crowd-noise,0.004280413,0.068358585,0.0341432,0.8300089,0.004288064,0.011879252,0.037352495,0.00968907
2,2,construction-site,construction-site,0.002338647,0.023396142,0.6087594,0.23853195,0.08890385,0.014585208,0.007987885,0.015496967
2,2,construction-site,construction-site,2.6097066e-06,1.0887615e-06,0.99992466,3.4554818e-05,2.949004e-06,1.2717276e-06,3.664251e-06,2.9134866e-05
2,7,construction-site,motorvehicle-siren,0.0063684913,0.023702106,0.013557405,0.004529318,0.22840308,0.011075098,0.060905505,0.65145904
3,3,crowd-noise,crowd-noise,9.821868e-06,5.0080038e-05,0.00014751972,0.9996966,3.8022656e-05,2.8050621e-05,2.717388e-05,2.7796636e-06
7,7,motorvehicle-siren,motorvehicle-siren,5.457855e-06,1.5549903e-06,1.0366671e-06,7.0106216e-07,1.2723902e-08,1.1634814e-06,4.108039e-06,0.99998593
7,7,motorvehicle-siren,motorvehicle-siren,0.0071117766,0.0013327169,0.003965359,0.00097581366,1.1569053e-05,0.0015358896,0.00018620293,0.9848807
5,5,mobile-music,mobile-music,0.0001843677,0.087346934,0.0003054967,0.016712794,0.0012752346,0.89209354,0.001040198,0.0010414064
4,4,generator,generator,2.1452145e-07,1.983828e-06,7.6852e-06,7.402377e-07,0.9999794,1.4357754e-06,8.368021e-06,1.591047e-07
7,4,motorvehicle-siren,generator,0.014848757,0.119819775,0.00448169,0.0075344336,0.46320134,0.0111865895,0.08201504,0.2969124
4,4,generator,generator,1.3661369e-05,0.000120660596,0.00029094945,5.3314445e-05,0.99874073,0.000114734954,0.00055444887,0.00011140588
2,2,construction-site,construction-site,0.00042139395,0.008307442,0.89879334,0.012584244,0.002214114,0.074140444,0.0025575745,0.0009814517
5,5,mobile-music,mobile-music,1.0814603e-05,0.00074343284,1.3864987e-05,7.853387e-05,6.934983e-06,0.9989944,4.4890996e-05,0.0001070751
5,5,mobile-music,mobile-music,1.3317876e-05,0.0012378132,3.9935137e-05,0.00020515612,2.4429024e-05,0.99829143,7.264012e-05,0.0001152725
0,6,car-alarm,motorvehicle-horn,0.12888603,0.0022652552,0.020964056,0.02631967,0.016967721,0.00086821604,0.7844832,0.01924593
2,5,construction-site,mobile-music,0.106942035,0.00992772,0.002399336,0.004597986,0.000411204,0.75058347,0.08130622,0.04383205
4,4,generator,generator,0.0014663378,0.11272138,0.105444595,0.09948278,0.6162625,0.0064638588,0.05287181,0.0052867383
4,4,generator,generator,5.1102706e-08,1.2153332e-05,8.060247e-05,2.8431386e-06,0.9998896,8.504347e-06,5.02724e-06,1.3133513e-06
6,6,motorvehicle-horn,motorvehicle-horn,0.0984297,0.019140964,0.10151404,0.041265413,0.0412206,0.004969783,0.67616516,0.017294291
6,6,motorvehicle-horn,motorvehicle-horn,0.0060098525,0.05806492,0.05482459,0.025286272,0.0061737453,0.00567984,0.8273827,0.016578102
5,5,mobile-music,mobile-music,0.0005902292,0.011118846,0.20305668,0.013739465,0.0031924746,0.7003062,0.06687857,0.0011175508
2,7,construction-site,motorvehicle-siren,0.2026994,0.034315407,0.034299094,0.10907645,0.0026058785,0.008007365,0.28624433,0.3227521
0,0,car-alarm,car-alarm,0.99845994,1.0617967e-05,9.112158e-06,4.031298e-06,6.240403e-08,7.797485e-06,2.533126e-05,0.0014831047
5,5,mobile-music,mobile-music,9.116353e-06,0.26490805,3.6854777e-05,0.00055826036,8.3699735e-05,0.73382616,0.0003520303,0.00022593842
5,5,mobile-music,mobile-music,4.8537013e-06,0.00039978267,1.1640282e-05,2.1102265e-05,4.1436365e-06,0.99943584,4.3468757e-05,7.9066245e-05
0,3,car-alarm,crowd-noise,0.20832913,0.05939807,0.0720757,0.29171765,0.008791586,0.015861273,0.2826716,0.061154984
3,2,crowd-noise,construction-site,0.009232679,0.020673545,0.6381813,0.22035322,0.060625285,0.020939969,0.019871186,0.010122737
0,0,car-alarm,car-alarm,0.99716276,2.3546498e-05,2.7544556e-05,7.865538e-06,1.02775346e-07,1.2997746e-05,3.1853822e-05,0.0027332006
5,5,mobile-music,mobile-music,2.4819346e-05,0.0010269703,9.4331635e-06,2.3364008e-05,3.7432887e-06,0.9954503,0.0013934501,0.0020679221
3,3,crowd-noise,crowd-noise,1.36842e-05,6.851032e-05,0.00024438257,0.9994886,5.8849488e-05,3.7513e-05,8.037813e-05,8.102519e-06
3,3,crowd-noise,crowd-noise,0.0001333481,0.013461083,0.0011984518,0.96319115,0.0058845286,0.015674295,0.00022746879,0.00022976173
4,4,generator,generator,2.3283224e-05,0.004622108,0.0018906045,0.004974958,0.9878329,0.00033713362,0.00010963445,0.00020935647
0,0,car-alarm,car-alarm,0.9998791,2.6058651e-06,1.0993431e-05,6.767213e-06,1.5038194e-07,2.3997998e-06,4.8045782e-05,4.994094e-05
3,3,crowd-noise,crowd-noise,4.012598e-05,0.013238286,0.00011340898,0.98466253,0.00014673386,0.0009765531,0.00024652094,0.00057582464
0,3,car-alarm,crowd-noise,0.07905493,0.021460822,0.06867476,0.4841892,0.004523617,0.0071359905,0.3162631,0.018697565
0,0,car-alarm,car-alarm,0.9955623,0.00010888659,0.0005090795,0.00012642152,4.249721e-05,4.738493e-05,0.001486983,0.0021164285
1,1,community-radio,community-radio,8.462141e-06,0.9973041,1.4707092e-05,0.0016188297,0.00015890782,0.00057931733,0.00023279278,8.285368e-05
4,4,generator,generator,7.4016874e-08,1.4542057e-05,0.0001976857,5.690848e-06,0.9997552,1.8008734e-05,7.640511e-06,1.0622088e-06
0,0,car-alarm,car-alarm,0.99918324,2.6169064e-05,0.000121995094,8.612052e-05,1.0767898e-06,4.9835126e-05,0.00015173372,0.00037983136
0,0,car-alarm,car-alarm,0.99946314,5.731707e-06,1.0028596e-05,6.39109e-06,3.5322577e-07,4.6040363e-06,5.3889482e-05,0.00045588423
3,3,crowd-noise,crowd-noise,0.069775075,0.05081436,0.04143314,0.5425141,0.013435688,0.057149354,0.123410225,0.10146799
1,1,community-radio,community-radio,9.850599e-05,0.99198335,0.00014776294,0.004917947,0.00023140003,0.0018584155,0.00025954653,0.00050299725
6,6,motorvehicle-horn,motorvehicle-horn,0.0029341162,5.1215564e-05,0.00014321154,0.000631468,0.0004376334,1.140558e-05,0.9956672,0.00012374533
6,6,motorvehicle-horn,motorvehicle-horn,0.01674202,0.00018246805,0.00084263773,0.0006273883,0.0007025665,6.500145e-05,0.9776224,0.0032156087
1,1,community-radio,community-radio,0.00050552783,0.99197114,0.00024167678,0.001501518,0.00022416086,0.0023728537,0.0005547281,0.002628434
5,3,mobile-music,crowd-noise,0.008700198,0.06394344,0.0215198,0.6126861,0.0038213152,0.047250587,0.20847836,0.03360023
2,2,construction-site,construction-site,9.73065e-05,0.0015422172,0.98932415,0.0071588834,0.0009033009,0.00010179716,0.00074715243,0.00012523952
7,7,motorvehicle-siren,motorvehicle-siren,9.944215e-05,0.00011192296,0.00049508904,0.00029254027,6.8991058e-06,2.1328626e-05,7.4372685e-05,0.9988984
2,2,construction-site,construction-site,8.226753e-06,0.00029788364,0.9979881,0.00042123103,0.0007973522,0.00012203921,0.00035076053,1.4513572e-05
2,6,construction-site,motorvehicle-horn,0.034968078,0.12981233,0.11180945,0.15102947,0.0052374583,0.036686156,0.51981324,0.010643867
3,3,crowd-noise,crowd-noise,1.3814093e-05,0.00012323681,0.00021494398,0.99937373,0.00010937665,5.7031175e-05,0.000100135985,7.715945e-06
3,3,crowd-noise,crowd-noise,4.7858016e-06,0.0001778252,0.00048826096,0.9991239,0.00013573124,3.5924164e-05,2.6352252e-05,7.268645e-06
6,6,motorvehicle-horn,motorvehicle-horn,0.06492787,0.007578401,0.008161784,0.019589178,0.015136492,0.0022629825,0.82491064,0.057432674
6,2,motorvehicle-horn,construction-site,0.00086075417,0.017567575,0.69737554,0.1510621,0.11036028,0.013910807,0.0055355243,0.003327451
4,4,generator,generator,3.5350343e-08,8.783337e-06,4.119976e-05,2.4696342e-06,0.99994016,3.7868099e-06,2.6577147e-06,8.768912e-07
7,7,motorvehicle-siren,motorvehicle-siren,7.540502e-05,1.0765353e-05,0.00012724579,1.9356674e-05,8.0974877e-07,1.4594855e-06,9.397086e-05,0.999671
7,7,motorvehicle-siren,motorvehicle-siren,1.9193063e-05,5.553594e-06,1.2153092e-05,6.426646e-06,9.446351e-08,8.569719e-07,6.8316367e-06,0.99994886
3,2,crowd-noise,construction-site,0.017631032,0.16162814,0.33702052,0.21443225,0.068711326,0.016533043,0.16162279,0.02242088
2,2,construction-site,construction-site,0.0002570068,0.0033813717,0.98710513,0.0055318587,0.0018531375,0.0010474257,0.00038063983,0.00044348615
4,4,generator,generator,0.0013695811,0.00064260827,0.0024941317,0.0010668621,0.9769117,0.005087184,0.01212618,0.00030169758
0,0,car-alarm,car-alarm,0.99985135,3.828963e-06,1.1072639e-05,6.8093445e-06,2.8237756e-07,4.0180153e-06,1.8864315e-05,0.0001038357
0,0,car-alarm,car-alarm,0.9950918,0.0001673584,1.6431757e-05,0.00021356998,2.5333697e-05,0.0002832412,0.0004287226,0.003773457
7,7,motorvehicle-siren,motorvehicle-siren,6.1951105e-06,9.418444e-07,1.0564194e-06,4.2507105e-07,5.0715283e-08,5.57089e-07,1.3028644e-05,0.9999776
4,4,generator,generator,9.654521e-05,0.003630708,0.0019323963,0.00039283486,0.987926,0.0012693405,0.003247351,0.0015048111
7,7,motorvehicle-siren,motorvehicle-siren,1.0864689e-05,1.3997145e-06,8.482138e-07,8.327969e-07,7.0436286e-08,1.2879669e-06,1.7026417e-05,0.9999676
3,1,crowd-noise,community-radio,0.00029005893,0.95454466,0.00033581324,0.035639677,0.0010296254,0.0012358209,0.003405493,0.003518972
4,2,generator,construction-site,0.0027547665,0.0009476449,0.5098657,0.0057713427,0.43771234,0.018063383,0.023656406,0.001228464
5,5,mobile-music,mobile-music,0.00015508215,0.004530756,0.00026158124,0.0008580121,0.0006219979,0.9908159,0.0021579938,0.0005986626
1,1,community-radio,community-radio,1.1997113e-05,0.98548687,1.2880896e-05,0.00023261124,0.003185533,0.010926774,2.7743326e-05,0.00011554584
3,2,crowd-noise,construction-site,0.0009406869,0.016962022,0.5176085,0.045765925,0.04487245,0.3024862,0.07114101,0.00022313162
5,5,mobile-music,mobile-music,8.550512e-06,0.0008068472,9.340517e-06,5.0744606e-05,1.0304125e-05,0.9985668,0.000105660234,0.0004418051
6,6,motorvehicle-horn,motorvehicle-horn,0.07126358,0.0020020036,0.007223439,0.009141511,0.004308393,0.00040981016,0.8940303,0.011621008
1,1,community-radio,community-radio,4.2413543e-05,0.9940288,0.00016210947,0.0035363943,0.00075835997,0.00068469887,0.0005955414,0.00019169909
5,3,mobile-music,crowd-noise,0.0025879703,0.38166133,0.0021199093,0.4389749,0.00033171792,0.1572555,0.008444512,0.008624151
7,7,motorvehicle-siren,motorvehicle-siren,0.0025868174,1.45175245e-05,1.6555787e-05,6.5721297e-06,3.479904e-07,6.5317527e-06,9.166001e-05,0.9972771
1,1,community-radio,community-radio,0.00034469127,0.98842025,0.00019126391,0.0059092203,0.0005402567,0.0004745686,0.0025167435,0.0016029343
0,0,car-alarm,car-alarm,0.99986506,3.897516e-06,8.787336e-06,6.5257664e-06,6.973239e-08,5.560458e-06,1.695484e-05,9.3093455e-05
0,0,car-alarm,car-alarm,0.9997354,2.3356772e-05,4.2638447e-05,2.6957367e-05,6.8069994e-07,3.0300814e-06,4.167346e-05,0.00012627729
2,2,construction-site,construction-site,0.0016735267,0.0024222503,0.9265347,0.035890006,0.016086347,0.003864029,0.010737034,0.0027921654
4,4,generator,generator,1.0522393e-06,1.6499935e-05,6.782789e-05,9.2604805e-06,0.99981827,4.028493e-05,4.5139874e-05,1.6040268e-06
0,0,car-alarm,car-alarm,0.703249,0.021080887,0.0009080804,0.048844095,0.0018107613,0.13595954,0.072724395,0.01542325
0,2,car-alarm,construction-site,0.0059779473,0.017698413,0.9224155,0.044238634,0.0011737674,0.0032979408,0.00095012214,0.004247635
0,0,car-alarm,car-alarm,0.6345387,0.008597991,0.037759874,0.11529734,0.0039010635,0.0028164168,0.1796926,0.017396016
6,6,motorvehicle-horn,motorvehicle-horn,0.073461354,0.0040342887,0.0038327563,0.013556828,0.0012519963,0.0005767407,0.89403856,0.009247507
2,2,construction-site,construction-site,5.3981734e-05,4.4008888e-05,0.9930239,0.00031421438,7.1747836e-06,3.1821912e-06,1.204307e-05,0.006541478
0,6,car-alarm,motorvehicle-horn,0.29091835,0.004701968,0.007841898,0.025466949,0.0021705856,0.00085950113,0.6555427,0.01249811
1,1,community-radio,community-radio,6.119601e-05,0.99475515,0.00022639429,0.0019885807,0.00064736704,0.0013869245,0.00067552406,0.00025881387
0,0,car-alarm,car-alarm,0.9990884,8.700655e-06,6.808251e-06,7.6655115e-06,6.22126e-07,8.157513e-06,0.00027954625,0.00060016086
3,3,crowd-noise,crowd-noise,1.2011284e-05,9.323942e-05,0.00041873072,0.99927753,3.4010827e-05,0.00012791525,3.07393e-05,5.813342e-06
5,5,mobile-music,mobile-music,0.004798426,0.19792604,0.001424354,0.0124124475,0.002179091,0.7568768,0.014271107,0.01011168
3,3,crowd-noise,crowd-noise,3.3885775e-05,0.0015064962,0.0012382425,0.9968516,0.00015562725,8.464413e-05,8.0493024e-05,4.8910122e-05
2,2,construction-site,construction-site,0.0006813005,0.04718493,0.65365285,0.27766564,0.007354317,0.0032325466,0.0072896085,0.0029387854
6,6,motorvehicle-horn,motorvehicle-horn,0.06613883,0.0052974955,0.008784448,0.020662801,0.001346849,0.000554437,0.88153404,0.01568123
2,2,construction-site,construction-site,0.04006198,0.038269795,0.35574654,0.25881153,0.03155529,0.008184601,0.25256553,0.014804745
0,0,car-alarm,car-alarm,0.9992418,1.42167155e-05,1.801379e-05,2.0530315e-05,3.7920677e-07,1.3421815e-05,3.8103313e-05,0.00065354124
1,1,community-radio,community-radio,4.0453297e-06,0.9987136,1.0521936e-05,0.0003777425,0.0002549487,0.0005141381,8.391103e-05,4.1058283e-05
5,5,mobile-music,mobile-music,9.140264e-05,0.0022308526,0.0001640843,0.0022295285,7.7496254e-05,0.994565,0.00025576775,0.00038579982
5,5,mobile-music,mobile-music,2.5637935e-05,0.0010902659,3.8089092e-05,0.0002518843,2.9850235e-05,0.9983271,0.00010047043,0.00013664407
1,1,community-radio,community-radio,0.0002617527,0.98205584,0.001338554,0.007463822,0.0008665728,0.0017065831,0.0056222584,0.00068477937
7,7,motorvehicle-siren,motorvehicle-siren,8.3735285e-06,1.0769728e-06,3.915439e-06,6.7417665e-07,2.2348063e-08,3.2250074e-07,3.3626122e-06,0.99998224
7,7,motorvehicle-siren,motorvehicle-siren,2.002694e-05,3.972194e-06,5.1074226e-06,2.070376e-06,8.765876e-08,1.1080857e-06,1.2783487e-05,0.9999548
0,0,car-alarm,car-alarm,0.9997806,6.6863618e-06,3.2858898e-05,3.160717e-05,3.6878967e-06,4.8116767e-06,8.6604115e-05,5.3164218e-05
0,0,car-alarm,car-alarm,0.87343377,0.000809136,0.0057077836,0.04272652,0.0001464623,0.00041229924,0.06496308,0.01180099
3,6,crowd-noise,motorvehicle-horn,0.050476093,0.0036804196,0.012613633,0.021346787,0.0018907957,0.00035753212,0.8946495,0.014985202
1,1,community-radio,community-radio,7.98425e-05,0.99448663,3.4145007e-05,0.0022138925,0.00011543354,0.0027160668,0.00026719377,8.683029e-05
1,1,community-radio,community-radio,0.0034922382,0.79144263,0.010978864,0.027625615,0.03378284,0.0274154,0.07352113,0.031741284
2,5,construction-site,mobile-music,0.00016293486,0.0042459317,0.32588282,0.0043319445,0.004729211,0.6494306,0.010405927,0.00081069727
0,0,car-alarm,car-alarm,0.999724,7.938294e-06,0.000108964094,2.085672e-05,4.1674053e-07,4.983293e-06,4.4483513e-05,8.834825e-05
4,4,generator,generator,0.0028922856,0.09182523,0.048420586,0.027279858,0.696789,0.023231864,0.087839514,0.021721726
3,3,crowd-noise,crowd-noise,3.8108206e-05,0.00010361434,0.00083344284,0.9986318,0.000108355685,8.4481144e-05,0.0001750804,2.5065157e-05
2,2,construction-site,construction-site,0.0013725653,0.02051768,0.8953396,0.0373743,0.021535538,0.0036160364,0.018193712,0.0020505963
7,7,motorvehicle-siren,motorvehicle-siren,2.7020804e-05,7.83845e-06,1.9195202e-05,1.6529723e-06,1.3983639e-07,9.975925e-06,9.367234e-06,0.9999249
0,0,car-alarm,car-alarm,0.99805695,2.4424475e-05,2.4316354e-05,8.239705e-06,1.4956132e-07,1.5317379e-05,3.4231176e-05,0.0018363291
4,4,generator,generator,2.9576688e-07,0.00015689936,2.3275938e-06,9.475138e-06,0.9997758,4.42185e-05,4.414571e-06,6.504774e-06
4,4,generator,generator,9.799103e-07,0.00010568231,0.00014411772,6.029509e-05,0.99963677,1.2791835e-05,3.466695e-05,4.6976475e-06
5,4,mobile-music,generator,0.0012421753,0.0017500892,0.33150712,0.009330449,0.62869185,0.010132101,0.017200842,0.00014538084
7,7,motorvehicle-siren,motorvehicle-siren,6.52529e-06,2.3510406e-06,9.056228e-06,3.2878313e-06,4.4968992e-08,4.412443e-07,2.221514e-06,0.99997604
4,4,generator,generator,1.2181594e-06,0.0003411508,9.381652e-05,4.972319e-05,0.99942064,5.2530024e-05,3.8300725e-05,2.6316836e-06
5,5,mobile-music,mobile-music,3.274337e-05,0.0158287,6.9952446e-05,0.00027299195,6.304923e-05,0.9827168,0.00080916134,0.00020666125
6,7,motorvehicle-horn,motorvehicle-siren,0.098164976,0.20260336,0.004319597,0.058887094,0.004099158,0.13254826,0.06412866,0.43524888
1,1,community-radio,community-radio,4.1246498e-05,0.980576,3.442769e-05,0.0028515155,0.009960258,0.006023584,0.00029251064,0.0002205
6,6,motorvehicle-horn,motorvehicle-horn,0.06358782,0.00351015,0.0029655017,0.008059855,0.0019118227,0.00076574454,0.90951514,0.009684064
3,3,crowd-noise,crowd-noise,6.7045216e-06,7.282741e-05,0.00016482933,0.99963474,4.4444987e-05,2.8216702e-05,4.4048844e-05,4.22813e-06
6,6,motorvehicle-horn,motorvehicle-horn,0.057863034,0.0036827312,0.01062649,0.02057054,0.0034286638,0.0018458219,0.883915,0.018067768
0,0,car-alarm,car-alarm,0.9998659,3.921934e-06,1.4110489e-05,1.7426455e-05,1.4640949e-06,3.858373e-06,3.4043158e-05,5.935964e-05
2,2,construction-site,construction-site,2.4884855e-06,4.3235577e-06,0.9998779,4.856967e-05,2.3902896e-05,6.7080077e-06,1.30237195e-05,2.3096094e-05
3,1,crowd-noise,community-radio,0.002435508,0.41266885,0.12899819,0.3725294,0.044915076,0.020862753,0.0030201748,0.014569997
5,5,mobile-music,mobile-music,1.9357538e-05,0.0013373278,7.387176e-05,0.00014011888,2.1912532e-05,0.99815995,0.00012270366,0.00012479164
5,5,mobile-music,mobile-music,8.195584e-06,0.0008004742,2.3995166e-05,7.112408e-05,1.3024686e-05,0.99898857,3.2172436e-05,6.240216e-05
2,2,construction-site,construction-site,3.775322e-05,5.9709408e-05,0.9921922,0.00041188038,8.412269e-05,6.9945413e-06,0.0006384259,0.006568937
3,3,crowd-noise,crowd-noise,0.0029235426,0.0029226854,0.000789151,0.9321245,0.0010707491,0.05711196,0.002450002,0.0006074257
2,2,construction-site,construction-site,9.777966e-06,7.599588e-05,0.9996542,0.00016275425,1.4102094e-05,1.3412098e-05,4.8012986e-05,2.1776672e-05
1,1,community-radio,community-radio,5.5309858e-05,0.99519217,8.629581e-05,0.002218422,0.00016847163,0.0011701931,0.0006532738,0.00045586447
0,0,car-alarm,car-alarm,0.9996038,8.195198e-06,3.307834e-05,1.9991616e-05,1.3743056e-06,1.1930426e-05,0.00020474498,0.000116798656
4,4,generator,generator,5.2675894e-08,7.829621e-06,3.3227578e-05,1.8819894e-06,0.9999424,8.569439e-06,4.744428e-06,1.3185687e-06
1,1,community-radio,community-radio,1.49148955e-05,0.9970912,1.7381162e-05,0.00029658375,0.00031498368,0.0020378092,0.00013258595,9.456515e-05
3,3,crowd-noise,crowd-noise,0.00037201116,0.09585652,0.0034474612,0.87597436,0.0015722063,0.015165329,0.005308322,0.0023037903
3,6,crowd-noise,motorvehicle-horn,0.055691525,0.015659617,0.015152894,0.033672016,0.0026965376,0.00038927264,0.8610363,0.015701922
7,7,motorvehicle-siren,motorvehicle-siren,9.707085e-05,7.850918e-06,7.0424365e-05,6.613167e-06,6.841615e-08,2.29675e-06,1.1369558e-05,0.99980444
2,2,construction-site,construction-site,9.243369e-05,0.0021229025,0.9881307,0.0017479833,0.0059091346,0.00078752433,0.0008086821,0.00040057895
6,6,motorvehicle-horn,motorvehicle-horn,0.2660401,0.0016112555,0.0035552762,0.008647573,0.0021709902,0.00024086675,0.70962286,0.00811111
2,2,construction-site,construction-site,5.221685e-06,5.818385e-05,0.99966705,0.00020276112,4.267593e-05,9.928967e-06,1.1438039e-05,2.7642175e-06
2,2,construction-site,construction-site,0.008235896,0.013709781,0.8715739,0.062236596,0.009453891,0.0019890198,0.028607398,0.0041934266
2,2,construction-site,construction-site,5.1478564e-05,0.0012597247,0.99790287,0.0005705441,0.00013124781,2.8745657e-05,2.6790216e-05,2.8649622e-05
3,3,crowd-noise,crowd-noise,0.000106948464,0.00022037118,0.0016896059,0.997129,0.00016747376,0.00030786314,0.00028758188,9.113548e-05
1,3,community-radio,crowd-noise,0.0002004949,0.20826639,0.009617138,0.76285607,0.0070845033,0.0070627276,0.0044371546,0.00047538796
3,3,crowd-noise,crowd-noise,4.4065605e-06,1.5539861e-05,0.00012991318,0.9998192,1.2800809e-05,4.414746e-06,1.2437533e-05,1.3312314e-06
1,5,community-radio,mobile-music,0.0121594,0.040204357,0.0051046996,0.14290169,0.0034021093,0.7218171,0.057493936,0.016916668
3,5,crowd-noise,mobile-music,0.0033860577,0.28965926,0.09516222,0.12008436,0.03357867,0.37108007,0.07895414,0.008095197
2,2,construction-site,construction-site,3.2496926e-06,5.1965544e-05,0.9997086,0.00017394502,3.4227218e-05,1.1275599e-05,1.4530773e-05,2.2466536e-06
1,5,community-radio,mobile-music,0.00044812536,0.017510023,0.014974345,0.006400379,0.0006825668,0.95608604,0.0019616077,0.001936944
0,0,car-alarm,car-alarm,0.99932134,9.109554e-06,1.3444829e-05,1.0869053e-05,1.5345927e-07,8.90236e-06,2.4027802e-05,0.00061212486
2,2,construction-site,construction-site,2.7727374e-05,0.00019348788,0.9966641,0.00060589216,0.0015626792,0.0007001168,0.00019751987,4.851954e-05
3,3,crowd-noise,crowd-noise,0.0005043378,0.004258889,0.020149017,0.96293175,0.005052323,0.0035512445,0.00294444,0.00060805026
0,0,car-alarm,car-alarm,0.9996853,1.2930799e-05,5.4044758e-05,3.060068e-05,8.819414e-07,1.3768112e-05,6.560191e-05,0.00013693701
0,0,car-alarm,car-alarm,0.9997241,3.4625086e-06,1.18513535e-05,8.233396e-06,2.2430777e-07,3.2886867e-06,3.9176197e-05,0.00020963198
1,1,community-radio,community-radio,0.0010434318,0.9710525,0.00056531787,0.01078219,0.00042107143,0.0043498264,0.0013544676,0.010431189
5,5,mobile-music,mobile-music,7.87267e-06,0.0031314038,7.619495e-06,4.087356e-05,3.2096657e-05,0.9966697,3.6055968e-05,7.4327225e-05
7,7,motorvehicle-siren,motorvehicle-siren,4.566909e-05,1.8743844e-05,9.711139e-06,8.591261e-06,1.7314726e-06,1.6994758e-05,0.00012429913,0.9997743
1,1,community-radio,community-radio,5.14745e-05,0.99180824,8.570623e-05,0.0040979646,0.00026031892,0.0028176086,0.0006715887,0.00020708585
2,2,construction-site,construction-site,0.000645627,5.3217642e-05,0.9814864,0.00025023913,0.00038714535,0.00026903203,0.016542148,0.0003662588
1,3,community-radio,crowd-noise,0.025108738,0.11802985,0.22129193,0.35278505,0.17513229,0.08178779,0.004061431,0.02180297
4,4,generator,generator,1.7262688e-07,2.0989705e-06,4.878657e-06,4.9572265e-07,0.99998355,1.6554087e-06,7.0764704e-06,1.2435129e-07
1,1,community-radio,community-radio,2.596975e-05,0.9765652,0.00012866489,0.0015763217,0.002881701,0.018381938,0.0003122092,0.00012805294
4,4,generator,generator,1.3411317e-05,1.68176e-05,0.00017174067,3.875105e-05,0.9993548,3.8599243e-05,0.00036014084,5.6750114e-06
5,5,mobile-music,mobile-music,6.525457e-06,0.0007554526,1.7758333e-06,3.3244003e-05,1.2376653e-06,0.9988207,0.00013590361,0.00024499072
6,6,motorvehicle-horn,motorvehicle-horn,0.19842483,0.0012352295,0.01066104,0.008327882,0.0025410973,0.00040310872,0.7722667,0.0061401185
7,7,motorvehicle-siren,motorvehicle-siren,2.2434158e-05,2.0381299e-06,1.5012607e-05,2.9717328e-06,3.6547878e-08,2.483699e-07,4.404389e-06,0.9999529
2,3,construction-site,crowd-noise,0.00043090945,0.015287874,0.17026392,0.8095121,0.00077253353,0.0012545533,0.0007016658,0.0017764348
1,1,community-radio,community-radio,4.0119816e-05,0.90441674,0.00037744362,0.004975922,0.06333577,0.02540116,0.00024778265,0.0012051456
6,6,motorvehicle-horn,motorvehicle-horn,0.023756176,0.021101305,0.038949687,0.04541682,0.26653042,0.008282549,0.57573706,0.020226033
0,6,car-alarm,motorvehicle-horn,0.10028574,0.01366739,0.05218465,0.111863285,0.011949263,0.0023146286,0.6882562,0.019478817
1,1,community-radio,community-radio,7.9303145e-06,0.9955752,3.678734e-05,0.00025565666,0.00043242387,0.0035300797,0.000119302786,4.2612613e-05
6,6,motorvehicle-horn,motorvehicle-horn,0.042045232,0.0029241494,0.0045362297,0.0136965895,0.00093531964,0.00057855464,0.92880106,0.0064828955
7,7,motorvehicle-siren,motorvehicle-siren,0.0010762707,0.00177967,0.06754065,0.0026460974,0.0004358354,0.0028733416,0.0014327535,0.9222154
2,2,construction-site,construction-site,0.00017778059,0.0033347076,0.8820701,0.11088041,0.0016344526,0.0003106723,0.0013378629,0.00025391567
0,0,car-alarm,car-alarm,0.9997782,6.653054e-06,7.7137964e-05,1.4661343e-05,2.645399e-07,4.9818714e-06,3.4904686e-05,8.3217645e-05
3,3,crowd-noise,crowd-noise,6.49352e-06,9.25536e-05,0.00019639266,0.99958915,8.3568586e-05,8.825596e-06,1.865007e-05,4.391046e-06
1,3,community-radio,crowd-noise,0.0024585405,0.4496933,0.019254237,0.5012687,0.0026736585,0.012559404,0.008065465,0.0040266244
0,0,car-alarm,car-alarm,0.99897337,8.8119195e-06,1.1293835e-05,5.6483364e-06,7.9545224e-08,9.090695e-06,2.3336495e-05,0.00096829573
5,5,mobile-music,mobile-music,2.0609998e-06,0.00042656597,2.654272e-06,9.234348e-06,1.8893401e-06,0.9994777,3.7550137e-05,4.2318483e-05
6,6,motorvehicle-horn,motorvehicle-horn,0.08785974,0.0011574972,0.028387219,0.010794696,0.016495315,0.0005333437,0.8521183,0.0026537974
1,1,community-radio,community-radio,0.00037068265,0.9390229,0.00024521153,0.04810387,0.00024930807,0.003500364,0.0058377357,0.002669843
0,0,car-alarm,car-alarm,0.9997756,3.7464108e-06,3.8266835e-06,2.8819013e-06,5.486118e-07,3.1991133e-06,3.465348e-05,0.0001754495
5,5,mobile-music,mobile-music,0.000118508404,0.0014188512,0.00020396277,0.00048986066,4.7822585e-05,0.9964194,0.00082759786,0.00047388652
5,0,mobile-music,car-alarm,0.63592553,0.04863749,0.00016076175,0.0020791525,0.0003480109,0.29361582,0.0033272987,0.01590588
4,4,generator,generator,1.5576702e-06,4.3242486e-05,1.6675947e-05,3.9139964e-06,0.9998578,2.8267552e-05,4.0735176e-05,7.7375125e-06
1,7,community-radio,motorvehicle-siren,0.0022943784,0.024417613,0.0022485047,0.010813629,0.0011742343,0.002676852,0.030399423,0.9259754
2,2,construction-site,construction-site,1.29706095e-05,0.00023207435,0.99887747,0.00046635055,0.00023749063,9.8557226e-05,5.9321887e-05,1.5822723e-05
6,2,motorvehicle-horn,construction-site,0.00055683625,0.00015277581,0.8191738,0.0015858471,0.01461035,0.00023939891,0.16173948,0.0019414711
2,2,construction-site,construction-site,0.00011559571,0.000102164246,0.9982095,0.0004554185,0.000667617,3.2525884e-05,0.00026492137,0.0001523502
2,2,construction-site,construction-site,6.5273207e-06,2.422397e-05,0.99971884,0.00016207132,3.5768386e-05,1.9482353e-05,2.9643308e-05,3.417758e-06
2,5,construction-site,mobile-music,0.007896547,0.009460995,0.039413575,0.0067796246,0.004054647,0.47293404,0.4530379,0.0064226864
3,3,crowd-noise,crowd-noise,0.00010646587,0.0005649011,0.00020354852,0.9984705,0.00021162488,0.00030166324,0.000112557136,2.8832754e-05
0,0,car-alarm,car-alarm,0.48550558,0.008415374,0.002101879,0.010582014,0.00054915785,0.0036609317,0.461841,0.027344082
2,2,construction-site,construction-site,0.00020897714,0.0008638698,0.9971802,0.0005497559,0.00055191125,0.00043461472,8.4696825e-05,0.00012601787
5,5,mobile-music,mobile-music,4.8469035e-05,0.03536824,1.084078e-05,0.006825807,2.8049315e-05,0.9552848,0.0002935463,0.0021401607
7,3,motorvehicle-siren,crowd-noise,0.0031323764,0.10411833,0.009006829,0.4451928,0.0120962355,0.4115377,0.006672061,0.008243706
3,6,crowd-noise,motorvehicle-horn,0.030370886,0.0092258565,0.22814146,0.06952769,0.016591305,0.0012164614,0.6349383,0.009988024
3,3,crowd-noise,crowd-noise,7.560167e-05,0.00011767167,0.0012403094,0.9979183,0.00011760638,0.00023387215,0.00024969343,4.703041e-05
0,0,car-alarm,car-alarm,0.99957305,1.6351758e-05,2.5439433e-05,1.3165158e-05,3.383713e-07,9.459413e-06,2.932795e-05,0.000332801
4,4,generator,generator,1.1230872e-05,0.00012893221,0.00010937588,2.3025315e-05,0.99898833,0.00023629064,0.00011921642,0.00038353007
3,3,crowd-noise,crowd-noise,8.975885e-06,8.9489666e-05,0.0002467364,0.999485,5.6548448e-05,6.131034e-05,4.9067494e-05,2.7540425e-06
2,2,construction-site,construction-site,0.00045546127,0.0011587964,0.995479,0.00118723,0.00033718924,0.0002476947,0.00070978724,0.00042486284
2,5,construction-site,mobile-music,7.3377916e-05,0.01408204,4.2170923e-05,0.0002928331,4.9195667e-05,0.9844715,0.00043639916,0.0005525205
4,4,generator,generator,0.0039376444,0.011645268,0.0045081363,0.0028981199,0.91105646,0.0027354874,0.04037269,0.022846183
3,3,crowd-noise,crowd-noise,7.3531424e-05,0.005417061,0.009379625,0.98294353,0.0013347558,0.0005547369,0.00018738105,0.00010949913
5,5,mobile-music,mobile-music,1.7095305e-06,0.00034060868,5.746278e-06,1.0710795e-05,3.5450917e-06,0.99958545,1.904005e-05,3.3226297e-05
3,3,crowd-noise,crowd-noise,2.155932e-05,9.2925155e-05,0.00030237614,0.9992488,6.9699556e-05,0.00013519666,0.000117843956,1.1599157e-05
4,4,generator,generator,7.48498e-07,6.547954e-06,2.5659394e-05,3.3656547e-06,0.99993765,1.45892345e-05,1.1082331e-05,4.2666355e-07
1,1,community-radio,community-radio,0.00014114122,0.9882118,0.00035393305,0.0035063107,0.00093139,0.0046894304,0.0016848061,0.00048115113
5,5,mobile-music,mobile-music,5.7152345e-05,0.007484081,0.0005148656,0.0006269317,6.7024324e-05,0.9902446,0.00075895584,0.0002462086
4,4,generator,generator,2.1800906e-07,2.8277452e-06,5.4821403e-06,6.0316745e-07,0.9999815,1.9703189e-06,7.1376726e-06,1.6860514e-07
6,6,motorvehicle-horn,motorvehicle-horn,0.041085403,0.0005757591,0.018411422,0.0056070127,0.0024351047,7.5700256e-05,0.92400295,0.00780668
3,3,crowd-noise,crowd-noise,0.00019887065,0.0013605574,7.964227e-05,0.99416995,2.1361899e-05,0.0031206245,0.00024005178,0.0008089812
3,3,crowd-noise,crowd-noise,0.00016691549,0.0005425279,0.0044257506,0.99338526,0.0005037948,0.00031389168,0.00022669979,0.00043515692
6,6,motorvehicle-horn,motorvehicle-horn,0.12995431,0.0018767673,0.011632189,0.023287019,0.004601361,0.0005165628,0.817787,0.010344817
3,3,crowd-noise,crowd-noise,2.8619054e-06,3.2341784e-05,7.929298e-05,0.9998473,2.0131807e-05,9.405499e-06,6.779691e-06,1.9484326e-06
3,3,crowd-noise,crowd-noise,0.0001270585,0.0011858295,0.0022150471,0.9940189,0.001137195,0.00059863704,0.0006119833,0.00010530247
1,1,community-radio,community-radio,0.00048913853,0.9779497,0.00043180442,0.012293166,0.0026966247,0.0029301578,0.0014494506,0.0017599124
0,6,car-alarm,motorvehicle-horn,0.05714447,0.000771329,0.03287099,0.0060698246,0.015837038,0.00042033644,0.86816645,0.01871953
6,6,motorvehicle-horn,motorvehicle-horn,0.007862202,8.40635e-05,0.0003289117,0.0012634245,0.00025020802,8.205136e-05,0.98993987,0.00018936778
7,7,motorvehicle-siren,motorvehicle-siren,8.789824e-05,1.4918797e-05,1.05394565e-05,8.217982e-06,5.0290073e-06,2.084891e-05,0.00013499422,0.99971753
2,6,construction-site,motorvehicle-horn,0.01909111,0.024838926,0.068755016,0.00895677,0.0025636808,0.0055759605,0.8508749,0.019343672
4,4,generator,generator,1.7462921e-06,3.555529e-06,4.0267856e-05,3.4337234e-06,0.9998797,4.3964756e-06,6.609891e-05,7.389973e-07
4,4,generator,generator,6.10076e-06,0.009824536,0.0033760527,0.0062090554,0.9792042,0.0010095485,0.00027807962,9.250763e-05
2,2,construction-site,construction-site,1.5639995e-05,1.2391691e-05,0.99949694,0.00038818637,2.170241e-05,6.534142e-06,1.30889075e-05,4.553906e-05
6,6,motorvehicle-horn,motorvehicle-horn,0.0060811206,0.0037146637,0.0062396345,0.005162063,0.0017168005,0.00030129938,0.9720366,0.0047476757
6,6,motorvehicle-horn,motorvehicle-horn,0.10312513,0.0010823214,0.0034023998,0.0066001853,0.0013935843,0.00022691967,0.87574995,0.008419527
0,5,car-alarm,mobile-music,0.24369429,0.11610324,0.009503464,0.02227457,0.007907903,0.4988544,0.08112177,0.020540439
4,4,generator,generator,2.1626853e-05,6.930744e-05,0.0001716929,4.006302e-05,0.99897575,7.6335826e-05,0.0006358256,9.315433e-06
4,4,generator,generator,1.2585893e-07,3.2889523e-06,3.912591e-06,5.48878e-07,0.99998605,1.4379624e-06,4.5548454e-06,1.218562e-07
2,2,construction-site,construction-site,0.0001234671,0.0006171972,0.9891292,0.004939073,0.0028981268,0.0010949005,0.0006900307,0.00050795986
2,2,construction-site,construction-site,3.3700122e-05,0.00018269039,0.9992581,0.00018855378,0.00013495226,0.000109446424,8.252346e-05,9.935522e-06
4,4,generator,generator,2.5412862e-07,5.9033873e-06,4.348392e-06,8.383027e-07,0.99997854,2.6042335e-06,7.3719193e-06,2.3047059e-07
4,4,generator,generator,6.4341575e-06,0.0001405681,6.849338e-05,1.9036346e-05,0.9993567,0.0002192689,5.207219e-05,0.00013748284
0,6,car-alarm,motorvehicle-horn,0.13041736,0.0015489046,0.0051349523,0.004264036,0.0007556692,0.000176235,0.84697074,0.010732183
2,1,construction-site,community-radio,0.0004704812,0.95170707,0.0040740045,0.035566762,0.0014874947,0.0023080101,0.0036019369,0.00078423787
0,0,car-alarm,car-alarm,0.99950147,7.2620014e-06,8.616778e-06,6.726432e-06,1.5829178e-07,6.7220653e-06,2.4089752e-05,0.0004450427
0,6,car-alarm,motorvehicle-horn,0.21325627,0.027426917,0.008609387,0.018935474,0.010616326,0.008042307,0.557866,0.15524742
3,2,crowd-noise,construction-site,0.0034079575,0.0513773,0.467405,0.36566103,0.028071338,0.0124282185,0.00371059,0.06793853
0,6,car-alarm,motorvehicle-horn,0.3907014,0.00063321437,0.003621795,0.005804609,0.00023798509,0.00012121911,0.5899849,0.008894851
6,5,motorvehicle-horn,mobile-music,6.320288e-05,0.01783596,6.805466e-05,0.00064077193,0.00025145707,0.97924167,0.0016750476,0.00022371218
1,1,community-radio,community-radio,0.00019700137,0.94449854,0.008512809,0.012302257,0.014352775,0.012143074,0.006156443,0.0018371743
4,4,generator,generator,3.1325788e-05,5.849688e-05,0.00019419439,6.2227155e-05,0.9987953,7.890119e-05,0.0007665299,1.2992581e-05
1,1,community-radio,community-radio,1.4465841e-06,0.9993161,3.997458e-06,5.287407e-05,9.832696e-05,0.00050483714,9.0087715e-06,1.3334904e-05
2,2,construction-site,construction-site,1.2585675e-05,2.0538233e-05,0.99923265,0.00048225795,0.00010959717,3.0536197e-05,3.7661204e-05,7.413608e-05
0,3,car-alarm,crowd-noise,0.0071464507,0.22289793,0.008555217,0.6807051,0.007616769,0.009838317,0.04959168,0.013648653
4,4,generator,generator,0.00012486354,0.00019685611,0.0015854404,0.00023059189,0.9747251,0.003864132,0.017474758,0.0017982569
2,2,construction-site,construction-site,0.0070771426,0.059212703,0.5106664,0.23932633,0.009969953,0.0019343485,0.16936673,0.0024464284
0,0,car-alarm,car-alarm,0.9950507,0.00017002225,0.00040771652,0.00050003733,1.5336093e-06,0.0005039476,0.00042477748,0.002941235
2,6,construction-site,motorvehicle-horn,0.109877504,0.0050089643,0.16152975,0.20031874,0.0073648836,0.00053158123,0.51245,0.0029186048
1,5,community-radio,mobile-music,0.00032368145,0.16099988,0.00032052427,0.0068991478,0.00023548192,0.8262292,0.0033424918,0.0016495155
7,7,motorvehicle-siren,motorvehicle-siren,9.449535e-05,6.245254e-05,0.0007694542,1.0366181e-05,8.9939033e-07,0.00010676626,0.0002925511,0.99866307
4,4,generator,generator,2.8726504e-07,4.150402e-06,1.0871737e-05,1.5443021e-06,0.99996567,3.6892372e-06,1.3521323e-05,2.2671847e-07
3,3,crowd-noise,crowd-noise,4.18233e-05,0.002717967,0.028908854,0.96558815,0.0020391585,0.0004884599,0.0001304986,8.51007e-05
3,3,crowd-noise,crowd-noise,0.0003576742,0.01302865,0.06629261,0.9108337,0.0030536293,0.00055056164,0.003623198,0.0022599294
0,0,car-alarm,car-alarm,0.9997898,6.6998346e-06,9.509932e-06,8.4018075e-06,7.714323e-08,8.127259e-06,4.1075804e-05,0.00013633326
5,5,mobile-music,mobile-music,9.5382675e-06,0.011424324,2.3081595e-06,5.3033677e-05,3.2083753e-06,0.9874905,0.00046720245,0.0005499691
4,4,generator,generator,1.4238371e-05,0.0050998493,0.00011864953,0.0018061646,0.9860794,0.0067352145,9.635114e-05,5.0158465e-05
1,1,community-radio,community-radio,3.6428035e-05,0.9710717,3.016519e-05,0.00093261956,0.00024971418,0.026742097,0.0005275571,0.00040962064
4,4,generator,generator,1.9830266e-07,2.5214385e-06,7.1020704e-06,7.911361e-07,0.99997926,1.6406859e-06,8.287767e-06,1.6885835e-07
3,6,crowd-noise,motorvehicle-horn,0.03897454,0.0017059061,0.1167716,0.03023902,0.093704976,0.0012817433,0.7142687,0.0030535827
1,1,community-radio,community-radio,0.008401033,0.80222976,0.0044011376,0.015204468,0.105152756,0.017843964,0.03926695,0.0074998997
3,3,crowd-noise,crowd-noise,2.1211517e-06,5.3577285e-05,0.00014574514,0.9997392,4.2456017e-05,6.258848e-06,7.885928e-06,2.762251e-06
4,4,generator,generator,2.8047043e-06,3.8103673e-05,3.4421435e-05,1.1912554e-05,0.99978226,4.6091078e-05,8.230559e-05,2.1513704e-06
0,0,car-alarm,car-alarm,0.9997987,4.1355734e-06,6.210066e-06,5.1609595e-06,6.273071e-08,2.2275365e-06,1.23832615e-05,0.00017110468
2,2,construction-site,construction-site,2.776235e-05,0.00014655474,0.99875915,0.0004749361,0.00012373825,0.00028493433,0.0001310716,5.188268e-05
7,5,motorvehicle-siren,mobile-music,0.00046398345,0.07144469,0.0014266865,0.16318733,0.011491912,0.74561685,0.0012269092,0.005141602
0,6,car-alarm,motorvehicle-horn,0.062992595,0.020187253,0.023839219,0.010489301,0.07745202,0.0042068204,0.74780005,0.05303265
2,1,construction-site,community-radio,0.004330349,0.7258475,0.009229589,0.057163775,0.07151075,0.05417497,0.050921734,0.02682133
4,4,generator,generator,0.030002719,0.06590881,0.031534094,0.16968632,0.3569366,0.25988486,0.07031576,0.01573079
7,7,motorvehicle-siren,motorvehicle-siren,3.2810367e-05,3.4823333e-06,7.0089263e-06,2.8625666e-06,2.899442e-07,3.1670077e-06,0.00011423604,0.9998361
3,3,crowd-noise,crowd-noise,5.1858042e-05,0.0032780173,0.00067425595,0.9957054,5.0169016e-05,4.5940305e-05,0.00014375534,5.0508082e-05
5,5,mobile-music,mobile-music,5.009795e-06,0.0034875204,6.358595e-05,6.6560075e-05,3.6836962e-05,0.99596393,0.0003409298,3.552533e-05
6,6,motorvehicle-horn,motorvehicle-horn,0.3129494,0.0005437881,0.007170385,0.010998433,0.0032940216,0.0009811514,0.6603389,0.003723972
4,4,generator,generator,3.861411e-06,3.2505228e-05,0.0001774215,2.2221247e-05,0.9996269,5.1908442e-05,8.255881e-05,2.5895401e-06
7,6,motorvehicle-siren,motorvehicle-horn,0.0017612433,0.00024230634,0.013541825,0.0009577563,0.0033204474,3.6754314e-05,0.94591916,0.034220524
6,6,motorvehicle-horn,motorvehicle-horn,0.096382,0.012729935,0.0073136636,0.030730722,0.014293406,0.002962503,0.7846517,0.05093611
4,4,generator,generator,2.966539e-07,2.9468392e-06,1.3543751e-05,1.2383705e-06,0.9999685,2.570877e-06,1.0664752e-05,2.1930512e-07
7,7,motorvehicle-siren,motorvehicle-siren,8.747796e-05,4.1302733e-06,1.3662364e-05,7.55282e-06,7.5891484e-07,1.9906101e-06,0.00026684676,0.9996177
7,7,motorvehicle-siren,motorvehicle-siren,0.001187851,0.018230211,0.002102086,0.06818352,0.00031647898,0.02151699,0.00078371516,0.88767916
2,2,construction-site,construction-site,2.7199972e-05,0.000117984986,0.99733055,0.0003087172,0.0018157334,0.00020184225,0.00018877552,9.20591e-06
3,3,crowd-noise,crowd-noise,9.055352e-06,7.448059e-05,0.00014568063,0.99960274,6.260294e-05,3.6908557e-05,6.3453466e-05,5.134628e-06
4,4,generator,generator,3.4180871e-07,2.5024592e-06,3.0230898e-05,1.6357449e-06,0.99993956,2.6702253e-06,2.28269e-05,2.0263859e-07
0,6,car-alarm,motorvehicle-horn,0.043942403,0.00550052,0.0057157567,0.010320025,0.0035027831,0.00059619074,0.9016157,0.028806632
0,0,car-alarm,car-alarm,0.99936193,3.6168745e-05,6.1173654e-05,5.616491e-05,9.1690066e-07,1.1143557e-05,7.1618415e-05,0.00040078475
0,0,car-alarm,car-alarm,0.99684393,0.00022333513,0.00014150694,0.00012319958,2.9690377e-06,8.165611e-05,0.00014669195,0.0024367503
1,5,community-radio,mobile-music,5.7010995e-05,0.101409204,0.010770235,0.0022211985,0.31689575,0.5518444,0.0053535537,0.011448611
6,6,motorvehicle-horn,motorvehicle-horn,0.15946646,0.002472073,0.0327474,0.037547674,0.01381755,0.0020693194,0.74549264,0.0063868943
3,3,crowd-noise,crowd-noise,2.3806482e-05,0.00013321034,0.0003948396,0.9990658,0.000102755715,0.00021056115,5.7570254e-05,1.1577572e-05
5,5,mobile-music,mobile-music,8.309704e-05,0.016716333,0.00015401274,0.0013543478,0.0002217959,0.9802689,0.0005923222,0.00060926
0,0,car-alarm,car-alarm,0.5643969,0.0027254866,0.01746508,0.021478971,0.0034084604,0.003076502,0.36074594,0.026702622
2,2,construction-site,construction-site,0.00015449096,0.0011743669,0.9750122,0.0008750698,0.00070756325,0.019903537,0.0019760686,0.00019676486
4,4,generator,generator,1.3613536e-06,1.3385815e-05,1.5857666e-05,2.9504088e-06,0.99992025,9.4876195e-06,3.56626e-05,1.1622518e-06
0,0,car-alarm,car-alarm,0.9910274,0.0006572056,0.002649096,0.0002791164,8.441983e-05,0.0002615899,0.0015144147,0.0035267877
7,7,motorvehicle-siren,motorvehicle-siren,0.000993853,5.913023e-05,0.0011008485,0.00013055188,7.534015e-06,4.645126e-05,0.00067744934,0.9969843
7,7,motorvehicle-siren,motorvehicle-siren,2.3943987e-05,2.6853857e-06,9.334809e-06,2.6476837e-06,6.3198804e-08,1.6556493e-06,1.8777246e-05,0.999941
0,0,car-alarm,car-alarm,0.99985266,5.1823135e-06,1.1723026e-05,8.145043e-06,1.07751895e-07,4.2215443e-06,2.8138575e-05,8.986577e-05
6,6,motorvehicle-horn,motorvehicle-horn,0.006457744,0.0060366066,0.022481004,0.007913714,0.0032534255,0.0006941207,0.9400436,0.013119831
1,1,community-radio,community-radio,0.00010269968,0.9897078,0.00025317798,0.0055168993,0.00055507885,0.0024263118,0.0010363708,0.0004016306
6,6,motorvehicle-horn,motorvehicle-horn,0.004733445,0.0010224591,0.0018725832,0.0010923581,0.00039860437,0.0003326247,0.9888537,0.0016942559
3,1,crowd-noise,community-radio,0.024368554,0.409056,0.038923815,0.28392437,0.009280078,0.0027755005,0.19682239,0.03484927
5,5,mobile-music,mobile-music,0.004444943,0.021271689,0.00931466,0.012037099,0.0036668142,0.5296331,0.4128184,0.0068132565
5,5,mobile-music,mobile-music,0.0012644159,0.015880821,0.04756896,0.0748027,0.006487616,0.84467614,0.005575968,0.0037433228
4,4,generator,generator,1.6524493e-06,1.3510733e-05,5.0711053e-05,6.707691e-06,0.99984694,1.1559804e-05,6.717797e-05,1.6645745e-06
5,5,mobile-music,mobile-music,5.6385225e-06,0.00032263043,6.2725244e-06,4.9486516e-05,1.928345e-06,0.99953794,3.889779e-05,3.7152797e-05
4,4,generator,generator,0.00037646515,0.0010829105,0.0038339214,0.0019719873,0.98486036,0.0012165501,0.0059713745,0.0006864004
6,2,motorvehicle-horn,construction-site,0.0123911435,0.052402895,0.5094302,0.28017586,0.0162762,0.016584061,0.10208375,0.010655852
7,7,motorvehicle-siren,motorvehicle-siren,0.00014854272,1.709851e-05,1.3515447e-05,9.66428e-06,3.859738e-06,6.1877226e-06,0.00036633364,0.9994349
4,4,generator,generator,3.1075803e-07,1.926627e-06,1.1459492e-05,1.0883429e-06,0.99996734,1.8633414e-06,1.5691603e-05,2.4467676e-07
7,7,motorvehicle-siren,motorvehicle-siren,1.3685982e-05,1.5473198e-06,1.3078772e-05,8.452641e-07,4.0942474e-08,5.925798e-07,1.1067201e-05,0.9999591
1,1,community-radio,community-radio,0.0006023815,0.9651312,0.00049114146,0.023834677,0.0010531378,0.0029078638,0.003523406,0.002456219
7,7,motorvehicle-siren,motorvehicle-siren,1.8207571e-05,1.4437363e-06,7.564489e-05,1.3431945e-06,1.4447107e-07,4.365416e-07,3.4007106e-05,0.99986875
2,2,construction-site,construction-site,5.2012692e-05,7.8756355e-05,0.9994217,0.00016507371,0.00021128618,2.530213e-05,3.162528e-05,1.4333942e-05
5,5,mobile-music,mobile-music,1.6564314e-05,0.0003608926,3.119514e-05,0.00012858435,1.0300711e-05,0.9992924,8.565049e-05,7.4378186e-05
0,0,car-alarm,car-alarm,0.99968827,8.899753e-06,9.442894e-05,1.7828752e-05,2.9362815e-07,7.763214e-06,3.9928207e-05,0.00014276333
1,1,community-radio,community-radio,0.001570798,0.9226785,0.0021216301,0.025829583,0.0024224694,0.0034728495,0.03295912,0.008945039
5,5,mobile-music,mobile-music,1.4645161e-05,0.0007877233,1.5932294e-05,0.00023549267,8.682111e-06,0.99880815,5.6441106e-05,7.287908e-05
6,6,motorvehicle-horn,motorvehicle-horn,0.034424607,0.002564769,0.034445446,0.019456983,0.0011072877,0.0019843234,0.9027341,0.003282536
0,6,car-alarm,motorvehicle-horn,0.26907837,0.0021288935,0.0112343095,0.030731319,0.0017963619,0.00027446696,0.6805966,0.004159663
2,2,construction-site,construction-site,0.0011202069,0.11831772,0.7812966,0.050914396,0.0016591195,0.0010391737,0.017903779,0.027748981
2,2,construction-site,construction-site,3.8775608e-05,0.00026157728,0.99712926,0.001710874,0.00024598284,0.00013308863,0.00043553583,4.4909895e-05
3,3,crowd-noise,crowd-noise,9.244155e-06,4.809552e-05,0.00010487269,0.9996884,3.8745136e-05,6.660122e-05,4.0369916e-05,3.7925017e-06
3,3,crowd-noise,crowd-noise,0.0003900859,0.01055665,0.0014432663,0.98392236,0.0005623974,0.0014855912,0.0012386587,0.0004010763
6,6,motorvehicle-horn,motorvehicle-horn,0.054500654,0.08017239,0.020715857,0.09842007,0.002974919,0.0010021572,0.7221794,0.020034567
0,0,car-alarm,car-alarm,0.5022095,0.0066736825,0.008914237,0.032470662,0.0035137394,0.0013870753,0.41425923,0.030571947
5,2,mobile-music,construction-site,0.00027437415,0.030543406,0.67811346,0.03316666,0.020344557,0.2288621,0.0060325023,0.0026629076
1,1,community-radio,community-radio,0.0023988634,0.75410134,0.008545572,0.021967156,0.060395308,0.12804091,0.020221116,0.004329799
0,0,car-alarm,car-alarm,0.9986528,3.5376066e-05,4.730673e-05,4.4808123e-05,2.499351e-06,6.08905e-06,0.0002881642,0.0009228438
3,3,crowd-noise,crowd-noise,9.490703e-06,3.943373e-05,0.0001772516,0.9997054,3.1100302e-05,1.2128171e-05,2.1886348e-05,3.1611112e-06
3,3,crowd-noise,crowd-noise,9.1302834e-05,0.00027115288,0.0035068863,0.99058694,0.00047529966,0.0047376575,0.0003013219,2.9484117e-05
3,3,crowd-noise,crowd-noise,1.35055725e-05,0.00011296479,0.0003430699,0.99926585,7.83127e-05,0.00014706545,3.2401556e-05,6.748122e-06
3,3,crowd-noise,crowd-noise,0.00081777567,0.008545351,0.072678104,0.8970206,0.0076514655,0.0037220325,0.008235072,0.0013295575
6,6,motorvehicle-horn,motorvehicle-horn,0.22949384,0.00082326256,0.0025086082,0.007478561,0.0008898841,0.0001857362,0.7530826,0.005537578
3,3,crowd-noise,crowd-noise,4.9676937e-06,4.5952926e-05,0.00016073983,0.9997321,2.7613976e-05,1.6546508e-05,9.683965e-06,2.4681126e-06
2,2,construction-site,construction-site,4.1584058e-06,4.784703e-06,0.9999144,4.656912e-05,7.131792e-06,2.2944823e-06,4.20915e-06,1.6472119e-05
1,1,community-radio,community-radio,0.001928795,0.8105591,0.0062028104,0.15185997,0.0024388765,0.0021419707,0.020061597,0.0048069214
0,0,car-alarm,car-alarm,0.99960405,8.711033e-06,3.5669687e-05,1.8391062e-05,5.7813304e-07,6.4361548e-06,5.7528803e-05,0.00026861098
0,0,car-alarm,car-alarm,0.9989073,1.6927715e-05,2.4089257e-05,1.2101294e-05,1.997218e-07,1.45774975e-05,3.1392796e-05,0.0009932874
4,4,generator,generator,0.00019066934,0.00042402092,0.00096432556,0.00013137246,0.9965329,0.00031894186,0.0013695993,6.81409e-05
1,1,community-radio,community-radio,2.1485994e-05,0.9976229,2.9983334e-05,0.001106606,0.00035318473,0.0004617609,0.0002981614,0.00010587199
2,2,construction-site,construction-site,0.0010650483,0.014612683,0.6575758,0.30491775,0.010989141,0.0017774086,0.00504811,0.0040140506
3,3,crowd-noise,crowd-noise,0.0017630918,0.39371127,0.019637546,0.552006,0.0017260982,0.014779139,0.0069167013,0.009460151
1,1,community-radio,community-radio,0.0005104518,0.8290767,0.005425283,0.11825925,0.0019593535,0.03353895,0.0041850684,0.007045038
7,7,motorvehicle-siren,motorvehicle-siren,3.8028325e-06,5.2135147e-06,3.6632641e-06,2.1829794e-06,2.6716618e-08,4.5837464e-06,4.811515e-06,0.9999758
3,3,crowd-noise,crowd-noise,8.222635e-06,6.4520915e-05,0.0001197138,0.99968565,4.0962543e-05,3.1369113e-05,4.555573e-05,3.954251e-06
3,3,crowd-noise,crowd-noise,5.5831324e-06,4.175251e-05,8.530567e-05,0.99979955,1.9974545e-05,2.0430198e-05,2.506342e-05,2.3256164e-06
2,2,construction-site,construction-site,2.6248497e-06,4.100779e-05,0.9995127,0.00035556525,3.716362e-05,2.7051967e-05,1.3734971e-05,1.0154951e-05
1,1,community-radio,community-radio,0.00018754319,0.9183673,0.0005699485,0.062679835,0.015398213,0.0010449068,0.0010795824,0.0006725794
4,4,generator,generator,2.0451514e-06,5.1449068e-05,5.3644424e-05,1.0844107e-05,0.99979764,1.9336523e-05,6.13422e-05,3.6919712e-06
6,6,motorvehicle-horn,motorvehicle-horn,0.1788149,0.001037635,0.010713754,0.022766516,0.0035348614,0.0007114874,0.77694935,0.005471395
2,2,construction-site,construction-site,1.9299718e-05,1.4001932e-05,0.99877053,7.684688e-05,6.7680936e-05,0.0006846048,0.00035448986,1.244936e-05
3,3,crowd-noise,crowd-noise,1.477784e-05,0.00011701761,0.00016069788,0.99954647,6.157193e-05,6.4037806e-05,2.8182212e-05,7.3011133e-06
3,3,crowd-noise,crowd-noise,0.00015509814,0.003317122,0.005667774,0.99004537,0.00036202988,0.00013081355,0.0002176863,0.00010407238
3,3,crowd-noise,crowd-noise,3.3029453e-05,0.00020155398,0.0009115112,0.99823207,8.179648e-05,0.00047068112,5.3139916e-05,1.6266684e-05
5,5,mobile-music,mobile-music,0.00027672882,0.021903131,0.00037000582,0.005945645,0.0009127468,0.9683546,0.00049895176,0.0017381537
1,1,community-radio,community-radio,0.0009437339,0.51481354,0.0019760327,0.027651792,0.007759765,0.43676934,0.0058755158,0.004210199
6,2,motorvehicle-horn,construction-site,0.0037788625,0.020441415,0.53092545,0.013990804,0.012101847,0.25974533,0.14384584,0.015170502
5,5,mobile-music,mobile-music,0.00039508054,0.022099897,0.00018884952,0.0024658039,0.0014039192,0.9718713,0.00043864595,0.0011365013
7,7,motorvehicle-siren,motorvehicle-siren,7.1236616e-05,2.7103275e-05,1.2535995e-05,9.900856e-06,3.1753277e-07,2.8911607e-05,8.864441e-05,0.9997614
2,2,construction-site,construction-site,4.823741e-05,1.28871725e-05,0.9982108,0.00016833765,7.259686e-05,0.00097564387,0.00047708608,3.4478195e-05
2,2,construction-site,construction-site,0.0003058516,0.0011058053,0.9811348,0.007164337,0.006235077,0.0013572748,0.0022868076,0.0004101125
0,0,car-alarm,car-alarm,0.49658912,0.0018176117,0.0038487415,0.019652514,0.0013659014,0.0016008498,0.47023892,0.004886303
6,6,motorvehicle-horn,motorvehicle-horn,0.034537263,0.00034476758,0.017815046,0.0031402437,0.0032629897,0.00016729432,0.9357087,0.005023642
5,5,mobile-music,mobile-music,0.004165853,0.024666497,0.100860775,0.026973626,0.002035808,0.73608965,0.09970666,0.0055011655
4,4,generator,generator,0.00020536869,0.0045231367,0.0010003867,0.0030279541,0.9860638,0.0005138137,0.0037560984,0.0009095379
3,3,crowd-noise,crowd-noise,1.1657235e-05,5.657863e-05,0.00017971857,0.99961793,4.175122e-05,3.1488344e-05,5.6199504e-05,4.6260975e-06
5,5,mobile-music,mobile-music,0.00036096195,0.008813914,0.00043276083,0.0015106407,0.0007543158,0.98309076,0.003964643,0.0010720482
2,2,construction-site,construction-site,3.170435e-05,0.00019099792,0.99708956,0.0013978581,0.0005190711,0.00038291953,0.0001743543,0.00021352862
6,6,motorvehicle-horn,motorvehicle-horn,0.014937825,0.18785714,0.13129205,0.06834618,0.032599643,0.19886208,0.34659436,0.019510785
6,6,motorvehicle-horn,motorvehicle-horn,0.032263547,0.0022702399,0.054269414,0.0112648355,0.008773991,0.0029440525,0.88189226,0.006321579
6,6,motorvehicle-horn,motorvehicle-horn,0.00063076266,5.882939e-05,0.0007286194,0.0001104922,0.00020011388,3.370667e-05,0.9958625,0.0023750574
7,7,motorvehicle-siren,motorvehicle-siren,2.2223037e-05,4.975484e-06,1.9132514e-05,1.4294984e-06,3.011951e-07,6.303226e-06,7.139381e-05,0.99987423
5,2,mobile-music,construction-site,0.0012035992,0.00050539605,0.9813757,0.0029806641,0.00043714282,0.0013852965,0.010957609,0.0011545232
7,7,motorvehicle-siren,motorvehicle-siren,8.991724e-05,5.332353e-06,3.4948567e-05,1.6551991e-06,5.422217e-08,2.166994e-06,1.7677172e-05,0.99984825
1,5,community-radio,mobile-music,4.4181576e-05,0.10681364,4.4262764e-05,0.0005435326,0.00028624898,0.89106965,0.00078332727,0.0004151447
6,6,motorvehicle-horn,motorvehicle-horn,0.058533814,0.017074792,0.03420558,0.111269794,0.006733217,0.0038906331,0.7504207,0.017871449
6,6,motorvehicle-horn,motorvehicle-horn,0.22729263,0.00059595605,0.0046840115,0.0076777753,0.0014631338,0.0004380131,0.75406784,0.0037807103
6,6,motorvehicle-horn,motorvehicle-horn,0.04915047,0.021434527,0.06366909,0.03137354,0.0039913002,0.0012960383,0.8078527,0.021232445
1,1,community-radio,community-radio,0.00029387965,0.9840714,0.00026384057,0.0032940279,0.0016030074,0.007978435,0.001720272,0.00077527383
6,6,motorvehicle-horn,motorvehicle-horn,0.0010506166,0.00022327954,0.011663515,0.00042379092,0.00025263082,0.00015505377,0.98581684,0.0004143443
1,1,community-radio,community-radio,0.0029468879,0.90464747,0.004290403,0.05275786,0.004219417,0.0044579357,0.020456428,0.0062234565
5,3,mobile-music,crowd-noise,0.0012825233,0.05329472,0.20090176,0.70014817,0.02022832,0.0072000865,0.006896747,0.010047664
4,4,generator,generator,9.4351835e-06,3.1512067e-05,0.000107602486,3.7865077e-05,0.99957186,0.00010733446,0.00012904554,5.389172e-06
4,4,generator,generator,1.9124899e-07,6.729432e-06,7.3216706e-06,1.2812529e-06,0.9999739,2.7246494e-06,7.5612706e-06,2.6232087e-07
2,5,construction-site,mobile-music,0.00014353213,0.011935151,0.006287331,0.0058992095,0.007601358,0.9604199,0.0042280243,0.0034855395
5,5,mobile-music,mobile-music,6.300914e-05,0.18345933,0.0001739353,0.0007281661,0.0003989051,0.8145517,0.0003153105,0.00030964357
4,2,generator,construction-site,0.008576008,0.0065603605,0.49336553,0.061730254,0.20014185,0.0033675195,0.21939965,0.0068588266
1,1,community-radio,community-radio,0.00013246654,0.99295205,1.8333534e-05,0.00043332533,0.0001483204,0.00483686,0.00041542275,0.0010631435
2,2,construction-site,construction-site,8.371889e-06,4.9195263e-05,0.9989656,0.00023307967,0.00043632914,2.727943e-05,0.00027229977,7.8394405e-06
1,1,community-radio,community-radio,0.004079454,0.7084359,0.013130119,0.22299096,0.006146126,0.008784692,0.031003442,0.005429277
1,1,community-radio,community-radio,6.586565e-05,0.99008065,0.00015507617,0.0051927743,0.0009291146,0.0019373479,0.0010849054,0.0005543276
1,1,community-radio,community-radio,4.57497e-06,0.9945845,8.493385e-06,0.0007999004,0.00015457504,0.0043507707,3.6567362e-05,6.065572e-05
6,6,motorvehicle-horn,motorvehicle-horn,0.026836354,0.00019875422,0.0031669221,0.0013607364,0.00090081163,9.9883204e-05,0.96407884,0.0033576712
2,2,construction-site,construction-site,0.00057835504,0.0116681345,0.88899493,0.05985551,0.025869396,0.003994351,0.0022849727,0.006754292
6,6,motorvehicle-horn,motorvehicle-horn,0.02913603,0.007478246,0.0063820234,0.012552543,0.0010586339,0.0002684563,0.92081255,0.022311516
1,1,community-radio,community-radio,1.1862805e-05,0.9981566,1.1337631e-05,0.0003767806,1.4717587e-05,0.0012057968,6.285018e-05,0.0001599502
7,7,motorvehicle-siren,motorvehicle-siren,1.0941695e-05,2.7641174e-06,5.0613427e-05,4.515796e-06,2.9826527e-08,1.5723759e-06,4.107191e-06,0.9999255
3,2,crowd-noise,construction-site,0.039481763,0.01588121,0.47682703,0.09429079,0.070302404,0.0051931143,0.2887549,0.009268886
3,3,crowd-noise,crowd-noise,9.8622695e-06,0.00011812865,0.00023844602,0.999511,4.0187682e-05,4.4945275e-05,2.6131904e-05,1.11616855e-05
1,0,community-radio,car-alarm,0.42040792,0.21251604,0.004105102,0.04513638,0.0096679395,0.16430578,0.11783583,0.026025012
6,6,motorvehicle-horn,motorvehicle-horn,0.0173414,0.00018123262,0.0010334885,0.00039854148,0.0005199966,5.878703e-05,0.83561355,0.14485309
0,0,car-alarm,car-alarm,0.9998605,4.8570787e-06,2.7962693e-05,3.138759e-05,1.2011386e-06,2.141878e-06,2.2436194e-05,4.94578e-05
5,5,mobile-music,mobile-music,0.0017085989,0.013418413,5.0080103e-05,0.0001557549,2.8286599e-05,0.8866602,0.0044518067,0.09352697
2,2,construction-site,construction-site,0.0038249227,0.08419294,0.7128329,0.10745536,0.022843711,0.002937154,0.06175741,0.00415561
6,6,motorvehicle-horn,motorvehicle-horn,0.025132105,0.0011596117,0.003949378,0.005853462,0.00097524445,0.00013077982,0.94895613,0.01384331
1,1,community-radio,community-radio,1.4113519e-05,0.9982767,2.8109094e-05,0.00047427544,0.00043715976,0.00055054354,0.00015431781,6.48117e-05
1,3,community-radio,crowd-noise,0.01563378,0.09394404,0.089392625,0.71766305,0.0077953236,0.013781315,0.02068105,0.04110883
2,2,construction-site,construction-site,2.0598578e-05,0.00013622042,0.99920815,0.00044194746,7.050079e-05,2.181804e-05,6.435242e-05,3.6427522e-05
1,1,community-radio,community-radio,8.600416e-06,0.9984315,9.335485e-06,0.00029021574,0.00028832216,0.00081998546,7.732236e-05,7.467871e-05
5,5,mobile-music,mobile-music,7.972109e-05,0.19016875,4.590566e-05,0.00040648895,9.5333155e-05,0.8079555,0.00044135994,0.000806939
2,2,construction-site,construction-site,0.00012633116,0.0012461486,0.97701454,0.0067725047,0.0026029306,0.009585799,0.0025678442,8.393381e-05
5,5,mobile-music,mobile-music,2.2993521e-05,0.0068821684,7.72499e-05,0.00017851965,0.00017988172,0.99226886,9.048584e-05,0.00029986817
0,0,car-alarm,car-alarm,0.9993224,7.2635535e-06,8.023346e-06,5.5139867e-06,1.6908412e-07,5.7742286e-06,2.14661e-05,0.00062941684
3,3,crowd-noise,crowd-noise,0.00012336044,0.42362052,0.00023498856,0.57283914,0.00040327795,0.0010523023,0.0012688347,0.0004575542
2,2,construction-site,construction-site,0.0001572639,0.0005358179,0.9854397,0.0042129452,0.006689656,0.0006645875,0.0022358135,6.421741e-05
0,0,car-alarm,car-alarm,0.9994542,1.8119372e-05,0.000112140726,4.709067e-05,1.7535863e-06,8.402224e-06,0.000103608625,0.0002546494
1,1,community-radio,community-radio,4.9718947e-05,0.9883627,0.00011804764,0.0081034405,0.00017582139,0.00026038196,0.0020079557,0.0009219971
1,1,community-radio,community-radio,0.00048372077,0.9731376,0.00041577115,0.0137493,0.0014663597,0.0044371765,0.0027753443,0.0035347254
4,4,generator,generator,3.968532e-05,0.0012808037,0.00045842334,0.00035704818,0.99695754,0.00041120985,0.00035709277,0.00013824155
7,7,motorvehicle-siren,motorvehicle-siren,5.5019562e-05,9.658081e-06,2.0889325e-05,7.2879798e-06,3.5152658e-07,5.578602e-06,5.5223474e-05,0.999846
2,1,construction-site,community-radio,0.040544238,0.32481483,0.15174633,0.19228609,0.012910812,0.031879596,0.21554486,0.03027321
1,6,community-radio,motorvehicle-horn,0.079582855,0.20879689,0.12685311,0.2218858,0.014125393,0.0036721744,0.3233391,0.021744723
5,5,mobile-music,mobile-music,0.00028089166,0.3077293,8.65253e-05,0.0022499564,0.00029354772,0.68536514,0.0025497267,0.0014448457
1,1,community-radio,community-radio,5.4225693e-06,0.99850106,1.1757505e-05,0.0005329451,9.133716e-05,0.0006691808,0.00015361338,3.4740355e-05
1,1,community-radio,community-radio,2.642741e-05,0.9929934,8.013722e-05,0.0007629997,0.0017184947,0.002544123,0.001731556,0.00014278623
7,7,motorvehicle-siren,motorvehicle-siren,0.0001729114,0.00031363766,0.0007668947,0.00035892916,4.9704086e-06,8.624427e-05,8.021649e-05,0.9982162
4,4,generator,generator,3.3547772e-07,7.677276e-06,2.2197273e-05,2.5966701e-06,0.9999502,5.5000505e-06,1.1069151e-05,4.2124705e-07
2,2,construction-site,construction-site,3.9676084e-05,9.337063e-05,0.9968966,0.0008267188,0.0011490711,5.2796233e-05,0.00091051316,3.121211e-05
1,1,community-radio,community-radio,3.5109264e-05,0.9966394,3.4774665e-05,0.0017147162,0.0004624897,0.0006506448,0.00026279493,0.00020016497
5,5,mobile-music,mobile-music,9.141255e-05,0.0023981151,0.00018167062,0.000745328,0.00013345083,0.9955584,0.00035801786,0.00053352973
6,6,motorvehicle-horn,motorvehicle-horn,0.17913638,0.00035885684,0.005742065,0.009706087,0.0005292687,0.0007202462,0.80197126,0.0018358432
7,7,motorvehicle-siren,motorvehicle-siren,2.2690268e-05,2.2658926e-06,1.1989342e-06,4.4850745e-07,6.325424e-08,3.5419937e-06,8.468233e-05,0.9998851
0,0,car-alarm,car-alarm,0.9999186,2.0706368e-06,1.0194363e-05,6.696762e-06,2.634179e-07,2.5753593e-06,1.3540067e-05,4.607266e-05
4,4,generator,generator,2.8176028e-06,0.00023223808,9.267432e-05,3.240804e-05,0.99944776,7.379148e-05,0.000112901995,5.461294e-06
3,3,crowd-noise,crowd-noise,0.00032584363,0.3904072,0.0035490233,0.5754956,0.0076308423,0.016576666,0.0003075341,0.0057073035
5,5,mobile-music,mobile-music,0.00010291389,0.0011201873,0.0002260245,5.8645608e-05,0.0001000824,0.9677884,0.029550705,0.0010528953
4,4,generator,generator,0.007355605,0.0010450345,0.0014960065,0.001271748,0.93407196,0.005561666,0.048254512,0.00094349793
4,4,generator,generator,7.4804625e-06,9.4433715e-05,4.9366117e-05,1.2676706e-05,0.9995415,0.00010543557,8.340918e-05,0.00010574098
4,4,generator,generator,1.3515312e-06,1.402991e-05,3.235679e-05,3.9537153e-06,0.9998667,1.4850738e-05,6.435432e-05,2.438261e-06
6,6,motorvehicle-horn,motorvehicle-horn,0.19323605,0.003397527,0.008993841,0.015153587,0.0042625614,0.0009134075,0.7656902,0.008352827
4,4,generator,generator,5.4931024e-06,0.00033306202,2.3847277e-05,0.00014164954,0.9989975,0.00046227744,2.2862054e-05,1.3293988e-05
5,5,mobile-music,mobile-music,3.60926e-05,0.011850063,0.00023531963,0.0005781219,0.00051384856,0.9860194,0.00035549523,0.00041169085
6,6,motorvehicle-horn,motorvehicle-horn,0.07339646,0.00015770251,0.006259288,0.0049370998,0.001655296,0.0001536614,0.90974545,0.0036951061
2,2,construction-site,construction-site,6.954784e-05,0.00022768958,0.99534565,0.0025443246,0.00063908694,0.00033614514,0.00073669135,0.00010088798
6,1,motorvehicle-horn,community-radio,6.584377e-06,0.9973181,6.0130686e-05,0.0015956159,0.00019531568,0.00035309637,0.0004210432,5.0123672e-05
6,6,motorvehicle-horn,motorvehicle-horn,0.31952876,0.0073753363,0.0040076105,0.03959878,0.0017806967,0.001266212,0.62191194,0.004530628
3,3,crowd-noise,crowd-noise,0.01561285,0.14834096,0.028910149,0.6988435,0.011893431,0.0230365,0.06502132,0.00834139
0,0,car-alarm,car-alarm,0.99557304,4.022286e-05,2.9799246e-05,1.01301675e-05,1.0717819e-07,2.431012e-05,3.138618e-05,0.004290879
4,1,generator,community-radio,0.006508004,0.5371308,0.0073243077,0.12382604,0.1987144,0.050762985,0.025049632,0.050683804
3,4,crowd-noise,generator,4.9691225e-05,0.00996595,0.028896993,0.01300743,0.9460111,0.00065728585,0.0009776375,0.00043380473
6,7,motorvehicle-horn,motorvehicle-siren,0.25785473,0.012597232,0.14215265,0.0063493517,0.014083268,0.102483556,0.1565457,0.3079335
1,1,community-radio,community-radio,9.249261e-07,0.99973184,4.4156404e-06,9.16822e-05,8.3544335e-05,6.709699e-05,1.44972e-05,6.0789275e-06
3,3,crowd-noise,crowd-noise,0.00020790265,0.0012084761,0.022199526,0.9702946,0.0032857715,0.0005959176,0.001410738,0.000797049
0,2,car-alarm,construction-site,0.14701216,0.025197191,0.52542496,0.20954278,0.017419832,0.0026781417,0.050535332,0.02218954
3,3,crowd-noise,crowd-noise,1.4835371e-05,0.0035931864,0.0031710048,0.98743826,0.005516648,6.957321e-05,9.625628e-05,0.000100318604
2,1,construction-site,community-radio,0.00074810995,0.6312007,0.10676398,0.22434868,0.026911156,0.0035709513,0.0012042184,0.005252216
1,5,community-radio,mobile-music,4.8013124e-05,0.15305556,0.00013189521,0.0011263174,0.00077474816,0.8436843,0.0003893912,0.00078974996
5,5,mobile-music,mobile-music,5.5239776e-05,0.0011569001,0.000108370325,0.0005274471,4.569129e-05,0.9976405,0.00023204749,0.00023380121
4,4,generator,generator,3.019844e-07,1.331223e-05,6.877113e-06,1.312421e-06,0.99996495,4.1237518e-06,8.789638e-06,3.623999e-07
0,0,car-alarm,car-alarm,0.99260193,0.00063258,0.00033447478,0.00070365914,1.3354872e-05,0.0008968655,0.0007646915,0.0040524425
0,0,car-alarm,car-alarm,0.98445815,0.00012042705,7.534538e-05,2.2662278e-05,1.9473937e-07,4.0000672e-05,7.558351e-05,0.015207692
7,7,motorvehicle-siren,motorvehicle-siren,1.0182449e-05,1.2017445e-06,2.2376832e-06,8.87783e-07,2.3079663e-08,1.4156742e-06,1.0461324e-05,0.99997365
5,5,mobile-music,mobile-music,1.9955334e-05,0.0014544118,5.8511094e-05,0.00016489156,1.8856555e-05,0.99797815,0.00014777697,0.00015750848
6,6,motorvehicle-horn,motorvehicle-horn,0.024483973,0.0018469257,0.01471962,0.004801742,0.0014650674,0.00018618799,0.9339693,0.018527102
2,2,construction-site,construction-site,0.0007240362,0.0082722865,0.89235365,0.08103916,0.010607801,0.00078420993,0.005117562,0.0011013481
2,2,construction-site,construction-site,0.00094170263,0.01622812,0.80034196,0.05209817,0.11234959,0.0024418386,0.013465971,0.0021325978
6,6,motorvehicle-horn,motorvehicle-horn,0.024675945,0.0048194127,0.0011121528,0.0074668587,0.000547472,0.0036351662,0.95400673,0.0037363502
2,2,construction-site,construction-site,2.0379892e-05,0.00014206409,0.9984321,0.0003512353,0.0006063416,0.0001722852,0.00026145414,1.4061394e-05
1,1,community-radio,community-radio,1.6146962e-05,0.997349,6.343231e-05,0.0016188957,0.000104261824,0.00052347855,0.00021257366,0.00011216993
6,6,motorvehicle-horn,motorvehicle-horn,0.2497599,0.0032043983,0.0064973524,0.015441852,0.0015011122,0.00031099448,0.7107702,0.0125141665
1,1,community-radio,community-radio,4.339798e-05,0.9955844,6.8870286e-05,0.0021706524,0.00017663444,0.00080431544,0.00076256786,0.00038919566
2,2,construction-site,construction-site,4.292523e-06,1.686737e-05,0.99964523,0.00025222095,2.2221297e-05,6.104641e-06,2.1590677e-05,3.158557e-05
2,2,construction-site,construction-site,0.0004428003,0.006612707,0.9521954,0.031211339,0.0022216912,0.0033739554,0.0033086091,0.0006335205
0,0,car-alarm,car-alarm,0.9964755,3.312539e-05,2.4255422e-05,9.209561e-06,1.9501883e-07,2.5531077e-05,5.5009557e-05,0.0033771016
2,2,construction-site,construction-site,6.9202842e-06,1.3396815e-06,0.9998153,2.915044e-05,1.7400539e-06,1.2242072e-06,9.699633e-06,0.00013464187
5,5,mobile-music,mobile-music,2.0601787e-05,0.0034972443,1.944081e-05,0.0007324976,0.00031180022,0.99512225,4.4923876e-05,0.00025116935
6,6,motorvehicle-horn,motorvehicle-horn,0.043695536,0.12447084,0.023302639,0.022243837,0.18557692,0.009868517,0.53133005,0.059511647
3,3,crowd-noise,crowd-noise,1.4862758e-05,0.00017422845,0.000282053,0.99925214,0.000103338934,4.9961338e-05,0.00011387279,9.521422e-06
0,0,car-alarm,car-alarm,0.40858293,0.18818362,0.0032986489,0.17098975,0.008050775,0.14315182,0.019441588,0.058300857
0,6,car-alarm,motorvehicle-horn,0.13361318,0.0016135054,0.0058905655,0.0073250704,0.0036573224,0.00036493974,0.8337919,0.013743476
2,2,construction-site,construction-site,0.044570394,0.0022804816,0.41859004,0.011338966,0.01044735,0.00085675943,0.38316435,0.1287516
4,1,generator,community-radio,0.00019422849,0.91496193,0.011756279,0.027813008,0.021019356,0.015950235,0.0066552605,0.0016497145
5,5,mobile-music,mobile-music,2.369659e-05,0.007347603,8.9253284e-05,0.00019868973,0.00017928873,0.99166685,0.00019909811,0.00029561657
2,2,construction-site,construction-site,0.00019221297,0.0008314024,0.99037266,0.0061419224,0.0009164154,0.00023406655,0.0011725151,0.00013893188
0,0,car-alarm,car-alarm,0.99927956,1.3545409e-05,2.8075654e-05,2.7492373e-05,3.1232175e-06,1.0044804e-05,0.00023048276,0.0004076531
2,2,construction-site,construction-site,0.00021251674,0.0026650855,0.96402645,0.023776479,0.0060516666,0.0007824831,0.0021263028,0.00035899348
5,5,mobile-music,mobile-music,5.9434555e-05,0.00715429,7.97507e-06,0.0001374748,9.688315e-06,0.9920598,0.00033897633,0.00023228441
1,1,community-radio,community-radio,0.0003444445,0.91682404,0.00013975456,0.0010774784,0.002556901,0.074548155,0.0027355715,0.00177362
3,1,crowd-noise,community-radio,0.00044813243,0.96064913,0.0001358733,0.015665237,0.00036371461,0.0059951707,0.014417214,0.0023256224
5,5,mobile-music,mobile-music,0.00013041653,0.0051264847,0.0003535424,0.0022284826,0.00028660777,0.9909237,0.0005560829,0.000394631
6,6,motorvehicle-horn,motorvehicle-horn,0.24845952,0.00045788634,0.024383366,0.022541342,0.0022277124,0.00044545112,0.69852144,0.0029633304
3,3,crowd-noise,crowd-noise,0.00020042429,0.004918668,0.000113581395,0.99401915,1.9561638e-05,4.695615e-05,0.00018926161,0.00049249455
6,0,motorvehicle-horn,car-alarm,0.440844,0.013073169,0.0101021025,0.35320866,0.003178481,0.011405432,0.12591793,0.042270146
0,6,car-alarm,motorvehicle-horn,0.2660345,0.0014698356,0.02359001,0.023761475,0.00245057,0.0015226103,0.66738254,0.013788381
0,0,car-alarm,car-alarm,0.9765322,0.00035413093,0.0007220166,0.004848905,6.4064414e-05,0.00016824565,0.014287405,0.003023072
1,1,community-radio,community-radio,1.4364634e-05,0.99469095,2.284401e-05,0.0021120296,0.00010168528,0.0015396021,0.0013277447,0.00019074537
0,0,car-alarm,car-alarm,0.99988985,2.7760334e-06,2.258539e-05,9.990637e-06,4.658321e-07,2.6194598e-06,2.5113874e-05,4.6547022e-05
1,1,community-radio,community-radio,3.6193545e-05,0.9899434,0.0001500301,0.008871526,0.00017911237,0.0003732417,0.00019666487,0.00024987553
0,0,car-alarm,car-alarm,0.9999064,2.8917495e-06,1.1206565e-05,6.607928e-06,5.1898354e-07,3.214696e-06,1.7477492e-05,5.1682717e-05
3,3,crowd-noise,crowd-noise,0.00029470623,0.0037548677,0.17440565,0.8021171,0.014912812,0.0003561354,0.0023287272,0.001830068
3,3,crowd-noise,crowd-noise,8.1086155e-06,3.1887088e-05,8.9934765e-05,0.9997905,2.37002e-05,1.9506562e-05,3.393547e-05,2.4719527e-06
0,0,car-alarm,car-alarm,0.99573153,5.0354487e-05,3.7196056e-05,9.895323e-06,2.1311531e-07,2.8366601e-05,4.843925e-05,0.0040940293
4,4,generator,generator,1.6379715e-06,1.25743845e-05,3.334867e-05,4.1527815e-06,0.9998684,1.4201922e-05,6.4525455e-05,1.1656281e-06
4,4,generator,generator,5.193395e-07,2.8169018e-06,1.2088632e-05,1.3027626e-06,0.99996185,3.6500173e-06,1.7596574e-05,2.6650045e-07
4,4,generator,generator,2.767062e-07,1.9838021e-06,9.907515e-06,1.0145527e-06,0.99997306,1.5867527e-06,1.2065272e-05,2.0719592e-07
2,2,construction-site,construction-site,3.1247575e-06,1.8517583e-06,0.9999316,4.0271287e-05,3.809503e-06,3.0618044e-06,5.880724e-06,1.045842e-05
0,0,car-alarm,car-alarm,0.9930059,3.654984e-05,1.9993806e-05,9.610927e-06,1.4731039e-07,3.7691178e-05,7.3484574e-05,0.0068165683
2,2,construction-site,construction-site,0.012648814,0.016308846,0.5798438,0.013898909,0.19036442,0.0023358113,0.06606522,0.11853418
4,5,generator,mobile-music,8.856567e-05,0.32308617,0.0008826924,0.0135897845,0.061982855,0.49583623,0.0052633802,0.099270254
7,2,motorvehicle-siren,construction-site,0.0003373936,0.0015676814,0.81992793,0.0027108903,0.0034292778,0.16623037,0.004339758,0.0014567025
7,7,motorvehicle-siren,motorvehicle-siren,0.0009191904,1.9864437e-05,0.009303827,3.8836566e-05,1.0488352e-06,1.812275e-06,0.00026836025,0.989447
3,3,crowd-noise,crowd-noise,6.545029e-05,0.0014626926,0.00024664454,0.9965779,0.00011037815,0.0013413861,9.001356e-05,0.00010544054
3,3,crowd-noise,crowd-noise,0.0028200976,0.020877736,0.344675,0.6119041,0.003005156,0.003612943,0.009869545,0.0032354647
5,5,mobile-music,mobile-music,1.5220334e-06,0.00018861075,1.320319e-06,1.2591828e-05,1.484176e-06,0.9997631,1.2725296e-05,1.8628034e-05
4,4,generator,generator,2.1323898e-05,0.0009080491,5.3297776e-05,0.00013994034,0.99855417,0.00014345675,0.0001229337,5.6837485e-05
2,2,construction-site,construction-site,0.0007822635,0.0045671123,0.8882927,0.08596763,0.0126017695,0.0029340873,0.001801469,0.0030529937
1,1,community-radio,community-radio,2.3505912e-05,0.9938002,0.00014029029,0.0030193706,0.00020134867,0.0013584952,0.0012726411,0.00018420807
4,4,generator,generator,0.003154247,0.05264266,0.011517341,0.024975218,0.7252236,0.008526508,0.1532477,0.020712737
5,5,mobile-music,mobile-music,1.5007246e-05,0.013118289,2.3397131e-05,0.00047730646,0.0055358834,0.9803048,5.7583264e-05,0.0004677508
2,2,construction-site,construction-site,9.8338445e-05,2.114503e-05,0.9990088,0.0002683028,4.6355544e-05,5.488326e-06,5.6384168e-05,0.00049521984
5,5,mobile-music,mobile-music,2.5441375e-05,0.006908939,0.0001437969,0.019693935,0.00019352794,0.9724851,0.0002544755,0.00029483298
3,3,crowd-noise,crowd-noise,1.3263576e-05,5.6273377e-05,0.0001354793,0.99961555,4.8899925e-05,4.9964878e-05,7.406046e-05,6.4216188e-06
2,2,construction-site,construction-site,0.0003452942,0.0001823441,0.9908302,0.003487065,0.0011524403,0.00024112892,0.0036803836,8.11854e-05
3,3,crowd-noise,crowd-noise,4.991211e-05,8.862312e-05,0.004604919,0.9948177,8.541468e-05,0.00020441572,0.00010000073,4.908233e-05
2,2,construction-site,construction-site,3.5656478e-05,0.00031588488,0.9966337,0.0010402075,0.0011176371,0.00047524745,0.00033171827,4.9940507e-05
3,2,crowd-noise,construction-site,0.000113039845,0.0010803232,0.9835095,0.012313075,0.0019066945,0.00073409756,0.00015660463,0.00018662374
6,6,motorvehicle-horn,motorvehicle-horn,0.11365029,0.0060559423,0.07048364,0.038352594,0.15836379,0.022852553,0.5846645,0.0055767186
2,2,construction-site,construction-site,0.0006578379,0.0031386595,0.9798079,0.010491494,0.002098891,0.00071562384,0.0027776367,0.00031190534
2,2,construction-site,construction-site,1.2396992e-05,1.3372213e-06,0.9997882,2.4737454e-05,2.614477e-06,6.595301e-07,1.2731188e-05,0.00015723445
2,2,construction-site,construction-site,1.6437034e-05,2.1949416e-05,0.9989881,0.00018708584,0.00052877923,7.2487775e-05,0.00017415434,1.1085723e-05
7,7,motorvehicle-siren,motorvehicle-siren,2.656161e-05,5.940674e-06,3.0855317e-05,8.04128e-06,2.8944342e-07,4.6171554e-06,4.0462008e-05,0.9998832
0,0,car-alarm,car-alarm,0.9998074,4.368978e-06,5.406884e-05,8.972711e-06,1.8082092e-07,2.2511824e-06,4.925865e-05,7.3446434e-05
6,6,motorvehicle-horn,motorvehicle-horn,0.010175003,0.0041767806,0.008228012,0.002541711,0.004383515,0.002168907,0.9528759,0.015450168
2,2,construction-site,construction-site,2.3202913e-06,1.3111121e-06,0.99993134,4.7141737e-05,3.4393213e-06,2.0306497e-06,3.4121886e-06,8.967792e-06
2,2,construction-site,construction-site,0.00039509614,0.0065168417,0.8700874,0.11284724,0.005703925,0.0011747075,0.0025089623,0.0007659196
4,4,generator,generator,1.0921328e-06,0.000101046055,0.00020898647,2.9663719e-05,0.99932396,0.0001718091,0.00015298589,1.05229565e-05
3,3,crowd-noise,crowd-noise,1.73911e-05,0.00035098018,0.0012342467,0.99764603,0.00022160736,0.00047968823,3.3943485e-05,1.6045606e-05
0,6,car-alarm,motorvehicle-horn,0.079800844,0.09128238,0.044749547,0.038460586,0.20191488,0.02879962,0.48675177,0.02824035
5,5,mobile-music,mobile-music,0.00031509288,0.0033892964,0.017592043,0.0033312559,0.002054887,0.9418422,0.029724743,0.0017505084
6,6,motorvehicle-horn,motorvehicle-horn,0.07024094,0.17583218,0.065611534,0.07532424,0.013348571,0.023083583,0.55361676,0.022942241
6,6,motorvehicle-horn,motorvehicle-horn,0.3374968,0.0007135793,0.0040853075,0.004344557,0.0015068337,0.0001568556,0.6423935,0.009302547
6,6,motorvehicle-horn,motorvehicle-horn,0.21539049,0.002538369,0.039456904,0.018311089,0.025591142,0.00068243867,0.6913618,0.006667715
5,5,mobile-music,mobile-music,0.0001312945,0.0040531573,0.00097137457,0.0008101361,8.616952e-05,0.9916113,0.0016190133,0.00071763294
1,1,community-radio,community-radio,0.0009840616,0.8547178,0.0003271305,0.0044648633,0.027878871,0.05887489,0.04824566,0.004506783
1,1,community-radio,community-radio,0.0017297062,0.8055262,0.0018760748,0.056081884,0.00231097,0.12088492,0.005205339,0.0063850046
3,3,crowd-noise,crowd-noise,0.0006291356,0.0043517174,0.048763726,0.9402391,0.0015208764,0.002517746,0.0007778678,0.0011998855
1,1,community-radio,community-radio,0.0028450203,0.7190098,0.0025433984,0.15827699,0.0023037612,0.06653387,0.031726938,0.016760252
3,3,crowd-noise,crowd-noise,0.00016997798,0.0009172467,0.0023812372,0.9939324,0.0008940573,0.0005521986,0.001017919,0.00013479387
4,4,generator,generator,1.02932545e-05,0.0014439912,0.00078811654,0.00053030124,0.99622333,0.00011115252,0.0008454809,4.7284895e-05
1,5,community-radio,mobile-music,0.025819238,0.21480727,0.040140517,0.08302077,0.008096219,0.4597504,0.13370267,0.03466295
2,2,construction-site,construction-site,0.00038906166,0.0024465646,0.97086203,0.022577953,0.0011527066,0.000403272,0.0018789597,0.0002894961
2,2,construction-site,construction-site,7.2660564e-06,0.00010201438,0.9978656,0.0003375584,0.0013190844,0.00016892291,0.0001789372,2.0694648e-05
6,6,motorvehicle-horn,motorvehicle-horn,0.24573483,0.0016027784,0.0066890228,0.012043674,0.0031493607,0.0008622585,0.72415996,0.005758181
4,4,generator,generator,0.004888094,0.1259045,0.03270979,0.019274564,0.5571489,0.02160425,0.045438454,0.19303149
6,6,motorvehicle-horn,motorvehicle-horn,0.0067823185,0.010939481,0.031219268,0.0108071035,0.002854485,0.0022263213,0.9194689,0.015702147
2,6,construction-site,motorvehicle-horn,0.024218727,0.0044421637,0.005122289,0.02087674,0.002238691,0.0013567177,0.9379162,0.0038285302
4,4,generator,generator,1.1254555e-06,5.555227e-05,1.4877983e-05,4.680297e-06,0.99987805,1.9497242e-05,2.5016361e-05,1.188846e-06
3,3,crowd-noise,crowd-noise,7.3885867e-06,2.508453e-05,0.00013233912,0.99977356,1.4845205e-05,1.9567398e-05,2.4672583e-05,2.4812518e-06
4,4,generator,generator,4.258542e-07,2.9202884e-06,1.629286e-05,1.7166196e-06,0.9999634,2.601446e-06,1.2353357e-05,2.893273e-07
3,3,crowd-noise,crowd-noise,8.311377e-05,0.0014868787,0.0034351218,0.9945122,0.00014564124,0.00012467458,0.00012745454,8.505361e-05
6,6,motorvehicle-horn,motorvehicle-horn,0.06745253,0.004148539,0.016324418,0.02070304,0.0042486875,0.00026922033,0.87410307,0.012750452
2,2,construction-site,construction-site,0.0008183132,0.005929555,0.93125623,0.05023374,0.004805313,0.0012671794,0.0030719119,0.0026177845
1,1,community-radio,community-radio,0.00032145542,0.7150853,2.3435285e-05,0.045531135,0.0004274349,0.22854349,0.00082888035,0.0092388475
3,3,crowd-noise,crowd-noise,5.749236e-05,0.0054996163,0.0001694602,0.99383485,1.1433944e-05,4.7869427e-05,0.00020438306,0.00017495838
6,6,motorvehicle-horn,motorvehicle-horn,0.17334169,0.0008885534,0.003849565,0.008130064,0.00096068427,0.00030663115,0.8041337,0.008389016
3,3,crowd-noise,crowd-noise,0.00017905339,0.010052375,0.14784777,0.8318026,0.007197494,0.0006739712,0.00072463223,0.0015220982
5,5,mobile-music,mobile-music,2.7316785e-06,0.0013682524,1.20011855e-05,2.8415003e-05,5.729118e-06,0.9984603,5.8919548e-05,6.37528e-05
7,7,motorvehicle-siren,motorvehicle-siren,0.23421125,0.0012167199,0.0017169452,0.0017293019,0.00029212906,0.00030894316,0.16970383,0.59082085
0,0,car-alarm,car-alarm,0.99937075,1.838142e-05,9.06121e-05,2.2705344e-05,1.079663e-05,1.9968225e-05,0.00023092977,0.00023579613
2,3,construction-site,crowd-noise,0.00027827465,0.004731172,0.06723341,0.9264255,0.00028661534,0.00013726745,0.0005801311,0.00032754906
0,6,car-alarm,motorvehicle-horn,0.087295264,0.0047404887,0.0091793155,0.010636783,0.006404687,0.0013119207,0.81798077,0.062450774
2,2,construction-site,construction-site,6.1127007e-06,2.232941e-05,0.9989813,0.00021584929,0.0005565693,1.0173421e-05,0.0002018036,5.836268e-06
0,0,car-alarm,car-alarm,0.9996586,9.784287e-06,1.1454656e-05,9.08805e-06,1.3389268e-07,6.448555e-06,1.5883632e-05,0.0002886677
5,5,mobile-music,mobile-music,5.942151e-06,0.0010451521,4.1974152e-05,0.000109845496,1.6971158e-05,0.99860126,8.281608e-05,9.597666e-05
3,3,crowd-noise,crowd-noise,3.907501e-06,3.1240354e-05,9.235367e-05,0.99982965,2.4697276e-05,7.592123e-06,9.018518e-06,1.3819771e-06
0,0,car-alarm,car-alarm,0.57059497,0.0028098794,0.0048475503,0.009512818,0.00042602056,0.001143674,0.36881062,0.041854475
1,1,community-radio,community-radio,0.00043544543,0.5991256,0.017264184,0.36145893,0.007944846,0.007472583,0.0034659503,0.0028323978
7,7,motorvehicle-siren,motorvehicle-siren,2.1120997e-05,1.0096575e-05,5.5939643e-05,1.9237996e-06,1.1972735e-07,6.4795545e-06,3.345719e-05,0.9998709
5,5,mobile-music,mobile-music,7.89325e-05,0.001985897,0.007156314,0.0012675957,0.00051637343,0.98386,0.0048571615,0.00027772159
7,7,motorvehicle-siren,motorvehicle-siren,4.1042076e-05,7.645788e-06,0.000110544344,2.597859e-05,3.2868527e-07,1.3938975e-06,1.2079232e-05,0.999801
3,3,crowd-noise,crowd-noise,3.4819204e-06,0.0005422987,0.0003295387,0.9985989,0.00044168072,5.358573e-05,1.903171e-05,1.1405916e-05
1,1,community-radio,community-radio,2.4679446e-06,0.9988103,3.093222e-05,0.00051403017,3.4365585e-05,0.00044436735,0.00014518236,1.8473982e-05
3,3,crowd-noise,crowd-noise,1.7999539e-05,3.491848e-05,0.00021605285,0.9995659,3.1170726e-05,7.138909e-05,5.9634054e-05,2.9982698e-06
0,0,car-alarm,car-alarm,0.9998995,2.8812335e-06,2.7322725e-05,5.4664624e-06,1.4524998e-07,1.993033e-06,1.9931385e-05,4.2863427e-05
2,2,construction-site,construction-site,9.4097334e-07,7.007962e-07,0.9999536,3.347981e-05,1.4857534e-06,7.0835193e-07,2.138126e-06,6.908113e-06
4,4,generator,generator,0.0007276109,0.0027850007,0.028531397,0.0031529584,0.9519358,0.0023719815,0.009985677,0.00050954026
3,1,crowd-noise,community-radio,0.0007753593,0.64313793,0.020503735,0.08488392,0.018023878,0.19112687,0.03167004,0.009878254
3,3,crowd-noise,crowd-noise,1.3064708e-05,0.00024376859,0.00036627095,0.9989838,0.00017631959,7.930682e-05,0.00012715736,1.02070035e-05
6,6,motorvehicle-horn,motorvehicle-horn,0.05964457,0.0013339355,0.0017379863,0.004703722,0.00077933975,0.00028342844,0.92144746,0.010069567
3,3,crowd-noise,crowd-noise,1.1014679e-05,4.740173e-05,0.00010724413,0.9997416,2.9207284e-05,2.533612e-05,3.352843e-05,4.5948473e-06
4,4,generator,generator,0.00017403653,0.0003068172,0.0004703658,0.00022145885,0.99605274,0.00013672627,0.0022111686,0.00042671902
5,5,mobile-music,mobile-music,0.00021875842,0.0054449327,0.007989893,0.007561599,0.0013913495,0.9743333,0.0018254286,0.0012347633
2,6,construction-site,motorvehicle-horn,0.012086077,0.004511306,0.047124032,0.009538519,0.15308015,0.0011098897,0.602912,0.16963801
4,4,generator,generator,7.829005e-06,0.00021182602,3.1893807e-05,8.822129e-06,0.99956626,9.603223e-05,5.7149977e-05,2.0148675e-05
0,0,car-alarm,car-alarm,0.9996331,1.10847905e-05,1.3779662e-05,1.1694625e-05,1.9629874e-07,7.0272986e-06,2.3515002e-05,0.0002995822
1,1,community-radio,community-radio,4.7184985e-06,0.9986105,5.044066e-06,6.898633e-05,0.00030640236,0.00094484654,2.242531e-05,3.7088743e-05
1,1,community-radio,community-radio,0.0008391818,0.958933,0.0012804559,0.02016001,0.00636768,0.004809487,0.00087259855,0.006737523
4,4,generator,generator,3.2645369e-06,0.00010845099,0.00041176056,3.4684515e-05,0.99862885,0.00022350106,0.00050720264,8.240585e-05
3,3,crowd-noise,crowd-noise,8.803482e-05,0.0037606237,0.00013069139,0.98334783,0.000107437496,0.011979713,0.00032931284,0.00025628452
2,5,construction-site,mobile-music,2.7206817e-05,0.0066986587,9.66842e-05,0.00029973642,0.00013495871,0.99237305,0.00012930288,0.00024042203
2,7,construction-site,motorvehicle-siren,5.223846e-05,1.549534e-05,1.8128852e-05,8.967503e-06,1.3244834e-05,5.835794e-06,0.00028457993,0.99960154
4,3,generator,crowd-noise,0.0003062556,0.016744187,0.27102563,0.6566187,0.04999098,0.0013617307,0.0011863906,0.0027661754
1,1,community-radio,community-radio,0.00061508775,0.96940506,0.00037339816,0.0071295626,0.009586407,0.008596622,0.002371461,0.0019223859
3,3,crowd-noise,crowd-noise,5.14645e-06,2.5121473e-05,7.4283336e-05,0.9998472,1.5827407e-05,1.13178885e-05,1.9252962e-05,1.7486967e-06
2,2,construction-site,construction-site,1.7120605e-05,3.0972984e-05,0.9994066,0.000386254,5.9141596e-05,3.360867e-05,3.9001472e-05,2.7391727e-05
0,0,car-alarm,car-alarm,0.99990785,2.6466441e-06,2.2316382e-05,5.223581e-06,1.0724993e-07,1.2195161e-06,1.7924058e-05,4.2679898e-05
7,7,motorvehicle-siren,motorvehicle-siren,0.15010881,0.003005444,0.00048685455,0.0026906936,6.3297346e-05,0.00080157624,0.09579673,0.7470466
0,6,car-alarm,motorvehicle-horn,0.15207773,0.003588586,0.0054068854,0.031983607,0.001823306,0.00067797455,0.7920255,0.012416378
6,6,motorvehicle-horn,motorvehicle-horn,0.13792084,0.00076196477,0.018056229,0.013176368,0.0078075724,0.0009151655,0.8166122,0.004749644
6,6,motorvehicle-horn,motorvehicle-horn,0.16787286,0.0009286523,0.003878025,0.010138894,0.0013857267,0.00025249246,0.8062883,0.009255097
7,7,motorvehicle-siren,motorvehicle-siren,1.3221987e-05,2.23816e-06,4.5083274e-05,4.3446994e-06,2.3349511e-07,1.2721373e-06,3.6986476e-05,0.99989676
6,6,motorvehicle-horn,motorvehicle-horn,0.002961298,0.010695342,0.006658318,0.0063447347,0.0010873367,0.00045786877,0.96124333,0.010551757
6,6,motorvehicle-horn,motorvehicle-horn,0.06453347,0.0031766412,0.011411701,0.030103857,0.0019957442,0.00080380944,0.8816257,0.0063490183
5,1,mobile-music,community-radio,0.00034694828,0.78590107,0.002561278,0.0059334124,0.018318284,0.18436754,0.0005477165,0.0020238184
6,6,motorvehicle-horn,motorvehicle-horn,0.027808096,0.015821747,0.0317697,0.05351771,0.02039689,0.001346994,0.8366301,0.012708816
6,6,motorvehicle-horn,motorvehicle-horn,0.0008467843,8.1520586e-05,0.045831006,0.0012065612,0.004297374,5.9513553e-05,0.94119287,0.006484365
2,2,construction-site,construction-site,4.2085994e-05,4.513489e-05,0.9977324,0.00012757017,2.5925783e-05,3.24513e-05,6.0943403e-05,0.001933451
5,5,mobile-music,mobile-music,2.3752604e-05,0.00038562977,9.591658e-06,1.2675317e-05,1.1969242e-06,0.9989021,6.715577e-05,0.00059793564
5,5,mobile-music,mobile-music,3.870623e-06,0.000616603,3.9587732e-05,4.2714586e-05,1.7495107e-05,0.9991899,3.0318888e-05,5.9522263e-05
0,0,car-alarm,car-alarm,0.9628889,0.002665964,0.0010169061,0.0045226333,0.00021592391,0.0013622703,0.023196736,0.004130772
5,5,mobile-music,mobile-music,1.344828e-05,0.00047584382,2.4681025e-05,9.035834e-05,1.1242377e-05,0.99923384,7.252441e-05,7.803555e-05
3,3,crowd-noise,crowd-noise,1.9739688e-05,0.00019810912,0.00029798155,0.99915516,0.00015327224,4.8802183e-05,0.00011545787,1.1430002e-05
0,0,car-alarm,car-alarm,0.8742045,0.00075616525,0.001709522,0.0052025,0.00018938995,0.0005344697,0.11325655,0.004146885
2,2,construction-site,construction-site,0.00015162722,0.0011400155,0.9867758,0.008869472,0.001651282,0.0004582144,0.00073672354,0.00021681104
0,0,car-alarm,car-alarm,0.99831724,7.4864394e-05,3.055073e-05,4.8642258e-05,3.2270242e-07,0.00015089687,0.000119437,0.0012581145
2,2,construction-site,construction-site,1.5112373e-06,2.219122e-06,0.9999231,4.965235e-05,3.8663698e-06,3.8455933e-06,3.7952343e-06,1.2038063e-05
2,2,construction-site,construction-site,0.00023853562,2.9554332e-05,0.9944062,0.00046514737,0.00011387904,0.002123533,0.0025070219,0.00011608192
4,4,generator,generator,7.263746e-07,2.749558e-05,1.3832991e-05,3.0532378e-06,0.99992704,1.0234409e-05,1.6926615e-05,6.647508e-07
1,3,community-radio,crowd-noise,0.011292825,0.11483234,0.24360701,0.4510104,0.043155745,0.0042253933,0.113271005,0.018605264
2,2,construction-site,construction-site,6.9778625e-06,1.9221945e-06,0.9997154,3.5669684e-05,2.7827105e-06,5.650212e-07,1.5353897e-05,0.00022130423
6,6,motorvehicle-horn,motorvehicle-horn,0.05770573,0.037904743,0.047512863,0.07359757,0.035608552,0.0028736752,0.70916426,0.035632636
0,0,car-alarm,car-alarm,0.99972016,4.956452e-06,4.451897e-06,3.5827206e-06,4.5237704e-07,4.533754e-06,3.3993594e-05,0.00022783564
0,6,car-alarm,motorvehicle-horn,0.33730513,0.0003631812,0.004411749,0.004212054,0.0007858821,0.00019557268,0.6448208,0.007905642
6,6,motorvehicle-horn,motorvehicle-horn,0.049754377,0.0020292173,0.045516606,0.055975072,0.02262816,0.0011817347,0.81908274,0.0038320976
6,6,motorvehicle-horn,motorvehicle-horn,0.0021465672,4.1445153e-05,0.0010246583,3.0754192e-05,3.975655e-05,0.00010894017,0.98109996,0.015507867
3,3,crowd-noise,crowd-noise,1.9808797e-06,0.00037344746,0.00020870048,0.9991086,0.0002625571,2.3666496e-05,1.260363e-05,8.494779e-06
3,3,crowd-noise,crowd-noise,0.015832609,0.19690034,0.085617475,0.37569466,0.015389384,0.009399811,0.26777247,0.03339327
4,1,generator,community-radio,0.0010115381,0.693254,0.016821578,0.16072996,0.07282102,0.003834435,0.047880884,0.003646561
0,0,car-alarm,car-alarm,0.9998698,4.62455e-06,2.060923e-05,2.0501258e-05,2.0904977e-06,2.817266e-06,3.1665695e-05,4.7779125e-05
3,3,crowd-noise,crowd-noise,0.00012929698,0.0069492683,0.00947038,0.98217094,0.00025667986,0.00061302696,0.00030814274,0.00010227161
3,3,crowd-noise,crowd-noise,0.0003569593,0.18166563,0.041208632,0.769647,0.00140912,0.0023086679,0.0025931206,0.00081092346
5,5,mobile-music,mobile-music,0.00036780612,0.026387915,8.6031105e-05,0.0011939949,0.0020966816,0.9681405,0.00028352832,0.001443639
6,6,motorvehicle-horn,motorvehicle-horn,0.33041322,0.004345151,0.023599766,0.008046223,0.0036124345,0.00032286107,0.58108765,0.048572693
3,3,crowd-noise,crowd-noise,6.6919224e-06,3.3525026e-05,0.000104510094,0.9997907,2.1293876e-05,1.37126635e-05,2.759801e-05,2.015019e-06
0,0,car-alarm,car-alarm,0.99940646,3.8543094e-06,5.5017645e-06,4.2974684e-06,5.7615612e-08,5.6895674e-06,1.4923716e-05,0.00055931235
2,2,construction-site,construction-site,1.9804533e-05,7.795123e-05,0.99903023,0.00024496706,0.0002021822,0.00015106398,0.00024071585,3.314861e-05
0,0,car-alarm,car-alarm,0.9982095,2.3856319e-05,1.7196571e-05,1.34474785e-05,4.0346958e-07,2.4930827e-05,6.125732e-05,0.0016495748
3,3,crowd-noise,crowd-noise,0.0040312875,0.020073509,0.37150592,0.47110847,0.024812534,0.05546909,0.050494514,0.0025046496
4,1,generator,community-radio,0.0075733573,0.59044766,0.049706563,0.08966932,0.0014968244,0.14729396,0.10765932,0.006152961
5,5,mobile-music,mobile-music,2.5166005e-06,0.00022084417,7.869686e-06,2.8246224e-05,2.0893358e-06,0.9997038,1.2653966e-05,2.1962756e-05
3,3,crowd-noise,crowd-noise,6.3802254e-06,4.4414388e-05,0.0001531349,0.99971944,2.6048912e-05,1.6106502e-05,3.1974716e-05,2.5533036e-06
5,5,mobile-music,mobile-music,1.5026783e-05,0.023528231,1.5636324e-05,0.0001438921,0.00018368012,0.975664,8.7241686e-05,0.00036226155
6,6,motorvehicle-horn,motorvehicle-horn,0.003904676,0.0002212527,0.00053458073,0.0020606408,0.0025267575,8.614748e-05,0.9900131,0.0006528063
4,4,generator,generator,1.2137239e-06,7.130057e-06,2.3310165e-05,3.385952e-06,0.99991536,5.6404097e-06,4.3272532e-05,7.048384e-07
3,3,crowd-noise,crowd-noise,9.56553e-06,4.6765195e-05,0.00017960761,0.9996451,3.713195e-05,2.5721924e-05,5.1838448e-05,4.3313785e-06
3,3,crowd-noise,crowd-noise,0.0011895897,0.1657261,0.056598432,0.58512294,0.12808613,0.0024966074,0.015969316,0.044810936
5,5,mobile-music,mobile-music,5.742855e-06,0.00062062097,4.511793e-05,6.720769e-05,1.5886653e-05,0.99907386,9.44541e-05,7.704371e-05
0,6,car-alarm,motorvehicle-horn,0.1379813,0.00038639613,0.019266706,0.0068137995,0.0025927944,0.00017216698,0.8202571,0.012529729
5,7,mobile-music,motorvehicle-siren,0.10184106,0.051789172,0.0030779042,0.1131229,0.003952111,0.22591147,0.18701173,0.3132936
2,2,construction-site,construction-site,2.1067115e-05,0.00012783073,0.998346,0.0010068576,0.00027704285,9.725258e-05,8.3604704e-05,4.0433177e-05
4,4,generator,generator,2.484475e-05,0.00025704634,0.00017785614,0.00011339777,0.99877554,0.00010936238,0.00051105436,3.091207e-05
7,7,motorvehicle-siren,motorvehicle-siren,1.6528213e-05,1.8957488e-06,5.957282e-06,5.3717946e-07,2.1942897e-07,4.0007868e-07,1.542201e-05,0.999959
4,4,generator,generator,6.631022e-06,0.00020319829,5.8930058e-05,1.9530016e-05,0.99931765,0.00019518723,6.350753e-05,0.00013527846
6,6,motorvehicle-horn,motorvehicle-horn,0.17790724,0.028069869,0.035041925,0.08973043,0.013108321,0.012978276,0.59270024,0.050463717
6,6,motorvehicle-horn,motorvehicle-horn,0.0020707804,0.00015988473,0.0013338119,0.001915356,0.0022188248,0.00013402228,0.9919917,0.0001756871
7,7,motorvehicle-siren,motorvehicle-siren,0.04135428,0.002664264,0.0009956692,0.0007740119,6.17643e-05,0.0017125456,0.09625686,0.85618055
7,7,motorvehicle-siren,motorvehicle-siren,8.3840496e-05,2.507355e-05,5.1555293e-05,2.1952015e-05,1.7138811e-06,7.979721e-06,9.555309e-05,0.9997124
0,6,car-alarm,motorvehicle-horn,0.18723688,0.0031051869,0.0047613224,0.017330555,0.0013734386,0.00037463062,0.77886367,0.0069542504
6,6,motorvehicle-horn,motorvehicle-horn,0.09465366,0.008612062,0.019545525,0.034721173,0.0018905294,0.0014109939,0.8231036,0.016062405
0,0,car-alarm,car-alarm,0.9991689,1.1419927e-05,1.0809778e-05,1.1335413e-05,1.5971948e-07,1.5873715e-05,9.873765e-05,0.0006828245
4,4,generator,generator,4.7361374e-07,1.1381233e-05,4.1470532e-05,4.087393e-06,0.9999105,5.748103e-06,2.5656958e-05,7.2553865e-07
1,1,community-radio,community-radio,0.0001124071,0.9900405,0.0001342699,0.005940962,0.00054186245,0.0013974643,0.0013353118,0.00049724826
0,6,car-alarm,motorvehicle-horn,0.10540267,0.0041454053,0.00090965774,0.0069349427,0.000628843,0.0025725886,0.8160558,0.06335012
0,0,car-alarm,car-alarm,0.99969447,6.0503257e-06,5.268403e-06,9.018011e-06,3.8087665e-06,5.901018e-06,0.0001039582,0.0001715281
4,4,generator,generator,2.4610887e-07,5.8842306e-06,1.5363152e-05,2.328185e-06,0.99992585,1.5334417e-05,3.420039e-05,8.0752267e-07
5,5,mobile-music,mobile-music,6.4452142e-06,0.0005237494,8.4878883e-07,5.350453e-05,3.9938795e-06,0.99908066,2.2260167e-05,0.0003084104
2,2,construction-site,construction-site,0.0011073416,0.037237447,0.6268805,0.11394564,0.19889265,0.003608675,0.011489138,0.006838588
2,2,construction-site,construction-site,6.648991e-05,0.00017880276,0.9923915,0.0016830518,5.610986e-05,0.000108699314,0.00067011116,0.004845352
5,5,mobile-music,mobile-music,0.00025936624,0.19512515,0.0039886287,0.03794294,0.00062624534,0.756584,0.0020341403,0.003439515
3,3,crowd-noise,crowd-noise,4.3588054e-05,4.748947e-05,0.00030822947,0.9992385,6.597965e-05,0.00017179358,0.00011595459,8.483083e-06
0,0,car-alarm,car-alarm,0.99988735,2.8583186e-06,8.833231e-06,7.3672904e-06,8.88508e-08,5.1082516e-06,1.9218864e-05,6.915515e-05
6,6,motorvehicle-horn,motorvehicle-horn,0.09210996,0.0019051103,0.013712335,0.014943389,0.009640967,0.00036486943,0.85587144,0.011451918
6,6,motorvehicle-horn,motorvehicle-horn,0.026826506,0.0046740533,0.0028372963,0.0100675775,0.00090791914,8.194095e-05,0.913314,0.04129081
6,6,motorvehicle-horn,motorvehicle-horn,0.04249345,0.0034543404,0.0016233722,0.0065976023,0.0004290776,0.0003290368,0.9331529,0.011920255
4,5,generator,mobile-music,0.005248547,0.1254014,0.003586271,0.12328,0.002694305,0.70955205,0.02000209,0.010235377
0,0,car-alarm,car-alarm,0.9990163,2.06528e-05,1.6517986e-05,1.5869005e-05,3.8785018e-07,1.6437512e-05,4.7140165e-05,0.000866625
3,3,crowd-noise,crowd-noise,3.3540368e-06,4.488932e-05,0.00015179822,0.9997509,2.4853556e-05,1.178015e-05,1.074157e-05,1.7106614e-06
2,2,construction-site,construction-site,0.00023481176,0.05446987,0.79883754,0.012430744,0.060208455,0.06796691,0.0030303423,0.002821289
1,1,community-radio,community-radio,0.0002929596,0.9820801,7.490561e-05,0.003247259,0.0037622172,0.008664412,0.0006724772,0.0012056008
1,1,community-radio,community-radio,7.141089e-06,0.9925533,9.4099e-06,0.00014300851,0.0003407364,0.006762199,3.337496e-05,0.0001508119
4,4,generator,generator,4.0060634e-08,1.22780575e-05,2.8534057e-05,2.8796562e-06,0.99994993,2.2284346e-06,2.883556e-06,1.19929e-06
4,4,generator,generator,7.3293755e-08,4.4350536e-06,1.8183007e-05,2.0046882e-06,0.9999416,7.219331e-06,2.5170562e-05,1.187308e-06
0,6,car-alarm,motorvehicle-horn,0.20514767,0.005565021,0.0118221855,0.008345733,0.0015717369,0.0005376878,0.73276997,0.034239944
2,4,construction-site,generator,0.009489307,0.051817987,0.10503304,0.3680788,0.41186196,0.012390999,0.017209155,0.024118738
3,3,crowd-noise,crowd-noise,0.00014141058,0.02700386,0.05358572,0.9169456,0.0008385866,0.00045094895,0.00077508454,0.00025881216
3,3,crowd-noise,crowd-noise,9.3484654e-05,0.026389949,0.17914852,0.7612814,0.02524179,0.0038019407,0.0018209452,0.0022220504
2,2,construction-site,construction-site,2.9089747e-06,3.5857042e-06,0.9998573,0.00010738335,6.1111796e-06,1.5788213e-06,4.3561818e-06,1.6600965e-05
2,2,construction-site,construction-site,4.9129307e-05,0.0008860155,0.99526006,0.0028282306,0.0007864757,5.0450595e-05,0.00011007124,2.9503526e-05
5,1,mobile-music,community-radio,0.00016624013,0.94029564,0.0031377145,0.00562682,0.0007417138,0.046506032,0.0021984116,0.001327356
4,4,generator,generator,3.6379784e-06,1.774155e-05,9.222265e-05,1.05007e-05,0.9997681,1.3665878e-05,9.223232e-05,1.8265066e-06
7,7,motorvehicle-siren,motorvehicle-siren,0.00014174028,0.0001004542,0.22060347,0.00035212078,9.083544e-06,7.507093e-05,0.0003546335,0.77836335
2,2,construction-site,construction-site,8.943993e-06,7.452713e-05,0.997543,0.00021373067,0.0018276805,9.402755e-05,0.00021330165,2.4818186e-05
3,3,crowd-noise,crowd-noise,6.2924964e-06,7.660414e-05,9.774441e-05,0.99969745,4.7326776e-05,3.1128424e-05,3.9587594e-05,3.929498e-06
4,4,generator,generator,3.125345e-07,2.3857312e-06,1.0235544e-05,1.0511336e-06,0.9999732,2.2989936e-06,1.0264352e-05,1.9559195e-07
1,1,community-radio,community-radio,8.9289926e-05,0.9662208,0.00014034034,0.0047257463,0.00032360957,0.025340667,0.0026269485,0.00053268584
3,3,crowd-noise,crowd-noise,1.7863991e-06,0.00011870061,0.00015459409,0.9996063,0.00010018824,8.6898035e-06,6.9611638e-06,2.7667472e-06
1,1,community-radio,community-radio,0.0002650668,0.986715,0.00014316966,0.0033194348,0.0003747318,0.006603512,0.0018482637,0.00073076994
1,1,community-radio,community-radio,0.00082347624,0.9330751,0.0035973107,0.045686487,0.0095645925,0.0038188032,0.0010100836,0.0024241935
1,1,community-radio,community-radio,0.00032251622,0.6755217,0.00010412316,0.006072136,0.00012849637,0.3134586,0.002131943,0.0022604559
4,4,generator,generator,4.811206e-07,1.6271908e-06,1.3292382e-05,1.1427314e-06,0.9999616,2.5255117e-06,1.9127363e-05,2.2706291e-07
3,3,crowd-noise,crowd-noise,8.011627e-06,7.3628806e-05,0.00015480569,0.99960476,6.339722e-05,2.852366e-05,6.2069346e-05,4.9191053e-06
1,1,community-radio,community-radio,0.0020385073,0.47643661,0.024014162,0.45573112,0.014070957,0.0069345385,0.008941657,0.01183237
6,6,motorvehicle-horn,motorvehicle-horn,0.00800389,0.001079893,0.00052146363,0.0005696881,7.696886e-05,0.00038610783,0.6780855,0.31127656
0,6,car-alarm,motorvehicle-horn,0.031999964,0.0002848941,0.0030150732,0.0017024487,0.00039931785,0.00011787193,0.9526554,0.009825036
7,7,motorvehicle-siren,motorvehicle-siren,0.000109715365,8.522611e-05,0.00031113322,8.973241e-05,1.2308573e-05,1.4838069e-05,0.00028815953,0.999089
4,4,generator,generator,1.8714282e-07,2.374718e-06,4.700368e-06,5.509416e-07,0.9999831,1.8428493e-06,7.1227037e-06,1.4181299e-07
5,5,mobile-music,mobile-music,2.9877588e-06,0.0006027452,1.7469036e-05,3.0017949e-05,4.300797e-06,0.99925095,3.5792073e-05,5.575822e-05
6,6,motorvehicle-horn,motorvehicle-horn,0.024512982,0.027082514,0.00116127,0.013860482,0.00020184882,0.0005299543,0.9297269,0.0029240288
7,7,motorvehicle-siren,motorvehicle-siren,0.005257452,0.032282308,0.0017581707,0.017309738,3.788433e-05,0.009751783,0.00039979958,0.93320286
7,7,motorvehicle-siren,motorvehicle-siren,9.13468e-06,4.82346e-07,9.640846e-07,2.0320728e-07,3.895267e-08,2.7581424e-07,9.62729e-06,0.99997926
4,4,generator,generator,4.9176204e-05,0.0001488174,6.0182283e-05,6.3011544e-06,0.99940264,0.00011423542,0.00018613179,3.2542473e-05
2,2,construction-site,construction-site,4.8821497e-05,0.00017282579,0.9983541,0.00031649592,0.00019021754,0.00056442217,0.00030527817,4.7823396e-05
3,4,crowd-noise,generator,0.002098223,0.02716629,0.12321321,0.06600513,0.7425918,0.006280457,0.028126616,0.0045183
7,7,motorvehicle-siren,motorvehicle-siren,2.9958105e-06,1.8866648e-06,1.7845845e-06,5.311245e-07,2.2293397e-08,5.21828e-07,4.357013e-06,0.99998796
5,5,mobile-music,mobile-music,3.0835704e-06,0.00077462615,8.186142e-06,1.8476596e-05,3.99317e-06,0.99908507,2.4712748e-05,8.186006e-05
5,2,mobile-music,construction-site,0.040099736,0.04185794,0.49936244,0.33508387,0.016957456,0.030153817,0.010705073,0.025779663
4,4,generator,generator,3.6394574e-06,0.00019291538,1.7073182e-05,0.000117320735,0.999326,0.0002654368,5.789051e-05,1.9689513e-05
6,6,motorvehicle-horn,motorvehicle-horn,0.0137595,0.20141804,0.05163416,0.08361113,0.03963487,0.13201721,0.47119683,0.006728227
5,5,mobile-music,mobile-music,2.8395601e-05,0.0011651014,5.6458794e-05,0.00034818018,3.299292e-05,0.99813074,0.0001127473,0.00012532683
4,4,generator,generator,4.2386472e-07,4.9354526e-06,2.6658476e-05,1.8563188e-06,0.9999347,3.941515e-06,2.7103166e-05,3.1464606e-07
1,1,community-radio,community-radio,1.8258103e-06,0.99959666,5.041695e-06,9.951868e-05,3.1397234e-05,0.00022955851,2.1275311e-05,1.4746734e-05
0,0,car-alarm,car-alarm,0.9998443,6.974897e-06,2.2226443e-05,1.0463334e-05,1.0234776e-06,1.703482e-06,4.2251282e-05,7.101041e-05
4,4,generator,generator,1.786407e-05,0.00015685019,9.693136e-05,3.8413673e-05,0.9991955,0.00014367435,0.0001373206,0.0002133561
2,3,construction-site,crowd-noise,0.0003348346,0.0036621292,0.27946195,0.70864314,0.002051808,0.0031677478,0.0011816245,0.0014967321
1,3,community-radio,crowd-noise,0.0007546723,0.02594091,0.019859733,0.61801356,0.0035617475,0.32273006,0.0028352526,0.006304107
0,0,car-alarm,car-alarm,0.9997837,1.0617028e-05,2.7246055e-05,1.6163889e-05,1.5804947e-06,8.372482e-06,3.1396765e-05,0.00012094083
2,2,construction-site,construction-site,0.0006327357,5.713116e-05,0.9802018,0.00092661777,0.0002692332,0.008670618,0.0073801065,0.0018618094
4,4,generator,generator,1.2520532e-06,3.1149844e-05,0.0003125234,2.2879369e-05,0.9995567,1.09110515e-05,6.260938e-05,1.8661517e-06
6,6,motorvehicle-horn,motorvehicle-horn,0.14711839,0.0069891373,0.056215946,0.07451154,0.006178442,0.0100339865,0.6614501,0.037502494
7,7,motorvehicle-siren,motorvehicle-siren,1.2243694e-05,1.5274544e-06,4.41231e-06,1.7471215e-06,4.1062542e-08,2.5974498e-06,1.7803988e-05,0.9999596
0,6,car-alarm,motorvehicle-horn,0.036756948,0.0038595826,0.0043749195,0.011107863,0.00081088487,0.00028891602,0.9182061,0.02459473
7,2,motorvehicle-siren,construction-site,3.232016e-05,5.9700513e-05,0.9959604,0.0004508185,9.430066e-05,7.315518e-05,4.632706e-05,0.0032830758
6,6,motorvehicle-horn,motorvehicle-horn,0.41540956,0.00064951583,0.0032659287,0.0073793135,0.00069599325,0.00029826866,0.5687625,0.0035389771
4,4,generator,generator,0.0103897555,0.014623376,0.048145518,0.019202609,0.69035834,0.0055044834,0.074037984,0.13773794
3,3,crowd-noise,crowd-noise,9.610703e-05,0.011759244,0.00049391214,0.9865948,0.00024199238,0.0003124541,0.00030530084,0.00019619655
6,6,motorvehicle-horn,motorvehicle-horn,0.09030429,0.006512428,0.019980516,0.046800874,0.004192427,0.0026219778,0.8147735,0.014814054
0,0,car-alarm,car-alarm,0.99977666,7.66362e-06,1.5396321e-05,1.6818938e-05,6.7512656e-07,1.4595528e-05,3.0331861e-05,0.0001377354
2,2,construction-site,construction-site,0.00010387339,1.4658412e-05,0.99815995,0.0005464512,1.4733941e-05,6.3353593e-07,4.1423402e-05,0.0011182966
2,2,construction-site,construction-site,3.627066e-06,1.0558988e-06,0.99990916,2.9789104e-05,1.7420039e-06,2.5929222e-07,2.3127664e-06,5.2100728e-05
0,0,car-alarm,car-alarm,0.99946374,3.625253e-06,6.4285105e-06,4.3533e-06,6.852263e-08,5.105644e-06,1.543878e-05,0.00050110556
6,4,motorvehicle-horn,generator,0.018722976,0.0057025207,0.028506758,0.007640687,0.7956868,0.0018725764,0.13812408,0.0037436227
4,2,generator,construction-site,0.000335938,0.070657976,0.38909948,0.1494186,0.33181825,0.05007907,0.002863122,0.005727566
5,5,mobile-music,mobile-music,2.7054564e-05,0.0014085342,0.00014052082,0.00025518567,4.62371e-05,0.9977847,0.00014963101,0.00018810346
1,1,community-radio,community-radio,0.00013928591,0.9105293,0.00024746783,0.036058046,0.001021911,0.04615034,0.0016107148,0.00424297
5,5,mobile-music,mobile-music,0.0013167992,0.008413891,0.08634321,0.004651163,0.001457675,0.89416224,0.0020403487,0.0016146284
1,1,community-radio,community-radio,0.00029544576,0.9931384,5.2203413e-05,0.001879546,0.00022660366,0.0030390783,0.0004670137,0.0009016965
7,6,motorvehicle-siren,motorvehicle-horn,0.29336745,0.010696007,0.026938755,0.0091790315,0.05349253,0.0010950712,0.5445767,0.06065449
1,1,community-radio,community-radio,0.008773767,0.89664394,0.0010099921,0.019998342,0.0021820574,0.0062426734,0.029975427,0.03517376
6,6,motorvehicle-horn,motorvehicle-horn,0.2034479,0.00055620115,0.009299586,0.013186906,0.0042610257,0.00055679743,0.76505935,0.003632221
2,2,construction-site,construction-site,8.773992e-05,0.0014319707,0.9806307,0.0072048386,0.0011233955,0.0070052776,0.0024471688,6.8977686e-05
1,1,community-radio,community-radio,0.0003040318,0.97956455,0.00012261441,0.0064115142,0.0012978056,0.005428012,0.004583132,0.0022883043
3,3,crowd-noise,crowd-noise,0.00018966482,0.008810783,0.020639885,0.9261721,0.0426057,0.00041116177,0.0002700474,0.00090072484
6,6,motorvehicle-horn,motorvehicle-horn,0.0050871745,0.29226166,0.016797028,0.19616117,0.057618372,0.0040690526,0.3862092,0.041796353
3,3,crowd-noise,crowd-noise,0.0001879713,0.00094999716,0.006769271,0.9843354,0.005413403,0.00022820944,0.0017240682,0.00039152306
0,6,car-alarm,motorvehicle-horn,0.11885264,0.00021805703,0.002968967,0.002553972,0.0006456563,9.081962e-05,0.8706097,0.0040601734
0,0,car-alarm,car-alarm,0.9998913,2.824213e-06,1.0592704e-05,7.885985e-06,1.282923e-07,4.8229695e-06,2.8438335e-05,5.4088283e-05
3,3,crowd-noise,crowd-noise,0.00079187204,0.007535831,0.00037367415,0.9876902,2.6336254e-05,0.0007730236,0.00024632973,0.002562781
4,4,generator,generator,0.00020607542,0.0002754692,0.12483133,0.0009338522,0.8677089,0.0026046166,0.0030343372,0.0004054746
6,6,motorvehicle-horn,motorvehicle-horn,0.0058730827,0.0001058699,0.00017780688,0.0012818411,0.0002762992,2.703489e-05,0.99206537,0.00019285112
6,6,motorvehicle-horn,motorvehicle-horn,0.22493106,0.002162043,0.102291085,0.04493171,0.004071794,0.00063331233,0.6163754,0.004603662
3,3,crowd-noise,crowd-noise,6.1312094e-05,0.00011842607,0.0019310967,0.9974322,9.3534814e-05,0.0001299327,0.00019261517,4.0952138e-05
7,7,motorvehicle-siren,motorvehicle-siren,8.040749e-05,0.000894043,0.00039806627,0.0042631584,4.8893507e-06,0.00055903196,0.0001425044,0.9936579
2,2,construction-site,construction-site,0.0014290349,0.002397153,0.7320417,0.005795329,0.00709557,0.18127301,0.0686787,0.0012894493
1,1,community-radio,community-radio,0.00015934453,0.9862248,7.92623e-05,0.0056588342,0.00012232712,0.004443021,0.0011757232,0.0021368042
6,6,motorvehicle-horn,motorvehicle-horn,0.024065161,0.024516786,0.25396994,0.04844165,0.006308869,0.0054324497,0.6310864,0.006178734
4,4,generator,generator,8.486972e-07,0.00020265758,0.00016954959,0.00017415748,0.99939966,1.5536925e-05,2.7169488e-05,1.0472633e-05
3,3,crowd-noise,crowd-noise,1.9038422e-05,4.3544813e-05,0.00016042199,0.99957997,4.5878856e-05,5.1485964e-05,9.332155e-05,6.343009e-06
1,1,community-radio,community-radio,7.369635e-05,0.97904634,5.5360124e-05,0.015743826,0.00027353875,0.0018395454,0.0020649119,0.0009028623
2,2,construction-site,construction-site,2.4446228e-05,0.00015045142,0.998125,0.0003558766,0.0005703517,0.00044170464,0.0002877618,4.4466742e-05
1,5,community-radio,mobile-music,0.0004997115,0.42907083,0.0002913025,0.0023770693,0.0039046796,0.55789983,0.0015778191,0.004378759
6,6,motorvehicle-horn,motorvehicle-horn,0.027004508,0.00064239174,0.0029467146,0.0026654107,0.00040516068,9.5644325e-05,0.95774865,0.00849165
2,2,construction-site,construction-site,8.1000864e-05,0.00015688926,0.9940111,0.0019871464,0.0014753563,2.957622e-05,0.0022248267,3.407304e-05
7,7,motorvehicle-siren,motorvehicle-siren,1.3318645e-05,6.1721166e-06,1.9962465e-05,8.87064e-06,5.461573e-08,1.855209e-06,4.8457787e-06,0.99994504
0,6,car-alarm,motorvehicle-horn,0.3872134,0.00809559,0.00064964435,0.010125077,0.00025862097,0.010633997,0.5731755,0.009848152
1,1,community-radio,community-radio,3.7221773e-06,0.99799913,2.5236834e-05,0.0011539558,9.51641e-05,0.00031009954,0.00031080746,0.00010181342
7,2,motorvehicle-siren,construction-site,0.0002545553,0.0009499985,0.86280406,0.00055579003,0.000925631,0.0009916725,0.05147736,0.08204098
6,6,motorvehicle-horn,motorvehicle-horn,0.16505,0.012396001,0.01995852,0.036523137,0.0069714515,0.003652316,0.7363029,0.019145599
0,6,car-alarm,motorvehicle-horn,0.15226649,0.01656916,0.044993643,0.07785722,0.021090878,0.0011911915,0.68080634,0.005225028
1,1,community-radio,community-radio,0.00048168507,0.97988164,0.00042396248,0.011795305,0.00024426298,0.004891254,0.0014161947,0.0008657104
4,4,generator,generator,3.4078878e-06,0.00016175778,2.1091306e-05,1.0906291e-05,0.99958867,8.367819e-05,0.00012358499,6.8517406e-06
4,6,generator,motorvehicle-horn,0.0036999695,0.3093457,0.05223407,0.14956726,0.03327517,0.030747851,0.34033713,0.08079282
6,6,motorvehicle-horn,motorvehicle-horn,0.008318303,0.00017054324,0.00025370118,0.0019618834,0.0005212811,9.234938e-05,0.9876342,0.0010477422
4,4,generator,generator,0.0004419363,0.00020573684,0.00084932894,0.00040486228,0.99463946,0.0003914478,0.0029769444,9.035262e-05
3,3,crowd-noise,crowd-noise,4.358456e-06,7.787953e-05,0.00018216547,0.9996307,7.656179e-05,1.2225388e-05,1.1866237e-05,4.294749e-06
5,5,mobile-music,mobile-music,1.1871946e-05,0.00085298385,2.2326254e-05,0.00010754463,2.0843925e-05,0.9988668,4.408297e-05,7.365082e-05
6,6,motorvehicle-horn,motorvehicle-horn,0.04399856,0.00061460485,0.0019798721,0.0043359264,0.00077968225,0.00017826086,0.93383455,0.014278494
1,1,community-radio,community-radio,5.5578694e-05,0.99388075,7.008018e-05,0.001511848,0.00043679462,0.003396852,0.0003476628,0.00030046847
6,1,motorvehicle-horn,community-radio,0.03497993,0.24198139,0.116921395,0.23729993,0.061312884,0.065371655,0.22693172,0.015201031
5,6,mobile-music,motorvehicle-horn,0.017049327,0.004948278,0.010772357,0.012313276,0.003222032,0.0012018859,0.9441375,0.006355336
1,1,community-radio,community-radio,5.287369e-06,0.99770206,1.5234458e-05,0.0012643815,6.763077e-05,0.0006933361,0.00019687375,5.5169367e-05
1,1,community-radio,community-radio,7.143935e-06,0.9982907,1.1375796e-05,0.00024455664,0.0001662843,0.0011711332,9.102482e-05,1.7704424e-05
4,4,generator,generator,1.7368674e-07,1.7728232e-06,6.1428113e-06,5.4047484e-07,0.99998367,1.3945206e-06,6.2983454e-06,1.1850034e-07
0,0,car-alarm,car-alarm,0.99948657,4.5031074e-06,9.214724e-06,5.2390574e-06,7.2255006e-08,2.855296e-06,1.5414873e-05,0.00047604681
3,3,crowd-noise,crowd-noise,0.00012751213,0.0032336821,0.010701112,0.9840509,0.0008858231,7.947047e-05,0.0006695378,0.0002519576
1,1,community-radio,community-radio,0.0005554737,0.9671569,0.0010441503,0.007463978,0.0066641793,0.013312905,0.0016933862,0.0021090836
0,0,car-alarm,car-alarm,0.9998487,3.5561918e-06,9.66264e-06,8.162795e-06,1.2023881e-07,6.379736e-06,4.333147e-05,8.001856e-05
1,4,community-radio,generator,0.00012703583,0.23822126,0.00073258515,0.00190283,0.73992586,0.015059693,0.00334707,0.0006837295
2,2,construction-site,construction-site,0.009729035,0.123373665,0.56286246,0.08413883,0.055095483,0.026178991,0.1273309,0.011290696
6,1,motorvehicle-horn,community-radio,0.0004903541,0.6077854,0.21172844,0.031665407,0.023075037,0.018815264,0.10491261,0.0015274682
3,2,crowd-noise,construction-site,0.0017604847,0.025308454,0.61228466,0.29418343,0.03437578,0.012319201,0.016955366,0.002812593
3,3,crowd-noise,crowd-noise,0.19224805,0.04795373,0.19139494,0.4366089,0.043453626,0.034345254,0.016316617,0.037678875
6,6,motorvehicle-horn,motorvehicle-horn,0.019909507,0.0014952318,0.002809598,0.006312378,0.0012121107,0.000104535975,0.95578414,0.012372423
2,2,construction-site,construction-site,7.356013e-05,0.0001962206,0.9969862,0.0021577557,0.00030773185,5.8643614e-05,0.00012374793,9.616071e-05
4,4,generator,generator,1.3068986e-06,0.0006690208,0.00093564595,0.0002904793,0.99709344,2.3598925e-05,0.00097288867,1.3546011e-05
7,7,motorvehicle-siren,motorvehicle-siren,2.3047696e-05,2.4164824e-06,5.683098e-06,2.273557e-06,1.8560894e-07,2.0604125e-06,3.0663527e-05,0.9999336
3,3,crowd-noise,crowd-noise,2.4127303e-06,7.758175e-05,0.00017574191,0.9996661,6.1255094e-05,6.8438208e-06,7.3824604e-06,2.7239562e-06
5,5,mobile-music,mobile-music,0.00029491313,0.019969268,0.0017357751,0.0037081745,0.00028357026,0.9713135,0.00093493756,0.0017598256
4,4,generator,generator,4.345037e-08,4.980508e-06,1.5933902e-05,1.945739e-06,0.9999641,5.233628e-06,6.9950247e-06,8.1414186e-07
4,4,generator,generator,0.00025970585,0.0004897533,0.21032509,0.000724134,0.7147284,0.0015237414,0.07092651,0.0010225833
6,6,motorvehicle-horn,motorvehicle-horn,0.004157725,0.0007887041,0.0063256714,0.0023555788,0.0062176664,0.0012898796,0.8635073,0.11535745
0,0,car-alarm,car-alarm,0.99820364,2.897158e-05,0.0003109064,4.173897e-05,2.7032763e-06,7.4088525e-06,0.0003239495,0.0010806373
0,0,car-alarm,car-alarm,0.9997627,5.7540706e-06,7.721173e-06,6.5417476e-06,7.837806e-08,2.87789e-06,1.3511128e-05,0.00020082979
4,4,generator,generator,2.7954292e-07,2.6517719e-06,1.3609875e-05,1.1566739e-06,0.9999684,2.9887349e-06,1.0766852e-05,2.0786155e-07
7,7,motorvehicle-siren,motorvehicle-siren,5.715623e-06,1.3803912e-06,2.8562e-06,1.2134659e-06,2.2139156e-08,7.6830776e-07,3.878609e-06,0.99998415
4,4,generator,generator,9.1481354e-07,3.151352e-05,1.16489555e-05,2.5871793e-06,0.99991345,1.7773464e-05,1.735388e-05,4.717604e-06
2,2,construction-site,construction-site,4.2885207e-05,0.00015839262,0.99780065,0.00026184606,0.00029584102,0.00062762084,0.0007132391,9.94948e-05
7,7,motorvehicle-siren,motorvehicle-siren,3.6785677e-05,2.2513636e-06,8.080175e-05,5.0394237e-06,2.416531e-08,9.56607e-07,6.205914e-06,0.9998679
5,5,mobile-music,mobile-music,0.0010120183,0.06809439,0.00036201972,0.020662576,0.0019292716,0.89800245,0.008071881,0.0018653681
6,6,motorvehicle-horn,motorvehicle-horn,0.17786519,0.004256607,0.035450246,0.017200636,0.005824302,0.004571008,0.7251811,0.02965092
6,6,motorvehicle-horn,motorvehicle-horn,0.021631889,0.0027213488,0.010750474,0.002332455,0.013402584,0.0002253872,0.85948044,0.089455314
0,0,car-alarm,car-alarm,0.99707925,2.0561944e-05,0.00012259581,2.6309013e-05,6.386307e-06,1.242573e-05,0.00091578753,0.0018166613
0,6,car-alarm,motorvehicle-horn,0.41784748,0.00078514713,0.0040591666,0.0056623644,0.0012363117,0.0001750457,0.5646664,0.0055681053
3,1,crowd-noise,community-radio,0.00022122981,0.7309516,0.0012188725,0.25412947,0.0070136255,0.0008686405,0.0021662326,0.0034303393
1,1,community-radio,community-radio,0.000364243,0.9738957,0.0028814476,0.0037375502,0.005183325,0.011352675,0.0015589063,0.0010260831
6,6,motorvehicle-horn,motorvehicle-horn,0.018231226,0.0011697016,0.0049824393,0.0036446555,0.0029740515,0.00028387693,0.88605857,0.082655534
0,0,car-alarm,car-alarm,0.9994299,1.4203359e-05,5.4892917e-05,2.0572836e-05,2.2094732e-06,1.4001143e-05,0.0001644058,0.00029970557
4,4,generator,generator,0.00062375213,0.030989269,0.33333012,0.14923756,0.46375698,0.005265467,0.015471274,0.001325575
4,4,generator,generator,7.782812e-06,0.0003472226,4.90772e-06,8.877559e-06,0.9992705,0.000108482396,0.00023007463,2.2209682e-05
3,3,crowd-noise,crowd-noise,2.188748e-05,5.4162832e-05,0.00022674096,0.9993882,5.2099662e-05,0.00019042476,6.144598e-05,5.04061e-06
2,2,construction-site,construction-site,2.1603586e-05,0.00030171784,0.99874735,0.00031199382,0.00023342822,0.00031303187,3.07438e-05,4.010443e-05
0,6,car-alarm,motorvehicle-horn,0.39494783,0.00018524354,0.0038076243,0.004237833,0.00086082803,9.6956814e-05,0.59192944,0.0039342763
3,3,crowd-noise,crowd-noise,0.0007300554,0.27996486,0.002937084,0.67416626,0.0053627053,0.028936274,0.0068707364,0.001031978
1,1,community-radio,community-radio,6.807832e-06,0.9986461,1.19910155e-05,0.0006740636,7.402455e-05,0.0004125788,0.000105568004,6.8973466e-05
4,4,generator,generator,0.0038832033,0.050331246,0.0571961,0.01774964,0.61589307,0.07200628,0.17688023,0.006060311
1,1,community-radio,community-radio,1.1559871e-05,0.9903882,7.809096e-05,0.00031514838,0.0028825458,0.0037274624,0.0008815598,0.0017154643
2,1,construction-site,community-radio,0.024817836,0.52318984,0.05007,0.07797831,0.023136824,0.020680267,0.21142319,0.06870371
3,3,crowd-noise,crowd-noise,1.34795055e-05,2.2285176e-05,0.0001584518,0.999713,1.6733093e-05,4.5019227e-05,2.8489316e-05,2.4907292e-06
4,4,generator,generator,2.81169e-07,1.01630485e-05,1.9846213e-06,6.1892143e-07,0.99996436,8.4539315e-06,9.770754e-06,4.330605e-06
3,6,crowd-noise,motorvehicle-horn,0.04355619,0.033660267,0.24842182,0.21886891,0.08052601,0.0058152284,0.34790796,0.021243693
2,2,construction-site,construction-site,9.724346e-06,2.9902318e-05,0.99332124,0.0012133648,7.91511e-06,6.1688916e-06,5.0196563e-06,0.0054066516
1,1,community-radio,community-radio,2.3160723e-05,0.9939322,0.00080670405,0.0025355362,0.0005357315,0.0014199344,0.00069219805,5.460262e-05
5,5,mobile-music,mobile-music,4.870919e-06,0.0031245209,4.682106e-06,1.3303424e-05,8.540803e-07,0.9967146,2.1991591e-05,0.000115081966
6,6,motorvehicle-horn,motorvehicle-horn,0.14896391,0.0005777891,0.0022189324,0.009820646,0.0006827246,0.00041968262,0.8333898,0.0039265202
5,5,mobile-music,mobile-music,2.2235685e-05,0.0037759517,6.887792e-05,0.0008355628,0.00048800692,0.9945017,8.0073325e-05,0.0002276719
4,4,generator,generator,0.00032460803,0.00027171595,0.00050527375,0.0003565074,0.9937862,0.0014989525,0.0031405117,0.0001162195
6,6,motorvehicle-horn,motorvehicle-horn,0.076575816,0.31750283,0.004215037,0.2029333,0.0012735983,0.006570741,0.35825098,0.03267768
5,1,mobile-music,community-radio,0.00018379466,0.65160716,0.00023314192,0.006123872,0.00022527433,0.33733633,0.001343342,0.0029470678
4,4,generator,generator,3.4705099e-07,4.6669497e-06,4.980247e-06,1.0864926e-06,0.99996996,6.0612233e-06,1.26738105e-05,2.575913e-07
3,3,crowd-noise,crowd-noise,0.010005369,0.04226189,0.11280855,0.8121382,0.0062141214,0.007507459,0.0035384316,0.0055259713
6,6,motorvehicle-horn,motorvehicle-horn,0.25386226,0.0062162234,0.022287283,0.038532972,0.003533901,0.0024731972,0.6620791,0.011015096
3,3,crowd-noise,crowd-noise,0.00027461222,0.002912216,7.9697296e-05,0.99441,4.9227518e-05,0.0018692099,0.00020105916,0.00020407156
4,4,generator,generator,9.4997444e-07,1.5673406e-05,0.00016242672,9.550955e-06,0.9995252,1.8335639e-05,0.00026356312,4.31174e-06
7,7,motorvehicle-siren,motorvehicle-siren,2.2490649e-05,3.705037e-07,1.1324753e-05,5.468358e-07,4.6070348e-08,7.629169e-08,2.9327517e-05,0.99993575
0,0,car-alarm,car-alarm,0.99974984,9.554769e-06,2.7777569e-05,2.7082293e-05,1.571626e-06,1.1785589e-05,6.159315e-05,0.00011074297
1,1,community-radio,community-radio,0.0004722866,0.8345996,0.0002128334,0.006613269,0.00054078596,0.14315435,0.009579638,0.0048273485
2,2,construction-site,construction-site,0.00037416923,0.0019418414,0.98366964,0.0022873075,0.0091983015,0.00095631153,0.0009342619,0.0006381426
0,0,car-alarm,car-alarm,0.99867284,4.581266e-05,0.00050894945,0.00013929025,2.8354923e-06,3.6641806e-05,0.00016077376,0.00043280568
4,4,generator,generator,5.395985e-07,2.1286662e-05,9.979408e-06,2.249597e-06,0.99993825,9.535677e-06,1.738547e-05,6.325818e-07
4,4,generator,generator,9.3961864e-07,4.8829247e-06,2.6788122e-05,2.50537e-06,0.9999186,7.0908854e-06,3.8595907e-05,5.305571e-07
1,1,community-radio,community-radio,7.089205e-05,0.9887622,0.00038078302,0.0053828396,0.00027570376,0.0005159025,0.001997883,0.0026137782
7,7,motorvehicle-siren,motorvehicle-siren,7.617568e-06,1.0550594e-06,4.4367207e-06,8.221303e-07,1.6546101e-08,2.458648e-07,4.0787477e-06,0.99998176
1,1,community-radio,community-radio,0.0001580025,0.9086405,0.028335882,0.009560132,0.008575975,0.038867906,0.005122517,0.0007390647
1,6,community-radio,motorvehicle-horn,0.007933304,0.012050389,0.0069504823,0.018234845,0.0029091288,0.0016586913,0.9230859,0.027177254
1,5,community-radio,mobile-music,0.004719456,0.0462335,0.0014790493,0.40706876,0.0081133265,0.5202757,0.00791172,0.0041983905
6,2,motorvehicle-horn,construction-site,0.0020230766,0.007151147,0.86275595,0.045205165,0.033449315,0.0045481515,0.04393185,0.00093534647
7,7,motorvehicle-siren,motorvehicle-siren,5.430207e-05,5.8139744e-06,1.4495491e-05,6.989776e-06,7.182906e-07,5.4477514e-06,0.00014277233,0.9997695
3,3,crowd-noise,crowd-noise,0.00021849366,0.00073068874,0.035111222,0.96112704,0.0010402963,0.0003927522,0.0011784292,0.00020105211
0,0,car-alarm,car-alarm,0.85523146,0.0006127521,0.0029951013,0.0123200305,0.0007913302,0.0016988537,0.12289316,0.003457329
1,1,community-radio,community-radio,0.0015182032,0.8432461,0.0064279134,0.02753838,0.034481652,0.04682071,0.0364248,0.003542269
6,6,motorvehicle-horn,motorvehicle-horn,0.2500848,0.0021746226,0.0074268086,0.008675803,0.0009087742,0.00023504143,0.7175335,0.01296064
1,1,community-radio,community-radio,0.0018033221,0.95559865,0.001250199,0.016844684,0.0026330953,0.0054767528,0.011350791,0.0050424794
1,1,community-radio,community-radio,4.6874582e-05,0.9951308,8.215189e-05,0.002045732,0.00018188896,0.0017037266,0.00060292083,0.00020590915
2,2,construction-site,construction-site,2.8318316e-05,0.000120461875,0.9954739,0.0005524796,0.0017737637,0.0015374041,0.0004907498,2.2843138e-05
6,6,motorvehicle-horn,motorvehicle-horn,0.010191625,0.00025443535,0.000666171,0.0015023961,6.4951564e-05,4.033207e-05,0.98622155,0.0010586939
5,5,mobile-music,mobile-music,5.2695705e-05,0.19284749,6.328528e-05,0.0019517774,0.00010734893,0.8023359,0.0020361603,0.00060537644
2,7,construction-site,motorvehicle-siren,0.0001674463,3.6865385e-05,0.07909566,0.00013980191,4.4180592e-06,4.737229e-06,0.00053952367,0.9200115
0,0,car-alarm,car-alarm,0.9998572,3.6044303e-06,6.1788533e-06,8.032916e-06,9.7078605e-08,5.8788514e-06,2.9711635e-05,8.9301284e-05
7,6,motorvehicle-siren,motorvehicle-horn,0.08465157,0.005719492,0.00817411,0.022082064,0.004953075,0.00039180912,0.86005706,0.013970805
4,4,generator,generator,9.903996e-07,1.22833435e-05,5.5136743e-06,1.2746536e-06,0.99995315,7.676333e-06,1.616962e-05,2.9787557e-06
6,6,motorvehicle-horn,motorvehicle-horn,0.04207511,0.023580566,0.069523335,0.03189035,0.037498254,0.009250169,0.75899,0.027192207
5,5,mobile-music,mobile-music,0.00012103944,0.0055370885,2.5173178e-05,0.00017936897,4.1777643e-05,0.9898851,0.0014991115,0.0027113862
6,6,motorvehicle-horn,motorvehicle-horn,0.05669739,0.03817406,0.055294253,0.09501399,0.0030614054,0.0030616755,0.720532,0.028165285
5,5,mobile-music,mobile-music,1.08564045e-05,0.0008652534,3.558554e-05,0.0002328405,2.9004797e-05,0.9986469,7.254633e-05,0.00010700028
2,2,construction-site,construction-site,0.00013386463,0.0040829484,0.9830306,0.0054186955,0.003250695,0.0006169634,0.003227236,0.00023904837
3,3,crowd-noise,crowd-noise,1.0153464e-05,7.409899e-05,0.00014401843,0.9996151,5.3302934e-05,6.214699e-05,3.587087e-05,5.3275103e-06
5,5,mobile-music,mobile-music,0.0009915656,0.036914524,0.011983525,0.017807346,0.0027864724,0.90629786,0.020949353,0.0022693214
6,2,motorvehicle-horn,construction-site,0.0027918124,0.00011952024,0.97997725,0.0007542963,0.00019504678,0.0035042942,0.01146977,0.0011879961
3,3,crowd-noise,crowd-noise,5.662927e-06,2.5762214e-05,7.830434e-05,0.99983406,1.7302003e-05,1.17237905e-05,2.5059651e-05,2.033293e-06
2,2,construction-site,construction-site,0.000114939976,6.964511e-05,0.9930952,0.00081638026,0.0006214918,0.002382815,0.0026836402,0.00021575102
6,6,motorvehicle-horn,motorvehicle-horn,0.07489257,0.0008210384,0.0017397826,0.006625065,0.000545387,0.00026488016,0.910914,0.0041972212
0,0,car-alarm,car-alarm,0.9960179,4.2360716e-05,4.0797117e-05,1.1588797e-05,1.9263751e-07,2.7376467e-05,3.276946e-05,0.0038269504
2,2,construction-site,construction-site,0.00022098963,0.0002963727,0.98968315,0.0007920062,0.0011972738,0.0063320515,0.0011921519,0.00028598346
1,2,community-radio,construction-site,0.0006846197,0.014527144,0.9108679,0.05105313,0.015934156,0.0007713295,0.0052698436,0.0008919251
5,3,mobile-music,crowd-noise,7.922472e-05,0.25094694,0.0013726474,0.418213,0.00139103,0.3242903,0.0018670396,0.0018397731
5,5,mobile-music,mobile-music,6.5374406e-06,0.001123581,1.3451286e-05,9.4885494e-05,1.3244778e-05,0.9986473,3.9397997e-05,6.16502e-05
4,4,generator,generator,5.7526548e-05,0.0001236607,0.0003315176,6.801011e-05,0.99813986,0.00014581942,0.0010836483,5.0081944e-05
2,5,construction-site,mobile-music,2.4828649e-05,0.0012479778,0.023095906,0.00046809058,0.00091124815,0.97229517,0.0018045165,0.00015228026
2,2,construction-site,construction-site,1.7058668e-05,1.09142575e-05,0.9995129,5.3997373e-05,0.00027368465,1.44001715e-05,0.00011042222,6.539614e-06
1,1,community-radio,community-radio,0.00043364405,0.959984,6.784479e-05,0.007929451,0.00016486889,0.029569827,0.0004936616,0.0013567302
1,1,community-radio,community-radio,8.299701e-06,0.9988992,6.5567806e-06,0.00015542,3.5319794e-05,0.0007194362,4.046782e-05,0.0001352213
7,7,motorvehicle-siren,motorvehicle-siren,4.419489e-05,1.9878808e-05,0.0024403993,9.251794e-05,4.9921346e-07,3.3229505e-06,1.7595095e-05,0.9973816
4,4,generator,generator,1.4296937e-06,4.8373017e-06,1.5153424e-05,1.9704219e-06,0.9999298,6.2064637e-06,3.9967235e-05,6.6225886e-07
7,1,motorvehicle-siren,community-radio,0.00028886768,0.95322436,0.00025069772,0.007663161,0.0010615863,0.02106776,0.006596872,0.00984672
1,1,community-radio,community-radio,8.2460665e-06,0.9983725,8.500662e-06,0.00016559476,0.00030100686,0.0010091318,4.9985905e-05,8.508705e-05
1,1,community-radio,community-radio,0.0004969281,0.94928485,0.0007100873,0.01751232,0.0010095229,0.023771869,0.0051883096,0.0020261963
0,0,car-alarm,car-alarm,0.99972504,7.666652e-06,2.8156188e-05,1.5252047e-05,2.749225e-07,3.3139843e-06,3.855713e-05,0.00018173791
0,0,car-alarm,car-alarm,0.9998091,4.8966585e-06,7.206152e-06,6.172502e-06,7.3319e-08,2.111102e-06,1.3606073e-05,0.00015682096
1,1,community-radio,community-radio,3.6991548e-06,0.99823344,1.4449397e-06,5.959274e-05,0.00018950838,0.0014623543,1.4931612e-05,3.4993565e-05
4,4,generator,generator,1.2783703e-05,9.873931e-06,0.00024026693,2.9139157e-05,0.9996227,2.2707494e-05,6.133761e-05,1.2319452e-06
3,3,crowd-noise,crowd-noise,1.0707052e-05,0.00010616046,0.0001860335,0.9994677,9.015385e-05,4.7567362e-05,8.570728e-05,6.050817e-06
7,7,motorvehicle-siren,motorvehicle-siren,0.0021950228,0.0049677584,0.051760737,0.0027401412,0.0019426463,0.0008026518,0.013909681,0.92168134
3,3,crowd-noise,crowd-noise,0.0068637133,0.23214968,0.0964092,0.6061482,0.0042742477,0.0016474669,0.04175145,0.010756038
4,4,generator,generator,0.00012493534,0.43859062,0.004574574,0.021328483,0.49502486,0.03832362,0.0008518096,0.0011810573
0,5,car-alarm,mobile-music,0.0005972045,0.1971124,0.0014452887,0.013871364,0.0024335533,0.7790353,0.002668893,0.0028361368
0,0,car-alarm,car-alarm,0.999777,1.505593e-05,1.3961397e-05,1.6594977e-05,8.201602e-07,3.3627366e-06,3.993777e-05,0.00013329793
5,5,mobile-music,mobile-music,1.4322527e-05,0.20863089,0.00029741807,0.0010202499,0.0023996804,0.78718936,0.000102895756,0.00034523447
4,4,generator,generator,5.131383e-05,0.00019939042,1.3533343e-05,1.5990094e-05,0.9989894,6.39805e-05,0.00043283988,0.00023361087
7,7,motorvehicle-siren,motorvehicle-siren,6.561731e-05,1.6906754e-06,2.356983e-06,3.5358067e-07,1.8312681e-08,5.779703e-06,3.6790672e-05,0.99988735
1,1,community-radio,community-radio,1.4738636e-05,0.9744912,1.25495735e-05,0.0011063723,0.00041033045,0.023621604,0.00019445199,0.00014878782
7,7,motorvehicle-siren,motorvehicle-siren,6.255186e-05,4.653451e-06,1.6262617e-05,5.8308437e-06,4.5700892e-07,2.7328772e-06,7.599153e-05,0.99983144
2,2,construction-site,construction-site,0.03731074,0.018805843,0.46027425,0.09904809,0.07322045,0.008859757,0.2922003,0.010280588
5,5,mobile-music,mobile-music,1.5251882e-06,0.00038653243,3.6424776e-06,2.2456872e-05,3.3535664e-06,0.99954873,1.3490677e-05,2.0237616e-05
5,5,mobile-music,mobile-music,0.00017879508,0.0029227897,0.00039089654,0.006660488,0.00033541184,0.9880436,0.00080735027,0.00066062226
3,3,crowd-noise,crowd-noise,2.4041712e-05,0.05079443,5.5188804e-05,0.9472362,7.643123e-05,0.0013525212,0.00029532285,0.00016592516
6,6,motorvehicle-horn,motorvehicle-horn,0.043507036,0.008943999,0.4049779,0.011787512,0.034097802,0.0055324584,0.46645632,0.02469702
6,6,motorvehicle-horn,motorvehicle-horn,0.096254535,0.00037935172,0.001791982,0.0047110682,0.00060160394,0.00010709464,0.89347225,0.0026820786
7,7,motorvehicle-siren,motorvehicle-siren,5.728079e-05,1.5631304e-05,0.00032266646,2.8186729e-05,9.674876e-08,6.5586437e-07,6.8102368e-06,0.9995685
6,6,motorvehicle-horn,motorvehicle-horn,0.07222484,0.033269458,0.050257087,0.04158055,0.012677297,0.0075034606,0.7076202,0.07486707
4,4,generator,generator,9.069453e-07,1.0287691e-05,4.7576657e-05,5.0245135e-06,0.9998584,2.4421352e-05,5.2270225e-05,1.0661681e-06
2,2,construction-site,construction-site,0.00027159177,0.00066105684,0.9890085,0.004657168,0.002774948,0.0012079607,0.00106587,0.00035291855
4,4,generator,generator,2.9121843e-06,3.6944417e-05,5.901902e-06,2.0780371e-06,0.9998118,6.330244e-05,6.776577e-05,9.349639e-06
6,6,motorvehicle-horn,motorvehicle-horn,0.05376069,0.07395169,0.0034722642,0.0134613095,0.0074656876,0.0046562906,0.6690961,0.17413586
0,0,car-alarm,car-alarm,0.9995963,4.896214e-06,7.2393236e-06,7.1516542e-06,1.1271945e-07,5.240232e-06,2.0324263e-05,0.0003587557
4,4,generator,generator,2.9187347e-06,1.5108149e-05,4.840076e-06,1.1452046e-06,0.9999052,2.2607566e-05,4.512598e-05,3.0965143e-06
3,3,crowd-noise,crowd-noise,0.00023780088,0.001709992,0.019478446,0.9762439,0.0008367654,0.0001977928,0.000736058,0.0005592751
6,6,motorvehicle-horn,motorvehicle-horn,0.18857148,0.0025359534,0.050199058,0.08058241,0.05882348,0.0017303664,0.6038248,0.013732468
3,3,crowd-noise,crowd-noise,3.5324208e-06,0.00010421889,0.00025300414,0.9995468,6.415219e-05,1.642643e-05,8.828564e-06,2.9482526e-06
4,4,generator,generator,0.00029637205,0.005870213,0.010318689,0.0018668836,0.9522365,0.00861275,0.010378141,0.010420528
0,0,car-alarm,car-alarm,0.998613,9.275256e-05,0.00035454534,0.00044892007,1.5415124e-05,3.281423e-05,6.930032e-05,0.00037329798
1,0,community-radio,car-alarm,0.39877915,0.053017613,0.0078101084,0.045472264,0.014511227,0.3771263,0.075808875,0.02747444
2,2,construction-site,construction-site,1.1652506e-05,1.1518063e-06,0.99929535,1.7490765e-05,1.1620418e-06,6.5362667e-07,1.1467116e-05,0.0006610285
2,2,construction-site,construction-site,7.132529e-06,7.443565e-05,0.99869114,0.0005171352,0.0005597546,2.4385467e-05,0.00011587051,1.0144843e-05
3,3,crowd-noise,crowd-noise,0.020385027,0.028910311,0.066552676,0.7482605,0.09038055,0.004444436,0.004667523,0.03639901
3,6,crowd-noise,motorvehicle-horn,0.08698758,0.024865536,0.0754778,0.052034464,0.0326263,0.0062097474,0.69590527,0.025893284
1,1,community-radio,community-radio,0.0056461934,0.61346865,0.00976053,0.057388026,0.012673487,0.03916087,0.23657498,0.025327263
4,4,generator,generator,8.293924e-07,1.9512858e-05,2.749562e-06,4.9903247e-07,0.99988234,4.9334183e-05,4.217137e-05,2.5863442e-06
0,0,car-alarm,car-alarm,0.9998796,3.0114545e-06,7.999222e-06,7.328154e-06,1.09752925e-07,5.0491567e-06,2.5319156e-05,7.145959e-05
4,4,generator,generator,9.792484e-06,0.00012497616,9.530807e-05,2.9104292e-05,0.999368,0.00016904951,0.00019690482,6.8121044e-06
0,0,car-alarm,car-alarm,0.9613632,5.529892e-05,6.326384e-05,7.452737e-05,3.7768996e-07,1.4248848e-05,8.051079e-05,0.03834863
6,4,motorvehicle-horn,generator,0.002552843,0.011352792,0.03610996,0.019527549,0.8664048,0.007189635,0.053892165,0.0029702745
6,5,motorvehicle-horn,mobile-music,0.013382248,0.029341979,0.034317296,0.1905524,0.10892049,0.5819587,0.03959905,0.001927866
3,3,crowd-noise,crowd-noise,0.00016605099,0.0012806181,0.045197688,0.9521222,0.00025161388,0.00025036177,0.00060553156,0.00012583412
1,1,community-radio,community-radio,0.0013318877,0.7637819,0.013909527,0.050166346,0.007351076,0.044647466,0.09249096,0.026320858
0,0,car-alarm,car-alarm,0.9722367,0.0028369338,0.0004916661,0.0038874892,0.00010897238,0.00050432835,0.016610088,0.0033238174
4,4,generator,generator,1.9209424e-06,5.1556285e-06,2.4553943e-05,3.4613915e-06,0.9998753,6.2820363e-06,8.2399565e-05,9.280773e-07
7,7,motorvehicle-siren,motorvehicle-siren,0.00096200575,0.00019687854,9.14006e-05,4.374626e-05,8.130722e-06,2.844816e-05,0.00061573327,0.99805367
3,2,crowd-noise,construction-site,0.0013381811,0.029473906,0.4206345,0.4195572,0.07264038,0.005536235,0.0013382819,0.049481295
0,0,car-alarm,car-alarm,0.9993742,4.142233e-05,0.000113384085,7.517989e-05,9.119946e-06,3.723172e-05,9.42557e-05,0.0002551782
3,3,crowd-noise,crowd-noise,8.817508e-05,0.0009593952,0.006291928,0.9922655,8.757171e-05,1.9844872e-05,0.00023066638,5.6840658e-05
3,3,crowd-noise,crowd-noise,1.1445113e-05,6.9512826e-05,0.00014500116,0.999592,5.75043e-05,4.9460272e-05,6.819771e-05,6.8705954e-06
2,2,construction-site,construction-site,0.00019331733,0.004662533,0.9797417,0.011779306,0.001513324,0.00058610627,0.001202159,0.00032166368
1,1,community-radio,community-radio,6.7406814e-05,0.9907575,7.977756e-05,0.006077584,0.00029681777,0.0012512696,0.0010159952,0.0004536457
4,4,generator,generator,1.1811371e-06,1.5820782e-05,6.310202e-05,6.7281294e-06,0.9998528,1.5317424e-05,4.4108776e-05,1.0224327e-06
1,1,community-radio,community-radio,2.2682734e-06,0.99836844,3.7245775e-06,0.00013681117,0.0007145378,0.00074048096,1.4286236e-05,1.9497384e-05
1,1,community-radio,community-radio,1.5050059e-05,0.99643123,6.150774e-06,0.00093307695,6.443765e-05,0.0021719157,0.00031286338,6.5136875e-05
1,4,community-radio,generator,0.0017528734,0.18706158,0.0076074153,0.37273136,0.37487432,0.05164798,0.001089147,0.003235294
3,3,crowd-noise,crowd-noise,7.825336e-06,3.8074464e-05,0.000118739845,0.9997392,2.8981689e-05,2.5198444e-05,3.7566988e-05,4.388833e-06
6,5,motorvehicle-horn,mobile-music,0.034954544,0.0810382,0.015051399,0.011127529,0.017274948,0.5203115,0.28753108,0.032710858
2,2,construction-site,construction-site,0.0014597132,0.0014253265,0.8486387,0.008251435,0.10600622,0.00094089814,0.031071028,0.0022067176
3,3,crowd-noise,crowd-noise,0.00016988507,0.006974903,0.00067159964,0.98879844,0.0011815111,0.0016224978,0.00046103314,0.00012011162
6,6,motorvehicle-horn,motorvehicle-horn,0.01843308,0.0042857314,0.0014522555,0.003371846,0.00082955504,0.0011448378,0.8057234,0.16475919
5,1,mobile-music,community-radio,0.0011812666,0.91444886,0.0015903336,0.05492216,0.0012273269,0.013781605,0.007109845,0.0057386267
2,2,construction-site,construction-site,1.8582963e-06,1.0626391e-06,0.9998921,8.2520164e-05,4.7821286e-06,8.35963e-07,5.6055355e-06,1.1171906e-05
7,7,motorvehicle-siren,motorvehicle-siren,7.3506e-06,2.5003908e-06,1.1301095e-05,6.308091e-07,6.514257e-08,1.5073961e-06,8.4416615e-06,0.9999682
6,1,motorvehicle-horn,community-radio,0.082292594,0.5411458,0.054504503,0.06894286,0.049492013,0.01839371,0.17607813,0.0091504
2,2,construction-site,construction-site,0.00017265906,1.6236385e-05,0.9956109,0.00047841846,0.00012736983,0.0017745211,0.0017320429,8.796664e-05
0,6,car-alarm,motorvehicle-horn,0.42362922,0.0012171601,0.029923016,0.017764714,0.00855225,0.0021118026,0.51270896,0.0040928232
6,6,motorvehicle-horn,motorvehicle-horn,0.2442294,0.0054473854,0.029272161,0.028675314,0.00422334,0.0006621026,0.6782987,0.009191602
4,6,generator,motorvehicle-horn,0.060042836,0.02469561,0.1945142,0.2209171,0.043509,0.008413061,0.43727785,0.010630297
4,4,generator,generator,2.1142715e-07,6.219469e-06,4.7624376e-06,8.115187e-07,0.9999784,2.472448e-06,6.7687956e-06,2.1623303e-07
7,7,motorvehicle-siren,motorvehicle-siren,1.7237553e-05,4.9885866e-06,1.1273904e-05,3.249186e-06,1.2299509e-07,5.2390697e-06,2.666525e-05,0.9999312
3,3,crowd-noise,crowd-noise,0.0006847467,0.008303899,0.019203926,0.94982713,0.0077712494,0.008061035,0.0044902116,0.0016577392
1,1,community-radio,community-radio,7.31863e-05,0.62643516,0.001498333,0.0021611415,0.00079219224,0.36559194,0.002833687,0.00061440904
0,0,car-alarm,car-alarm,0.9997352,9.692347e-06,3.3713768e-05,1.9611316e-05,9.0217634e-07,1.6526681e-06,7.9081634e-05,0.00012014453
2,2,construction-site,construction-site,0.00010524819,0.0009008096,0.9887965,0.005653044,0.0024056411,0.0011914099,0.0007402968,0.00020709494
1,0,community-radio,car-alarm,0.354631,0.32764614,0.006112996,0.06710055,0.0067402534,0.12807962,0.06376082,0.045928586
5,5,mobile-music,mobile-music,2.517874e-06,0.00017407838,1.2515903e-05,2.324199e-05,2.0578293e-06,0.99971956,3.695972e-05,2.8984186e-05
3,3,crowd-noise,crowd-noise,5.114434e-06,0.0001046508,0.0009999266,0.9987184,6.85269e-05,8.409906e-05,1.2285704e-05,7.138126e-06
3,3,crowd-noise,crowd-noise,0.0009740216,0.017587397,0.0020067033,0.95635,0.0036836166,0.018175501,0.00052667136,0.0006960222
5,5,mobile-music,mobile-music,2.8884278e-05,0.0020494957,0.00012388031,0.00024073962,5.8376067e-05,0.9969778,0.00028278006,0.00023794922
1,1,community-radio,community-radio,7.6141194e-05,0.99080956,0.0002801884,0.004092491,0.00023468088,0.002127349,0.0017532781,0.00062630256
7,7,motorvehicle-siren,motorvehicle-siren,5.9257095e-06,3.078366e-06,5.4065844e-05,2.1321202e-06,2.783717e-08,7.9522886e-07,3.7171897e-06,0.99993026
1,1,community-radio,community-radio,0.000677819,0.953886,0.00061410473,0.0046553686,0.00072023174,0.032278743,0.004573808,0.0025939164
0,6,car-alarm,motorvehicle-horn,0.1609404,0.016165808,0.009770372,0.041574426,0.0028940374,0.005977312,0.7436013,0.019076377
3,3,crowd-noise,crowd-noise,6.6272064e-06,3.897422e-05,8.8702494e-05,0.9997756,3.3192107e-05,2.1853342e-05,3.2445147e-05,2.658912e-06
7,7,motorvehicle-siren,motorvehicle-siren,0.0005736157,0.00029483423,0.0037520987,0.00015755954,4.320189e-06,6.851372e-05,0.000109585526,0.9950395
5,5,mobile-music,mobile-music,1.5321847e-06,0.0002812274,5.7847374e-06,1.543475e-05,2.096094e-06,0.9996556,1.5083761e-05,2.3205732e-05
0,0,car-alarm,car-alarm,0.9993537,7.968138e-06,8.932738e-06,6.71706e-06,9.19809e-08,7.775447e-06,1.6740116e-05,0.0005981065
3,3,crowd-noise,crowd-noise,0.024875578,0.043013446,0.32000294,0.44477403,0.005724496,0.013662296,0.032987066,0.1149602
7,7,motorvehicle-siren,motorvehicle-siren,9.466968e-06,2.6271325e-06,3.313713e-05,9.849587e-07,1.5927033e-07,1.8147867e-07,1.5005233e-05,0.99993837
5,5,mobile-music,mobile-music,2.914683e-06,0.00081008644,3.329571e-06,3.7591697e-05,3.8976364e-06,0.9990658,3.5011257e-05,4.1349325e-05
3,3,crowd-noise,crowd-noise,7.8986064e-05,0.0007968923,0.028045375,0.96902657,0.0008649751,0.00040188554,0.00033130415,0.0004539904
2,2,construction-site,construction-site,2.9130953e-05,0.00024277891,0.9966878,0.0021242271,0.00045888688,9.833039e-05,0.0003171212,4.1780848e-05
1,1,community-radio,community-radio,2.2097713e-05,0.9924205,0.00017803023,0.0016801286,0.001038915,0.0040316777,0.00044864442,0.00018013977
4,4,generator,generator,2.5214945e-07,3.9584115e-06,8.435001e-06,1.0283669e-06,0.99997425,2.4988449e-06,9.331898e-06,2.5192588e-07
1,1,community-radio,community-radio,0.0011437711,0.9570744,0.00029511415,0.002319387,0.0020646788,0.03175109,0.0033938026,0.0019578694
0,7,car-alarm,motorvehicle-siren,0.00025898116,0.0026322894,0.00040327717,0.0128652165,1.737571e-05,0.0049203746,0.00011623984,0.97878635
1,1,community-radio,community-radio,2.6520638e-06,0.99968576,2.6539537e-06,0.00017654548,2.597369e-05,7.2382085e-05,1.659571e-05,1.7486205e-05
0,0,car-alarm,car-alarm,0.99967,6.0477896e-06,1.7689552e-05,1.2768773e-05,3.7039217e-07,4.908226e-06,4.33167e-05,0.000244841
3,3,crowd-noise,crowd-noise,0.00058843417,0.039578065,0.023782011,0.9285598,0.002979515,0.0013947537,0.0020053934,0.0011121234
5,1,mobile-music,community-radio,0.033278454,0.48569098,0.14941083,0.22715808,0.031017978,0.0071081948,0.048239812,0.018095685
1,1,community-radio,community-radio,1.3579399e-05,0.9914198,0.0002157114,0.0026900228,0.00076833484,0.0014690766,0.0027817215,0.0006418123
5,5,mobile-music,mobile-music,7.4723607e-06,0.00040811076,9.508185e-06,4.2837975e-05,2.4879441e-06,0.99940586,6.6378496e-05,5.724537e-05
1,1,community-radio,community-radio,8.4651554e-05,0.99100786,6.219277e-05,0.003981275,0.00043917826,0.0029787747,0.0007415411,0.0007045315
6,6,motorvehicle-horn,motorvehicle-horn,0.0021405984,0.00013827576,0.00072210445,0.00015995512,0.00032088725,8.0749436e-05,0.99587953,0.00055787695
7,7,motorvehicle-siren,motorvehicle-siren,2.6232603e-05,3.3652389e-06,4.783329e-06,2.4932322e-06,5.125483e-08,1.8046218e-06,1.5569169e-05,0.99994576
3,1,crowd-noise,community-radio,0.00078239647,0.665436,0.00639275,0.27627185,0.0009882357,0.039120086,0.008622295,0.0023863553
4,4,generator,generator,5.97265e-07,4.1284948e-05,5.2757994e-05,8.133459e-06,0.99986744,1.3974876e-05,1.5055871e-05,7.17421e-07
1,1,community-radio,community-radio,4.1641897e-06,0.9988617,6.4116134e-06,0.00035964727,6.022467e-05,0.0005632535,0.00010751894,3.713049e-05
6,6,motorvehicle-horn,motorvehicle-horn,0.261917,0.0011759148,0.0040956633,0.005548084,0.0011831975,0.0003035237,0.7220832,0.0036934675
3,3,crowd-noise,crowd-noise,1.8101035e-05,0.0003467032,0.00033631275,0.99899524,0.00010203125,0.00012707176,5.6254226e-05,1.83022e-05
0,0,car-alarm,car-alarm,0.9965385,3.0825984e-05,2.3684406e-05,8.381677e-06,1.7521704e-07,2.024328e-05,5.075114e-05,0.0033274496
5,5,mobile-music,mobile-music,2.4676647e-06,0.00018704006,5.0674294e-06,2.1237904e-05,2.181246e-06,0.9997422,1.3867257e-05,2.5950445e-05
5,5,mobile-music,mobile-music,7.951731e-05,0.0011988095,0.00010351655,0.00039957513,5.11651e-05,0.9976446,0.00020926118,0.00031354625
7,7,motorvehicle-siren,motorvehicle-siren,2.7039536e-05,3.6544125e-06,4.7274185e-05,4.91687e-06,3.5636234e-07,8.404943e-06,3.3392167e-05,0.99987495
4,4,generator,generator,2.0925647e-06,0.0002122834,2.9824721e-05,1.2066021e-05,0.999647,4.2756015e-05,5.053129e-05,3.3583387e-06
3,3,crowd-noise,crowd-noise,0.00239539,0.03317117,0.24543606,0.6536559,0.033635475,0.011919653,0.011618049,0.008168292
0,0,car-alarm,car-alarm,0.99946123,8.448267e-06,1.3012023e-05,1.0147729e-05,1.635874e-07,8.408576e-06,2.5544816e-05,0.00047306003
3,1,crowd-noise,community-radio,0.0030985621,0.6951278,0.001080439,0.20565234,0.0035954253,0.0040359735,0.06542204,0.021987468
6,6,motorvehicle-horn,motorvehicle-horn,0.23513046,0.0049995002,0.011242179,0.011206913,0.002477779,0.00050081714,0.71983784,0.014604521
3,3,crowd-noise,crowd-noise,1.4849465e-05,8.5128464e-05,9.7643104e-05,0.9996265,4.5740268e-05,5.757411e-05,6.618996e-05,6.26093e-06
5,5,mobile-music,mobile-music,9.28881e-05,0.043925848,0.0013538708,0.032650452,0.004436034,0.9149303,0.0006440636,0.0019665489
2,2,construction-site,construction-site,0.00038927648,0.0009222073,0.9847231,0.0080213705,0.0016099111,0.0011653336,0.0024959294,0.0006728783
1,1,community-radio,community-radio,4.7805474e-06,0.9991049,1.9469471e-06,0.00015618937,6.26457e-05,0.0005910066,2.7176815e-05,5.1326468e-05
1,6,community-radio,motorvehicle-horn,0.12753558,0.11754638,0.03272224,0.086134546,0.055845927,0.00914771,0.52252007,0.048547577
4,4,generator,generator,4.3116378e-07,0.0004910324,9.866948e-06,4.1236803e-05,0.99935406,6.639322e-05,3.0074316e-05,6.8676895e-06
2,2,construction-site,construction-site,0.012536914,0.0002710337,0.8910196,0.005676967,0.0005377195,0.0057550934,0.056047123,0.02815556
0,0,car-alarm,car-alarm,0.9996044,2.1867236e-05,8.643193e-05,4.0395753e-05,5.3857013e-07,1.5158277e-05,4.6192257e-05,0.00018502948
2,2,construction-site,construction-site,0.00047931285,3.9913684e-05,0.9945233,0.0008436437,0.0002069148,0.0004206013,0.003343065,0.00014329726
2,2,construction-site,construction-site,5.1429495e-05,0.00022683774,0.9952095,0.0031748617,0.0006909543,0.00027477197,0.00027447235,9.708916e-05
5,1,mobile-music,community-radio,0.00026237732,0.59167385,0.00014325137,0.0013644637,3.54663e-05,0.31652007,0.019980118,0.07002049
5,5,mobile-music,mobile-music,0.0001805447,0.0020345147,0.0071663195,0.003083823,0.0005815082,0.98447245,0.0022912612,0.00018950376
2,2,construction-site,construction-site,7.961641e-05,0.0014600053,0.9868684,0.010159107,0.00061944296,0.00028339485,0.0003778376,0.00015219966
4,2,generator,construction-site,3.1861673e-05,0.20398094,0.5817455,0.0149735855,0.19234456,0.0045792074,0.0019832272,0.00036108118
6,6,motorvehicle-horn,motorvehicle-horn,0.38873348,0.013176056,0.00947059,0.040787354,0.026423588,0.0046512256,0.5088136,0.00794404
5,5,mobile-music,mobile-music,2.6388727e-06,0.00034536942,6.6617426e-06,2.2194883e-05,4.550623e-06,0.99956983,1.5419215e-05,3.3299024e-05
6,6,motorvehicle-horn,motorvehicle-horn,0.18081482,0.0011192326,0.008086852,0.0067296186,0.0025430627,0.00023006219,0.788472,0.012004355
4,4,generator,generator,1.2650182e-06,3.7886864e-05,0.00011968423,1.2046032e-05,0.9997781,1.9685744e-05,3.0077093e-05,1.149762e-06
0,0,car-alarm,car-alarm,0.99941874,2.6963196e-05,3.6966856e-05,1.5142734e-05,4.0608583e-07,7.71658e-06,3.2847318e-05,0.0004613418
0,0,car-alarm,car-alarm,0.99992204,2.0153009e-06,7.014303e-06,5.280434e-06,1.01343375e-07,2.8265229e-06,2.0232012e-05,4.0452967e-05
5,5,mobile-music,mobile-music,0.000108818436,0.0011930688,0.01162553,0.0014490044,0.0006785161,0.98124105,0.0033795862,0.00032445727
3,3,crowd-noise,crowd-noise,0.0009816007,0.000719483,0.00038328682,0.9942022,0.0002965109,0.0025197864,0.0007605497,0.00013664765
2,2,construction-site,construction-site,0.0003238333,0.0065197297,0.94779956,0.005850305,0.008064132,0.023964595,0.0055133095,0.0019645626
0,0,car-alarm,car-alarm,0.99981743,5.8903797e-06,3.0658506e-05,1.0780524e-05,2.7188946e-06,1.0653966e-06,8.3912746e-05,4.7616693e-05
0,6,car-alarm,motorvehicle-horn,0.1592745,0.06692777,0.0065095583,0.14252105,0.0013546994,0.033399478,0.5354701,0.054542825
4,4,generator,generator,0.0008486409,0.0013234565,0.00053437584,0.00057164324,0.959424,0.00030690673,0.03429086,0.002700119
2,4,construction-site,generator,0.0028095285,0.0067994073,0.17143698,0.05913908,0.71089864,0.0045257285,0.040262043,0.004128653
1,1,community-radio,community-radio,0.00011876705,0.97042704,0.00013697565,0.021251746,0.00030434068,0.0005942579,0.0048812237,0.0022856635
3,3,crowd-noise,crowd-noise,1.24441485e-05,5.442752e-05,0.00021041781,0.9995604,3.9747516e-05,6.531295e-05,5.225709e-05,4.9860996e-06
3,3,crowd-noise,crowd-noise,9.086954e-05,0.011286977,0.0020393701,0.98049724,0.0019643917,0.0036277238,0.00016439131,0.00032902998
4,2,generator,construction-site,0.0031543616,0.02787001,0.6748778,0.18186367,0.04818554,0.04303462,0.014893593,0.006120342
1,1,community-radio,community-radio,3.4860714e-05,0.99617034,7.016323e-05,0.0014782397,0.00019596955,0.0015156183,0.0003037668,0.00023093056
4,4,generator,generator,2.2055424e-07,4.271335e-06,6.082933e-06,8.587711e-07,0.99997854,2.2547456e-06,7.5028997e-06,2.0996717e-07
5,5,mobile-music,mobile-music,5.0616272e-06,0.0007585335,2.2028755e-06,9.035348e-06,4.7603944e-06,0.9990357,0.000122497,6.223727e-05
3,3,crowd-noise,crowd-noise,0.00013195619,0.05313644,0.00028232005,0.94497496,0.000769199,0.00019854454,0.00028067466,0.00022596118
7,7,motorvehicle-siren,motorvehicle-siren,1.5410911e-05,1.630276e-06,4.168534e-06,1.4162463e-06,6.2558605e-08,5.190076e-06,2.1769605e-05,0.9999504
6,6,motorvehicle-horn,motorvehicle-horn,0.021136386,0.0006448703,0.0033539385,0.004986259,0.0013118775,4.7608697e-05,0.9578102,0.010708894
7,7,motorvehicle-siren,motorvehicle-siren,3.8886516e-05,4.0057202e-07,9.093385e-06,4.914014e-07,3.18843e-08,8.184823e-08,9.887584e-06,0.9999411
6,6,motorvehicle-horn,motorvehicle-horn,0.173361,0.001228408,0.012344844,0.028569827,0.0016987812,0.00063103257,0.77597284,0.006193319
2,2,construction-site,construction-site,3.6986377e-05,5.217711e-05,0.9996681,0.00015946521,5.1771614e-05,8.255288e-06,1.563717e-05,7.637653e-06
3,2,crowd-noise,construction-site,0.0028600576,0.04730146,0.5437783,0.10498401,0.142633,0.112100855,0.027556716,0.018785637
6,0,motorvehicle-horn,car-alarm,0.6260423,0.0062267357,0.011246135,0.009307528,0.0020640509,0.0016849722,0.3222836,0.02114472
6,6,motorvehicle-horn,motorvehicle-horn,0.020773333,0.27616587,0.032107167,0.13706598,0.021589404,0.0055638365,0.44447318,0.062261216
1,1,community-radio,community-radio,0.00025984674,0.98023856,0.0003248121,0.0027007535,0.002375955,0.011148218,0.0016274438,0.0013244714
4,4,generator,generator,1.9849754e-06,0.00050955865,5.809912e-05,3.8736332e-05,0.9987484,0.00022079897,0.00039518144,2.7227034e-05
5,5,mobile-music,mobile-music,0.00015866534,0.06687697,0.00023786211,0.009944864,0.0014564694,0.9180544,0.0009119673,0.0023587255
2,2,construction-site,construction-site,0.0002783381,0.00033930354,0.9844439,0.0010575828,0.0005880578,0.0110879345,0.0018646494,0.00034013472
0,0,car-alarm,car-alarm,0.99770856,2.6868021e-05,2.1231906e-05,1.0347981e-05,1.589176e-07,1.9761685e-05,5.067871e-05,0.0021624062
3,3,crowd-noise,crowd-noise,0.00035950885,0.0063006384,0.04536452,0.93099785,0.009413596,0.0031025445,0.0007319398,0.003729372
4,4,generator,generator,5.7254333e-06,7.003173e-05,2.80546e-05,7.3180677e-06,0.99965155,4.6754925e-05,9.452512e-05,9.596763e-05
2,2,construction-site,construction-site,0.0042244876,0.0019590657,0.99193,0.0012263492,7.7479344e-05,0.00010240244,0.00016928968,0.00031091203
2,2,construction-site,construction-site,7.967427e-06,3.2353976e-06,0.9998099,8.0552476e-05,3.4110844e-06,1.034545e-06,5.651509e-06,8.8326524e-05
3,3,crowd-noise,crowd-noise,7.0767023e-06,2.7196835e-05,9.176131e-05,0.9998161,1.725886e-05,1.9075782e-05,1.922697e-05,2.384301e-06
2,2,construction-site,construction-site,3.737113e-06,2.0801e-06,0.9998884,8.238148e-05,5.0950575e-06,2.4292826e-06,6.9463345e-06,8.9206915e-06
0,6,car-alarm,motorvehicle-horn,0.090018764,0.002124478,0.006128015,0.008199042,0.002607467,0.00069679256,0.8840486,0.0061768056
6,6,motorvehicle-horn,motorvehicle-horn,0.022482311,0.0058438396,0.0041699964,0.008606365,0.000578906,0.0003765117,0.9497627,0.008179301
0,0,car-alarm,car-alarm,0.32310927,0.23020281,0.005515552,0.035658404,0.0042527863,0.256542,0.093380004,0.051339157
4,4,generator,generator,1.28565225e-05,7.845238e-05,0.0010506177,7.73381e-05,0.9980996,6.0601447e-05,0.0006107704,9.739168e-06
6,6,motorvehicle-horn,motorvehicle-horn,0.24446972,0.0035093438,0.01746503,0.029954346,0.009165429,0.0011133075,0.68498355,0.009339265
3,3,crowd-noise,crowd-noise,5.7241e-05,8.572527e-05,0.0005729752,0.99840266,8.282614e-05,0.0006796314,0.00010403984,1.4852473e-05
0,0,car-alarm,car-alarm,0.9975163,3.246408e-05,1.6656246e-05,9.513859e-06,1.5025424e-07,2.427946e-05,3.1296146e-05,0.0023694488
7,7,motorvehicle-siren,motorvehicle-siren,1.5998294e-05,1.5035923e-06,3.7577854e-06,1.4688989e-06,9.0659796e-08,1.7522436e-06,2.088036e-05,0.9999546
1,1,community-radio,community-radio,0.0018417259,0.5529045,0.004796228,0.4054201,0.0028229766,0.008143136,0.019160237,0.004911143
4,7,generator,motorvehicle-siren,0.027177537,0.005459397,0.0050183763,0.0015699515,0.0016991938,0.0016843153,0.059769202,0.897622
5,5,mobile-music,mobile-music,2.705478e-06,0.00032255356,2.2197797e-05,3.3158474e-05,7.0968854e-06,0.99955326,2.5168252e-05,3.3822816e-05
6,6,motorvehicle-horn,motorvehicle-horn,0.004499688,0.00044651265,0.00035239474,0.0012846655,0.0020480785,0.0002428205,0.9906482,0.00047758644
4,4,generator,generator,3.334349e-07,0.0007624843,0.00044714398,0.0004496282,0.9977864,0.00049867434,3.8190796e-05,1.719176e-05
0,0,car-alarm,car-alarm,0.9998317,5.227538e-06,1.5231884e-05,7.866557e-06,1.0517854e-07,2.746061e-06,5.62482e-05,8.080237e-05
6,6,motorvehicle-horn,motorvehicle-horn,0.0051287026,0.0022869972,0.0038086937,0.006578536,0.0011887137,0.00014399496,0.97672915,0.004135148
4,4,generator,generator,9.610259e-05,0.0070249205,0.023500407,0.0015948508,0.95003086,0.008861647,0.005488295,0.0034028755
3,3,crowd-noise,crowd-noise,6.040457e-06,3.0693325e-05,9.600463e-05,0.9998043,1.9231731e-05,1.2306617e-05,2.9353514e-05,2.0226128e-06
2,2,construction-site,construction-site,0.00090828654,0.0014776734,0.98572797,0.0046495325,0.0013350997,0.00042047113,0.0051902197,0.00029077585
7,7,motorvehicle-siren,motorvehicle-siren,3.6515346e-05,5.309793e-06,7.2938114e-06,3.2788082e-06,3.7959737e-07,2.2245952e-06,7.247352e-05,0.99987245
1,5,community-radio,mobile-music,5.1406125e-05,0.08672226,0.00043555704,0.0028848643,0.014754517,0.89256585,0.0010026055,0.0015829467
4,4,generator,generator,6.575148e-07,6.6144e-05,0.0010672617,2.8062797e-05,0.9987219,6.9527734e-05,3.8508857e-05,7.8539e-06
1,1,community-radio,community-radio,4.6348272e-05,0.9971275,4.0253177e-05,0.0011557844,0.0003099469,0.000857625,0.00030584665,0.00015671944
2,6,construction-site,motorvehicle-horn,0.12534475,0.054798678,0.05377492,0.08148501,0.100538686,0.008979345,0.5177217,0.05735686
7,7,motorvehicle-siren,motorvehicle-siren,2.9184983e-05,7.757227e-06,1.5706506e-05,7.3907117e-06,9.487716e-08,8.8795974e-07,1.7011034e-05,0.9999219
3,3,crowd-noise,crowd-noise,2.3043244e-06,0.0002372362,0.00020415067,0.9993197,0.00020178032,1.9036077e-05,1.186052e-05,4.077338e-06
0,0,car-alarm,car-alarm,0.99866736,3.186461e-05,0.00011960018,6.329031e-05,2.514284e-06,4.289193e-05,0.0005580386,0.0005145047
6,6,motorvehicle-horn,motorvehicle-horn,0.20999701,0.0019599625,0.032450873,0.023966113,0.0026558759,0.0059091444,0.7125383,0.010522762
5,5,mobile-music,mobile-music,0.00016412805,0.061538063,2.533755e-05,0.03066952,4.290615e-05,0.90254307,0.0009306703,0.00408634
0,0,car-alarm,car-alarm,0.9998018,7.976083e-06,1.540987e-05,1.3183865e-05,1.4837565e-06,8.257234e-06,4.4311808e-05,0.00010761409
1,2,community-radio,construction-site,0.0039431145,0.020421814,0.6410899,0.10029859,0.048505854,0.012083605,0.16645811,0.007198992
1,1,community-radio,community-radio,1.9162218e-05,0.99827325,2.589031e-05,0.0007445104,0.00025470948,0.00038910256,0.00022061313,7.266229e-05
1,1,community-radio,community-radio,1.23424625e-05,0.9983424,4.7022786e-06,0.000320916,0.00012805479,0.0009317477,0.00017495989,8.487515e-05
5,5,mobile-music,mobile-music,6.533474e-06,0.0015091868,8.8731595e-06,2.9216311e-05,1.7691798e-05,0.99832493,1.7979113e-05,8.561541e-05
6,6,motorvehicle-horn,motorvehicle-horn,0.1770406,0.008791715,0.087506875,0.050633308,0.015468544,0.024313416,0.6160212,0.020224351
4,4,generator,generator,5.3507642e-06,1.0358343e-05,5.6665125e-05,6.544324e-06,0.9997694,1.5531397e-05,0.0001342764,1.89849e-06
6,1,motorvehicle-horn,community-radio,0.0006469389,0.9588683,0.000614956,0.031394772,0.00048703037,0.0026375067,0.0035086672,0.0018417075
2,2,construction-site,construction-site,0.0009927221,0.003110018,0.88904643,0.07117094,0.025143756,0.0017523232,0.004469421,0.004314449
1,1,community-radio,community-radio,9.000492e-06,0.9982311,1.0696181e-05,0.0009192518,6.5317414e-05,0.0005188535,0.0001856983,6.0107777e-05
2,2,construction-site,construction-site,1.0256404e-05,0.00012582557,0.99824643,0.001096496,0.0003171824,5.393991e-05,0.00012329989,2.6505362e-05
6,6,motorvehicle-horn,motorvehicle-horn,0.0806793,0.010176957,0.022271924,0.07436165,0.007654678,0.003172747,0.79705065,0.0046321936
1,1,community-radio,community-radio,5.2617637e-05,0.98713326,1.4521524e-05,0.00054074934,4.389384e-05,0.011477229,0.00035299337,0.0003847333
7,7,motorvehicle-siren,motorvehicle-siren,1.8872257e-05,2.150033e-06,2.3852388e-06,1.0821493e-06,1.504276e-07,2.2500178e-06,4.796563e-05,0.99992514
1,1,community-radio,community-radio,2.2238963e-05,0.99671364,4.953439e-05,0.0024215162,0.00012734174,0.00023646098,0.00033346374,9.590008e-05
4,5,generator,mobile-music,0.06442516,0.043495215,0.012731458,0.06657085,0.0140475,0.613901,0.036966853,0.14786206
7,7,motorvehicle-siren,motorvehicle-siren,2.3269442e-06,7.6728844e-07,5.5297423e-06,8.372462e-07,8.21998e-09,3.9376948e-07,2.2419615e-06,0.99998784
4,4,generator,generator,5.647632e-07,4.1560756e-06,1.382575e-05,2.1382161e-06,0.9999471,4.0109644e-06,2.7799506e-05,3.9642484e-07
1,1,community-radio,community-radio,0.00027091452,0.9203824,0.0005714617,0.0315087,0.0013169084,0.04179892,0.002373566,0.0017771882
1,1,community-radio,community-radio,0.0070413505,0.811991,0.0052326424,0.02632192,0.012810565,0.012884146,0.062392253,0.061326217
2,2,construction-site,construction-site,0.00045071403,0.0061992453,0.9485841,0.034402546,0.0024065124,0.0017822916,0.005671181,0.00050350314
7,7,motorvehicle-siren,motorvehicle-siren,0.00012460678,0.00019884534,0.00012849703,0.00010871756,3.715703e-06,4.6387748e-05,0.00023147337,0.99915767
6,6,motorvehicle-horn,motorvehicle-horn,0.40225795,0.00019135336,0.008485386,0.009415155,0.0016457131,0.000114647504,0.57618773,0.0017020945
0,0,car-alarm,car-alarm,0.9998872,3.1173834e-06,1.2829031e-05,1.4023857e-05,1.1211839e-06,3.195927e-06,3.2173783e-05,4.633935e-05
5,5,mobile-music,mobile-music,3.6428175e-06,0.00026923878,0.0001580975,2.4161662e-05,5.0400467e-05,0.9993056,0.00016132258,2.7566315e-05
4,4,generator,generator,3.297651e-07,1.9383302e-05,0.00037477043,1.6840506e-05,0.9995285,4.2071184e-05,1.5582515e-05,2.4504366e-06
2,2,construction-site,construction-site,0.009366995,0.0019736357,0.8454022,0.0051321313,0.0009896759,0.07966177,0.05541383,0.0020597277
0,0,car-alarm,car-alarm,0.9998147,5.610187e-06,2.43306e-05,2.3274813e-05,2.2639572e-06,5.60616e-06,6.0667386e-05,6.365222e-05
2,2,construction-site,construction-site,8.807007e-06,3.9119135e-05,0.9985422,0.000662346,0.00060127856,3.180721e-05,0.00010920166,5.3806334e-06
0,0,car-alarm,car-alarm,0.9996872,1.9766028e-05,7.3097384e-05,1.4998516e-05,1.9898988e-07,4.49596e-06,6.743475e-05,0.00013277405
3,2,crowd-noise,construction-site,0.00050436094,0.0014839466,0.9402735,0.049644597,0.0027496458,0.001988361,0.0028092351,0.0005464609
5,5,mobile-music,mobile-music,9.909079e-06,0.0007502044,1.1606982e-05,5.859253e-05,8.240927e-06,0.9990146,4.0764724e-05,0.00010607622
2,2,construction-site,construction-site,4.57384e-05,4.36964e-05,0.993997,0.00048074342,2.7896465e-05,7.998448e-06,7.537823e-05,0.005321649
3,5,crowd-noise,mobile-music,0.00031308166,0.031907525,0.010654202,0.39129755,0.11887807,0.4447652,0.00071448484,0.0014698255
2,2,construction-site,construction-site,2.0658958e-05,0.00010073372,0.99832064,0.00036963218,0.00068587397,0.0003164108,0.00017399284,1.19820115e-05
0,0,car-alarm,car-alarm,0.99936503,2.8549612e-05,8.702006e-05,1.7258119e-05,3.0180146e-07,4.5965085e-06,4.305214e-05,0.0004541816
1,1,community-radio,community-radio,0.0011485032,0.42924657,0.3983571,0.1102476,0.037928686,0.009029364,0.011602321,0.002439879
5,5,mobile-music,mobile-music,0.009233666,0.18997629,0.01459467,0.17677592,0.008606251,0.54778844,0.03890272,0.014122092
2,2,construction-site,construction-site,3.974748e-06,3.1978013e-06,0.9998117,0.000105868065,4.6986124e-06,2.00817e-06,5.768297e-06,6.285841e-05
0,6,car-alarm,motorvehicle-horn,0.046959534,0.0025738648,0.0041065277,0.004822385,0.0007988988,0.000343171,0.91666174,0.023733823
0,6,car-alarm,motorvehicle-horn,0.045526892,0.02283478,0.25271064,0.12233029,0.024015296,0.020652682,0.4973101,0.014619308
1,5,community-radio,mobile-music,0.0001943656,0.13260022,0.0007518061,0.0039115753,0.0004653748,0.857231,0.0038586706,0.0009870372
6,6,motorvehicle-horn,motorvehicle-horn,0.23458783,0.0069235084,0.02343125,0.01727285,0.02916619,0.0030507178,0.65456796,0.030999659
1,1,community-radio,community-radio,7.011614e-06,0.981978,0.00017622432,0.0004724666,0.00025668475,0.01694218,9.683648e-05,7.059578e-05
0,0,car-alarm,car-alarm,0.99960345,3.9389056e-06,1.5035553e-05,6.4217006e-06,1.9025092e-07,2.1796975e-06,2.0812342e-05,0.00034790722
3,2,crowd-noise,construction-site,0.010097476,0.20589289,0.3020175,0.28848442,0.08684242,0.061242145,0.03491129,0.010511843
2,2,construction-site,construction-site,4.5441e-06,1.0055208e-05,0.9989674,0.00012508545,0.00066944835,1.1083314e-05,0.00021053036,1.8396069e-06
7,7,motorvehicle-siren,motorvehicle-siren,1.4575358e-05,1.4198939e-05,6.222978e-06,3.3000226e-06,1.6972946e-07,6.6529483e-06,3.3268043e-05,0.99992156
7,7,motorvehicle-siren,motorvehicle-siren,0.031942476,0.20102027,0.00076725474,0.044853665,0.0005211909,0.008174,0.031769473,0.6809517
1,1,community-radio,community-radio,1.1780437e-05,0.9958727,7.134965e-05,0.0021797149,0.00010693531,0.0014946063,0.00018486123,7.810106e-05
6,6,motorvehicle-horn,motorvehicle-horn,0.08412598,0.00049089873,0.002052442,0.009144763,0.0012054993,0.00013995169,0.8961489,0.006691591
2,2,construction-site,construction-site,2.4974406e-06,5.209868e-05,0.999338,0.00020086455,0.0003066156,1.880824e-05,7.74119e-05,3.6693164e-06
6,4,motorvehicle-horn,generator,0.011036851,0.008422831,0.03209757,0.011609875,0.83866465,0.0027815483,0.09101355,0.004373161
4,4,generator,generator,2.423006e-07,2.241905e-06,6.6671196e-06,6.683789e-07,0.99997985,1.8627853e-06,8.349078e-06,1.7231933e-07
1,1,community-radio,community-radio,0.0006256956,0.77000606,0.00041648885,0.006477778,0.0003443767,0.21496074,0.002129211,0.0050395704
1,1,community-radio,community-radio,3.060688e-06,0.9989201,2.0170473e-05,0.00034589687,0.00014260302,0.00040916732,0.00012908493,2.9971114e-05
2,2,construction-site,construction-site,3.7199377e-05,0.04848425,0.94411945,0.0051245405,0.0006096457,0.0010799306,0.0004919587,5.3108688e-05
6,6,motorvehicle-horn,motorvehicle-horn,0.43089372,0.0075916024,0.0010101919,0.01798023,0.0002646691,0.00024023502,0.5307671,0.011252278
0,0,car-alarm,car-alarm,0.9892854,0.00027544008,0.007340388,0.001006752,6.7739415e-06,4.9851336e-05,0.0001678785,0.0018675694
5,5,mobile-music,mobile-music,1.2541476e-05,0.0004661704,2.1144386e-05,9.4086645e-05,9.84681e-06,0.9992766,5.1045838e-05,6.857723e-05
7,7,motorvehicle-siren,motorvehicle-siren,0.00038676665,2.960471e-05,0.00015958888,1.7627342e-05,3.6623987e-06,0.00026967571,0.003097313,0.99603575
3,3,crowd-noise,crowd-noise,0.00015066248,0.00048676858,0.049242534,0.9487985,0.0004542059,0.0001392072,0.00038132496,0.00034689085
5,4,mobile-music,generator,0.0061233696,0.108008325,0.0015440516,0.0051121167,0.5225148,0.2756288,0.0603669,0.020701585
1,1,community-radio,community-radio,0.0018789698,0.8353239,0.007908691,0.089686364,0.03995182,0.005279009,0.009390527,0.010580553
4,4,generator,generator,0.00545538,0.025511809,0.0052338173,0.00022904245,0.83301395,0.03221365,0.08763322,0.010709063
6,6,motorvehicle-horn,motorvehicle-horn,0.04047871,0.06419963,0.13115405,0.113351226,0.047642455,0.0097422665,0.5578743,0.03555732
7,7,motorvehicle-siren,motorvehicle-siren,2.7298365e-05,1.3670273e-06,3.1894133e-06,5.4581284e-07,5.1175082e-08,1.4902247e-06,4.5782297e-05,0.99992025
6,6,motorvehicle-horn,motorvehicle-horn,0.0628269,0.0143007655,0.09847893,0.10382827,0.16315305,0.068840444,0.48271197,0.0058596893
5,4,mobile-music,generator,0.00026004005,0.027849566,0.00047292002,0.00062400114,0.90190274,0.06471264,0.002073238,0.0021048577
6,6,motorvehicle-horn,motorvehicle-horn,0.04449062,0.0021600914,0.027416782,0.038031697,0.004267069,0.0022408646,0.8757031,0.005689693
1,1,community-radio,community-radio,3.561343e-05,0.9859947,5.7962858e-05,0.0028712514,0.008664639,0.0011266824,0.00050254056,0.000746565
0,0,car-alarm,car-alarm,0.99709463,1.2662207e-05,1.1837724e-05,4.882489e-06,6.4073355e-08,1.2254984e-05,2.9918543e-05,0.0028336872
3,1,crowd-noise,community-radio,0.0013709685,0.78287154,0.037789382,0.104990296,0.0026232128,0.052377056,0.005783686,0.012193764
7,7,motorvehicle-siren,motorvehicle-siren,9.132377e-06,3.3697308e-06,7.5245207e-06,2.3512403e-06,8.084774e-08,1.0167273e-06,1.2861005e-05,0.99996364
6,6,motorvehicle-horn,motorvehicle-horn,0.17401163,0.0022849995,0.0047746673,0.012434979,0.0010720777,0.00038642602,0.79113144,0.013903823
0,0,car-alarm,car-alarm,0.9968303,0.00013547816,0.00018245919,0.00018508983,5.0217136e-06,7.8148056e-05,0.00018445775,0.0023990776
2,2,construction-site,construction-site,3.4448567e-05,0.00016150625,0.99445724,0.0045053433,0.00027217157,1.8715025e-05,4.8609607e-05,0.0005020552
7,7,motorvehicle-siren,motorvehicle-siren,2.0380336e-05,1.5721532e-06,0.00012204481,3.6656536e-06,9.5999596e-08,5.191625e-07,2.8601402e-05,0.99982303
3,3,crowd-noise,crowd-noise,7.258781e-06,3.5406498e-05,9.606812e-05,0.999796,2.047198e-05,1.5335174e-05,2.6918971e-05,2.4776139e-06
6,6,motorvehicle-horn,motorvehicle-horn,0.05578973,0.010159464,0.21063942,0.07767887,0.1079435,0.010973293,0.51800174,0.00881401
0,6,car-alarm,motorvehicle-horn,0.2291627,0.018266724,0.011490916,0.028427461,0.0018918026,0.0029778488,0.67821234,0.029570146
7,7,motorvehicle-siren,motorvehicle-siren,1.0567032e-05,1.7673698e-05,1.9687932e-05,5.067725e-06,1.7323909e-07,1.8578663e-05,2.2909799e-05,0.99990535
2,6,construction-site,motorvehicle-horn,0.023875926,0.22870636,0.012240052,0.111840434,0.005951795,0.017658945,0.56033224,0.039394263
2,6,construction-site,motorvehicle-horn,0.00027848314,0.00039144614,0.20499004,0.0008981577,0.0060736146,0.0024333391,0.78466755,0.00026735896
0,6,car-alarm,motorvehicle-horn,0.07531859,0.015587915,0.030059073,0.01997126,0.032671653,0.005443457,0.7969759,0.023972176
5,5,mobile-music,mobile-music,9.807909e-07,0.0044676154,1.41187365e-05,3.906518e-05,2.305947e-05,0.9953731,6.209176e-05,2.002093e-05
4,4,generator,generator,8.191639e-05,0.00021790626,0.00067104877,9.8487246e-05,0.996099,0.00022568564,0.0025022982,0.00010366416
1,1,community-radio,community-radio,7.099871e-06,0.9964239,5.7886646e-06,0.0009139754,5.554678e-05,0.0022881124,0.00011450331,0.0001910243
6,6,motorvehicle-horn,motorvehicle-horn,0.0058474196,0.0014530033,0.058824193,0.0011815921,0.01797463,0.0009244971,0.9100293,0.0037653514
0,0,car-alarm,car-alarm,0.999337,3.2259864e-05,0.0001967193,2.6592863e-05,6.230325e-07,4.457807e-06,5.5242916e-05,0.00034713332
2,2,construction-site,construction-site,1.565991e-05,6.1294686e-06,0.9997824,0.00012233139,5.5455303e-06,2.262995e-06,8.19821e-06,5.7522717e-05
3,3,crowd-noise,crowd-noise,0.0006263484,0.0024543637,0.052707925,0.92569494,0.007341033,0.0005646775,0.010133451,0.0004772812
1,1,community-radio,community-radio,4.7476406e-05,0.9880733,0.00014344962,0.0022165556,0.00034481913,0.0069574486,0.001415492,0.00080137345
3,3,crowd-noise,crowd-noise,0.005895091,0.05696545,0.006027039,0.62553954,0.007944338,0.26594535,0.016985143,0.014698067
1,1,community-radio,community-radio,0.006555561,0.8811651,0.010731845,0.05589864,0.0017308389,0.003373072,0.020178163,0.020366827
7,7,motorvehicle-siren,motorvehicle-siren,3.3646284e-06,2.0364673e-06,2.0365237e-06,5.947997e-07,1.7472399e-08,6.0366534e-07,3.8657968e-06,0.9999875
2,2,construction-site,construction-site,4.0009723e-05,7.072694e-05,0.99922645,0.00014680492,0.00018189153,0.00021071795,8.886456e-05,3.4460947e-05
6,6,motorvehicle-horn,motorvehicle-horn,0.08894262,0.0008926385,0.040992837,0.014189051,0.016468843,0.0017628608,0.834197,0.0025541729
2,2,construction-site,construction-site,4.596818e-05,1.47686205e-05,0.99851245,5.5575743e-05,0.00038770324,3.9392585e-06,0.00090020854,7.941718e-05
5,5,mobile-music,mobile-music,2.2603506e-06,0.0008207868,6.1417686e-06,5.630065e-05,4.161987e-06,0.99904567,1.91618e-05,4.5502566e-05
1,1,community-radio,community-radio,2.5071748e-05,0.93618363,1.5414807e-05,0.00401591,1.7636812e-05,0.0575536,0.00018283198,0.0020059033
6,6,motorvehicle-horn,motorvehicle-horn,0.100399986,0.036712985,0.035667166,0.08424062,0.01742176,0.0063961563,0.6994458,0.01971559
6,6,motorvehicle-horn,motorvehicle-horn,0.03921672,0.0004882969,0.010071408,0.0020643391,0.0017620279,0.00022598749,0.88982236,0.056348957
0,0,car-alarm,car-alarm,0.99604213,9.0481764e-05,1.7152459e-05,2.7071603e-05,6.7480266e-07,9.2355e-05,0.00046749806,0.003262612
7,7,motorvehicle-siren,motorvehicle-siren,1.1206912e-05,3.791833e-06,4.4764647e-06,1.244792e-06,9.949066e-08,1.8605117e-06,1.4378121e-05,0.99996305
3,3,crowd-noise,crowd-noise,9.74248e-06,4.2118772e-05,0.00015786476,0.9996834,3.4378143e-05,2.8706405e-05,4.1556596e-05,2.2655454e-06
3,6,crowd-noise,motorvehicle-horn,0.1373372,0.23086737,0.0070021567,0.11152252,0.0059217717,0.0068798847,0.4750415,0.025427654
1,1,community-radio,community-radio,0.03579012,0.6055483,0.0042136633,0.02786069,0.006582527,0.05971665,0.19643945,0.063848525
2,5,construction-site,mobile-music,9.174845e-06,0.0014040915,7.8993435e-06,6.7946654e-05,5.443251e-06,0.99825317,0.00012649139,0.00012580385
0,0,car-alarm,car-alarm,0.9998406,4.6580094e-06,7.6053802e-06,8.051075e-06,7.108349e-08,5.5961186e-06,2.6451176e-05,0.00010689897
4,4,generator,generator,4.0426066e-06,1.4900915e-05,5.4012107e-05,7.592476e-06,0.99971217,1.7554237e-05,0.00018664368,3.0555934e-06
2,3,construction-site,crowd-noise,9.496961e-05,0.000265208,0.0062374193,0.99258864,0.00016510382,0.00010455787,0.00036111032,0.00018298402
1,1,community-radio,community-radio,0.0003244137,0.9728152,0.0005158727,0.0066908696,0.0003849065,0.018279502,0.0001759093,0.0008132552
0,6,car-alarm,motorvehicle-horn,0.034502357,0.02264497,0.00094718725,0.015884012,0.00090076146,0.0023655496,0.88650656,0.036248583
0,6,car-alarm,motorvehicle-horn,0.058297474,0.0017855254,0.0010165195,0.008950458,0.00056665094,0.00022600438,0.8821658,0.046991598
3,3,crowd-noise,crowd-noise,2.0374031e-05,4.2589614e-05,0.00019014435,0.99952996,6.0703984e-05,8.542911e-05,6.516687e-05,5.7328007e-06
5,5,mobile-music,mobile-music,8.653697e-05,0.13643326,0.0033883697,0.0009787309,0.003111931,0.8455848,0.009856953,0.0005594165
2,2,construction-site,construction-site,0.00089973456,0.006731089,0.567318,0.37285465,0.038453836,0.0021344863,0.0067571183,0.0048510013
0,0,car-alarm,car-alarm,0.99970967,1.03280545e-05,1.5889791e-05,1.0756801e-05,1.4423568e-07,4.470506e-06,1.717241e-05,0.00023161495
0,6,car-alarm,motorvehicle-horn,0.09270658,0.00028832332,0.0025337692,0.0053313654,0.00035679142,6.990659e-05,0.89583886,0.0028743998
1,1,community-radio,community-radio,3.2803728e-05,0.9930519,0.00013550192,0.004535088,0.00026782064,0.0009733152,0.00080595986,0.00019762042
6,6,motorvehicle-horn,motorvehicle-horn,0.017115327,0.04800631,0.016137244,0.0143553475,0.0022099358,0.001254814,0.85864073,0.042280313
0,0,car-alarm,car-alarm,0.95399934,0.0010260391,0.0015941225,0.0044576377,0.00032416737,0.00097333395,0.03282458,0.0048008543
0,0,car-alarm,car-alarm,0.99986887,2.2746026e-06,1.1964345e-05,1.0093704e-05,4.3231165e-07,3.1247105e-06,3.7847803e-05,6.526237e-05
2,2,construction-site,construction-site,7.3824447e-07,1.7577999e-06,0.99991906,3.498606e-05,1.1994804e-06,8.371615e-07,1.2013694e-06,4.020612e-05
4,4,generator,generator,5.6870397e-07,3.6591414e-06,3.5758145e-05,2.5845175e-06,0.9999217,3.4646764e-06,3.1771426e-05,4.6106467e-07
1,1,community-radio,community-radio,9.1384856e-05,0.99259406,3.4069177e-05,0.0012612372,0.0005267463,0.004433156,0.0004988143,0.00056068244
1,1,community-radio,community-radio,0.000105255625,0.7454494,0.00015654172,0.017701874,0.03157585,0.20244212,0.0018033581,0.00076563447
7,7,motorvehicle-siren,motorvehicle-siren,1.186105e-05,1.5774544e-06,9.921199e-06,6.8213905e-07,1.1363088e-07,4.4784736e-07,2.479916e-05,0.9999505
1,1,community-radio,community-radio,1.6353848e-05,0.84957504,9.290067e-06,0.00028508317,0.00074707967,0.14905529,7.519886e-05,0.00023670733
5,5,mobile-music,mobile-music,1.9414208e-06,0.00044375454,3.0739704e-06,2.9140638e-05,2.0714465e-06,0.9994696,2.8536539e-05,2.2029593e-05
2,2,construction-site,construction-site,0.0002455822,0.00053895294,0.9835818,0.004257881,0.005121442,0.0031975633,0.0028660763,0.00019073903
7,7,motorvehicle-siren,motorvehicle-siren,6.8575355e-05,1.5024902e-06,3.8728876e-06,8.747389e-07,1.9867372e-07,1.5118054e-06,8.226901e-05,0.9998412
6,6,motorvehicle-horn,motorvehicle-horn,0.4127205,0.0035081112,0.037609678,0.019985165,0.0016968438,0.0007006721,0.519468,0.004311036
5,5,mobile-music,mobile-music,5.3388954e-05,0.010959583,0.00013346915,0.00024227356,0.0001445978,0.9878485,0.00017057944,0.00044752617
1,1,community-radio,community-radio,2.5169364e-05,0.99578863,1.7041895e-05,0.000402123,0.0006093328,0.0022656242,0.00074258336,0.00014949696
5,1,mobile-music,community-radio,0.0008226299,0.92628527,0.0007945497,0.060940396,0.0010439762,0.0033781293,0.0031621617,0.003572902
6,6,motorvehicle-horn,motorvehicle-horn,0.1325862,0.0011190913,0.006024438,0.006770755,0.0030745487,0.00094232714,0.8284022,0.021080377
3,3,crowd-noise,crowd-noise,0.0011446452,0.062784545,0.029376991,0.8700033,0.00087528815,0.022458829,0.003991407,0.009364978
1,1,community-radio,community-radio,1.6025602e-05,0.99702483,2.7469952e-05,0.001605672,5.2330386e-05,0.00095267146,0.00020552069,0.00011562446
4,4,generator,generator,1.7309941e-06,2.519164e-05,8.2623446e-05,1.188508e-05,0.99968195,0.000106160034,8.7285895e-05,3.1213149e-06
6,6,motorvehicle-horn,motorvehicle-horn,0.13110073,0.005604827,0.004636008,0.0142084025,0.0007523613,0.00178691,0.83099157,0.0109192245
1,1,community-radio,community-radio,0.00010275619,0.9842445,4.4066437e-05,0.0009352435,0.00023777512,0.012858477,0.0012627636,0.000314406
4,4,generator,generator,0.00016053043,0.00049035414,0.0009081615,0.0007635288,0.9947895,0.0004018268,0.0021338926,0.000352252
3,3,crowd-noise,crowd-noise,1.6736505e-05,8.323007e-05,0.00026645054,0.9993936,7.4760654e-05,4.7027544e-05,0.00011111697,7.099373e-06
7,7,motorvehicle-siren,motorvehicle-siren,0.0015334989,0.00062795874,0.00020039093,0.00036578657,1.34742895e-05,0.00046941085,0.0009852541,0.99580437
5,1,mobile-music,community-radio,0.0005105178,0.5649525,0.00086974044,0.003740468,0.0026785932,0.41403428,0.0102415355,0.002972391
1,1,community-radio,community-radio,3.2344956e-06,0.99950445,8.8725557e-07,7.7659584e-05,0.00010076961,0.0002833451,9.7448155e-06,1.9929821e-05
4,4,generator,generator,0.0003582229,0.010230888,0.00042712345,0.0022623646,0.97916174,0.0013849118,0.005925731,0.0002490173
4,4,generator,generator,5.6593767e-06,0.00072600547,0.0019001444,0.0013718773,0.9958026,6.284431e-05,7.2822644e-05,5.8055073e-05
1,1,community-radio,community-radio,0.0016298689,0.649527,8.009076e-05,0.0036188753,9.382437e-05,0.20636117,0.0039187497,0.13477047
1,1,community-radio,community-radio,0.00012755454,0.8952239,0.00017974887,0.00095531845,0.007359003,0.09415851,0.0010448331,0.00095115264
5,5,mobile-music,mobile-music,4.592471e-06,0.00055227353,1.9320632e-05,8.052376e-05,1.1007273e-05,0.9992142,3.8676895e-05,7.946019e-05
3,2,crowd-noise,construction-site,0.0007636922,0.012412782,0.68898046,0.28722224,0.0032190613,0.0012661737,0.003097256,0.003038305
0,0,car-alarm,car-alarm,0.9996375,1.4650082e-05,1.5677737e-05,2.1445712e-05,5.5337256e-07,1.4505262e-05,0.00015627113,0.00013932538
7,7,motorvehicle-siren,motorvehicle-siren,1.9023446e-05,7.2593716e-06,8.758061e-06,5.497778e-06,8.074607e-08,6.645875e-06,1.7216025e-05,0.9999355
7,7,motorvehicle-siren,motorvehicle-siren,2.0316647e-05,2.7752105e-06,2.1271806e-06,4.5377575e-07,2.7597363e-08,9.273425e-07,8.971159e-06,0.99996436
1,1,community-radio,community-radio,0.0017561476,0.7966276,0.008431933,0.16892473,0.0014019937,0.00345493,0.017104987,0.0022977127
5,5,mobile-music,mobile-music,0.00022852173,0.004585073,0.00014209103,0.0038748423,0.00018324537,0.98944783,0.00060191273,0.00093640934
3,3,crowd-noise,crowd-noise,0.006648827,0.13602598,0.09837791,0.58258736,0.06805975,0.021729525,0.058719102,0.027851582
2,2,construction-site,construction-site,0.00016978184,0.0022538046,0.80637413,0.0020340467,0.0008374511,0.18446782,0.0036602088,0.00020270927
5,5,mobile-music,mobile-music,5.4110984e-05,0.0015063534,9.902025e-05,0.00051735,4.748244e-05,0.99736184,0.00018456383,0.0002291554
6,6,motorvehicle-horn,motorvehicle-horn,0.06771012,0.022205828,0.022129187,0.04279814,0.005759112,0.0017397273,0.79883504,0.038822893
5,5,mobile-music,mobile-music,5.64432e-05,0.01063791,4.02153e-05,0.0004689623,0.00033039955,0.9866153,0.00010185689,0.0017488974
7,7,motorvehicle-siren,motorvehicle-siren,5.588772e-05,2.964647e-05,7.24038e-05,2.9852188e-05,3.0989005e-07,1.6836915e-05,2.2106015e-05,0.99977297
2,2,construction-site,construction-site,0.0008718595,0.004204495,0.92987967,0.052918613,0.0056550987,0.0011571237,0.002571967,0.0027411876
2,2,construction-site,construction-site,0.00014436991,3.450639e-05,0.9967032,0.00043878888,0.00021208359,0.0012936597,0.0011307468,4.2612384e-05
2,2,construction-site,construction-site,0.00019747709,0.0004918088,0.9817954,0.013529369,0.001801264,0.00046489664,0.0015983856,0.000121305384
1,1,community-radio,community-radio,4.4096192e-05,0.9695286,0.0007538206,0.025686165,0.00092895026,0.0013168196,0.00061108515,0.0011304565
3,3,crowd-noise,crowd-noise,3.975816e-05,0.0002080542,0.003511799,0.9956994,0.00017970131,0.00011019872,0.00022879023,2.233302e-05
2,2,construction-site,construction-site,0.00018227019,0.0002033784,0.926567,0.0008770749,0.00043665073,0.00028958215,0.0710132,0.00043078454
2,2,construction-site,construction-site,1.327526e-05,4.1732823e-05,0.99930036,0.00050240714,8.716766e-05,1.5873095e-05,3.3589597e-05,5.544358e-06
4,4,generator,generator,5.160938e-06,0.0031992828,0.0017831034,0.00052923255,0.9939697,0.00031609624,0.0001751165,2.2328886e-05
1,1,community-radio,community-radio,0.054033782,0.50853837,0.009139498,0.023762949,0.00077488204,0.004710685,0.2800634,0.11897643
5,5,mobile-music,mobile-music,3.4948443e-06,0.00057397765,7.859187e-06,3.3052267e-05,5.4113825e-06,0.99930274,2.6382597e-05,4.7138936e-05
1,1,community-radio,community-radio,0.00037274556,0.9528978,0.00065577484,0.028831773,0.0011677368,0.006356178,0.00683233,0.0028856487
6,6,motorvehicle-horn,motorvehicle-horn,0.34202838,0.0028604916,0.007816623,0.02144599,0.002460319,0.00093173946,0.61497045,0.007486084
7,7,motorvehicle-siren,motorvehicle-siren,6.0479665e-06,1.6928078e-06,4.788987e-06,1.5969083e-06,1.2970204e-07,1.3836113e-06,1.2455197e-05,0.999972
4,4,generator,generator,1.8502549e-06,8.182726e-06,1.7702927e-05,2.9667146e-06,0.99991465,7.289975e-06,4.616528e-05,1.0785001e-06
0,0,car-alarm,car-alarm,0.9995914,4.3512327e-06,7.1656627e-06,5.771697e-06,6.214566e-08,4.354064e-06,1.414273e-05,0.00037266908
0,6,car-alarm,motorvehicle-horn,0.060636073,0.00045992964,0.0040684775,0.00971786,0.001606994,0.00029207734,0.91926646,0.0039522075
2,2,construction-site,construction-site,4.5865803e-05,0.00033021113,0.9920185,0.0011109274,0.0023900145,0.0015654939,0.0024892755,4.9610262e-05
0,0,car-alarm,car-alarm,0.49254224,0.011129286,0.04759855,0.1320628,0.0029938766,0.016529521,0.28738907,0.009754689
2,4,construction-site,generator,0.0019514527,0.0928271,0.12895902,0.21614711,0.5297364,0.005055614,0.013297381,0.012025979
0,0,car-alarm,car-alarm,0.9989466,7.6989645e-06,7.406352e-06,5.9818917e-06,1.4287708e-07,9.96686e-06,2.3829376e-05,0.0009985041
3,3,crowd-noise,crowd-noise,5.862955e-06,3.0499847e-05,8.136628e-05,0.9998227,1.6536253e-05,1.8934337e-05,2.1830292e-05,2.212522e-06
5,1,mobile-music,community-radio,4.6387395e-05,0.744387,9.2127506e-05,0.00047863976,0.0021072696,0.25170535,0.00067999173,0.0005032112
7,2,motorvehicle-siren,construction-site,0.0016513313,0.024427356,0.87171096,0.047451787,0.00846727,0.0377104,0.0062667397,0.002314131
3,3,crowd-noise,crowd-noise,0.00052513677,0.027488856,0.0044154515,0.96398246,0.000623505,0.0005387194,0.0017383359,0.00068748416
6,6,motorvehicle-horn,motorvehicle-horn,0.11102309,0.0031589353,0.36767828,0.034214992,0.023756903,0.0051371567,0.4490472,0.0059833657
7,7,motorvehicle-siren,motorvehicle-siren,1.3743214e-05,2.5599797e-06,1.0536695e-05,2.1481442e-06,5.6624515e-08,2.4924045e-06,1.7160482e-05,0.99995136
1,1,community-radio,community-radio,1.1446413e-05,0.9942205,2.9185094e-05,0.0036837696,5.549466e-05,0.001317307,0.00041259977,0.00026972848
4,4,generator,generator,9.582093e-07,1.3309441e-05,1.8937288e-05,3.1337977e-06,0.99991846,8.979067e-06,3.4694443e-05,1.466047e-06
1,1,community-radio,community-radio,0.009036228,0.5689884,0.009021426,0.35109124,0.0009117324,0.04952417,0.0059777186,0.0054490464
5,1,mobile-music,community-radio,0.0014890416,0.6430817,0.004279264,0.06800781,0.0082678795,0.25908348,0.0059315595,0.009859213
4,4,generator,generator,2.81045e-05,0.0022043493,0.024072325,0.0009886074,0.9666154,0.0054315366,0.00043513472,0.00022451149
4,4,generator,generator,1.24972075e-05,1.377567e-05,0.00012705983,5.4704848e-05,0.999537,1.8197781e-05,0.000224899,1.1888651e-05
4,4,generator,generator,0.00082788954,0.012685782,0.30363244,0.043688558,0.6091754,0.024782429,0.004375941,0.0008316491
5,5,mobile-music,mobile-music,7.124903e-05,0.0008246723,2.7332204e-05,8.1375e-05,1.614342e-05,0.99371076,0.003476309,0.0017921582
3,3,crowd-noise,crowd-noise,2.1023168e-05,8.7496686e-05,0.00027355168,0.99940944,6.463327e-05,4.819076e-05,8.8286855e-05,7.415722e-06
5,5,mobile-music,mobile-music,6.326398e-05,0.006226077,4.1888932e-05,0.0008014502,6.766843e-05,0.99200433,4.4649943e-05,0.00075060443
1,1,community-radio,community-radio,5.9667524e-05,0.9854274,0.00020045337,0.010295014,0.00034668687,0.003010801,0.00030124182,0.00035878428
0,0,car-alarm,car-alarm,0.9998435,3.982588e-06,4.858282e-05,7.648667e-06,1.9357041e-07,2.4126427e-06,3.0381165e-05,6.322921e-05
1,1,community-radio,community-radio,0.0038007856,0.5745028,0.030274909,0.2456146,0.053610716,0.0067132055,0.06584446,0.019638507
0,4,car-alarm,generator,0.06910387,0.006851655,0.037357267,0.026168037,0.43099007,0.005628401,0.41962942,0.0042712865
1,1,community-radio,community-radio,6.9226895e-05,0.9711227,0.00017150005,0.005771883,0.00020022337,0.011057059,0.002127709,0.009479804
2,2,construction-site,construction-site,2.791453e-05,0.00018394238,0.9982231,0.00046952072,0.00067108596,0.00019463235,0.00020998264,1.9736008e-05
3,3,crowd-noise,crowd-noise,5.73295e-05,0.009130839,0.00013529505,0.98953587,9.315902e-05,0.00060195755,0.00015403744,0.00029153217
3,1,crowd-noise,community-radio,2.5997097e-05,0.9938875,3.304436e-05,0.0039609736,9.631286e-05,0.0014666986,0.0003722939,0.00015728438
4,4,generator,generator,3.5452842e-07,3.9091233e-06,3.2491687e-05,2.0901414e-06,0.9999387,3.0789085e-06,1.8866394e-05,4.0795734e-07
6,7,motorvehicle-horn,motorvehicle-siren,0.02192838,0.1238287,0.1416703,0.07638093,0.14621072,0.14814278,0.014889144,0.326949
2,2,construction-site,construction-site,1.7787685e-05,0.00020032686,0.9967265,0.0007562882,0.0017449557,0.00039690998,0.00013932951,1.7748203e-05
2,2,construction-site,construction-site,0.0012642557,0.013697804,0.7656645,0.17918399,0.025619503,0.0052955793,0.004676442,0.0045979666
6,3,motorvehicle-horn,crowd-noise,0.049911793,0.18089305,0.008511337,0.6067524,0.0035598972,0.010673033,0.09294222,0.04675625
1,1,community-radio,community-radio,1.8651613e-06,0.9993655,9.236226e-06,0.00040748858,3.847609e-05,9.904891e-05,5.23187e-05,2.6107547e-05
5,5,mobile-music,mobile-music,8.5004535e-07,0.00036222767,3.2155697e-06,5.917701e-06,8.476181e-06,0.9995659,2.611774e-05,2.7378232e-05
5,5,mobile-music,mobile-music,1.4219283e-05,0.0029076887,2.3120734e-05,9.8931996e-05,9.723889e-06,0.99667823,0.0001309172,0.00013712615
3,3,crowd-noise,crowd-noise,0.00011900587,0.0025556737,0.18564649,0.8078216,0.0017861567,0.0007637837,0.00025643344,0.0010509089
2,2,construction-site,construction-site,0.0053433767,0.012046206,0.7753536,0.06246,0.08370876,0.0063208714,0.044663418,0.010103706
3,3,crowd-noise,crowd-noise,6.9047524e-06,6.6250584e-05,0.00012944653,0.9996941,3.6916892e-05,1.7684462e-05,4.5651755e-05,3.1255408e-06
4,4,generator,generator,1.5840616e-06,6.8773393e-06,5.05688e-05,4.6648024e-06,0.9998425,6.386922e-06,8.638782e-05,9.813166e-07
6,6,motorvehicle-horn,motorvehicle-horn,0.035095725,0.006676124,0.0522837,0.010696992,0.043180086,0.033305306,0.8113549,0.0074071875
2,2,construction-site,construction-site,9.211572e-05,0.0008510132,0.9890816,0.0082792435,0.0005093339,0.00014076679,0.00087984954,0.00016606228
5,5,mobile-music,mobile-music,3.5354667e-05,0.0019525599,0.0001119731,0.000109448956,0.0009137092,0.99181116,0.0045293593,0.00053651276
4,4,generator,generator,1.168544e-06,2.0019954e-05,1.0601595e-05,2.4982369e-06,0.99992454,1.6772105e-05,2.0110258e-05,4.239375e-06
6,6,motorvehicle-horn,motorvehicle-horn,0.004382901,0.00039379374,0.015744915,0.0030303902,0.041324873,0.00044186672,0.93372107,0.0009602643
0,6,car-alarm,motorvehicle-horn,0.2596128,0.0009988375,0.0066545713,0.0095084505,0.002493428,0.00030728988,0.71514225,0.005282394
0,0,car-alarm,car-alarm,0.999915,1.7432973e-06,4.957938e-06,4.852038e-06,9.993224e-08,2.3764617e-06,3.0927415e-05,4.0037143e-05
5,1,mobile-music,community-radio,3.1485724e-05,0.87906814,9.731204e-05,0.0031120095,7.366403e-05,0.11606926,0.0011639004,0.0003842337
2,2,construction-site,construction-site,0.0020751553,0.0011676289,0.7491274,0.00950021,0.00034830932,0.00016999588,0.015184068,0.22242716
4,4,generator,generator,2.2365693e-06,3.622448e-05,9.705047e-06,3.233592e-06,0.99988675,1.9970385e-05,3.6463738e-05,5.4144834e-06
1,1,community-radio,community-radio,3.6398393e-05,0.97446185,0.0012602375,0.020838473,0.0012791815,0.0014607373,0.0004982111,0.0001648324
1,1,community-radio,community-radio,0.00037259498,0.5198344,0.08469268,0.30332577,0.061517585,0.004902068,0.0010601764,0.02429468
2,2,construction-site,construction-site,7.166932e-05,0.0011559299,0.9091652,0.087342456,0.001384488,6.3869426e-05,0.000539169,0.00027714128
3,3,crowd-noise,crowd-noise,0.0018309894,0.0042998986,0.11093142,0.8679708,0.0035363897,0.0008595188,0.009239973,0.0013309075
1,1,community-radio,community-radio,0.0003603439,0.9625456,0.0006938753,0.026569866,0.0018094217,0.0034945905,0.0028089143,0.001717439
6,6,motorvehicle-horn,motorvehicle-horn,0.19432995,0.0016250006,0.016260758,0.02364881,0.025902878,0.0003418553,0.7341646,0.0037261962
0,6,car-alarm,motorvehicle-horn,0.04854706,0.058301892,0.0032510723,0.048039675,0.005674301,0.00111471,0.82666135,0.008410032
3,3,crowd-noise,crowd-noise,0.000482515,0.0028574464,0.0006832252,0.99008393,0.0014962322,0.0035746999,0.0006001255,0.00022179268
0,0,car-alarm,car-alarm,0.99986005,3.7558073e-06,1.6199076e-05,1.8107188e-05,1.4385163e-06,3.5398957e-06,5.141947e-05,4.5466277e-05
6,2,motorvehicle-horn,construction-site,2.8545557e-05,0.00015079259,0.79507446,0.00089387933,0.15111957,0.00023391188,0.052338768,0.00016008233
5,5,mobile-music,mobile-music,0.0002491622,0.0070553995,0.00030551408,0.00090840284,0.00017458141,0.98798186,0.0020628064,0.0012623646
1,1,community-radio,community-radio,0.00046340827,0.88678414,0.0059952023,0.056572936,0.0007551393,0.000955129,0.04768141,0.00079264806
1,1,community-radio,community-radio,0.0002880121,0.9723483,0.0011394635,0.016821137,0.0004145442,0.0010014583,0.006819606,0.0011675418
0,0,car-alarm,car-alarm,0.99967957,8.7862745e-06,6.911039e-05,4.7713213e-05,1.2307077e-05,4.3228943e-06,0.000118500175,5.9796203e-05
5,5,mobile-music,mobile-music,7.250246e-06,0.00052461994,2.1689479e-05,0.00011273584,7.1938593e-06,0.99922824,5.6977053e-05,4.124506e-05
6,6,motorvehicle-horn,motorvehicle-horn,0.14399321,0.002360683,0.010149091,0.015132267,0.004756016,0.00038441687,0.8098764,0.013347919
0,0,car-alarm,car-alarm,0.99940753,1.5152459e-05,0.00022849212,3.7517937e-05,5.2154604e-07,1.2355595e-05,7.085582e-05,0.0002276215
1,1,community-radio,community-radio,0.0006392413,0.6651126,0.008178977,0.06276296,0.0045368574,0.24716009,0.0070044985,0.0046047894
7,7,motorvehicle-siren,motorvehicle-siren,4.0312458e-05,3.5822493e-06,1.4012172e-05,4.335969e-06,1.108066e-07,5.4576803e-06,2.8885448e-05,0.9999033
2,2,construction-site,construction-site,0.0027215963,0.001093541,0.9407663,0.011422629,0.0012046597,0.001301172,0.040123995,0.0013660154
6,6,motorvehicle-horn,motorvehicle-horn,0.37073597,0.0002019183,0.0014601812,0.0027818803,0.0003124626,0.00011223194,0.6225643,0.0018310862
1,1,community-radio,community-radio,2.4672536e-06,0.99945277,2.8753436e-06,7.401372e-05,6.849546e-05,0.00036005286,2.0170704e-05,1.9133407e-05
4,4,generator,generator,6.991718e-06,5.4551845e-05,0.0011122412,7.46292e-05,0.9983177,1.9223384e-05,0.00039984417,1.4777067e-05
7,7,motorvehicle-siren,motorvehicle-siren,0.0006258215,0.0006717595,0.4492768,0.0065519363,0.00038162418,0.00034780617,0.0005369298,0.5416073
0,6,car-alarm,motorvehicle-horn,0.1260446,0.0042426554,0.008921869,0.018042149,0.0015635372,0.0009249042,0.8233556,0.016904635
5,5,mobile-music,mobile-music,7.2702237e-06,0.00030378017,6.5769627e-06,3.583386e-05,2.5612492e-06,0.99955636,2.8802844e-05,5.894526e-05
6,6,motorvehicle-horn,motorvehicle-horn,0.04353793,0.011709286,0.03740217,0.047689967,0.003740436,0.0017123101,0.83223605,0.02197188
5,1,mobile-music,community-radio,0.0043655843,0.4761339,0.000980247,0.092500955,0.00032512035,0.39847463,0.0051602335,0.022059347
2,2,construction-site,construction-site,2.7012218e-05,1.5737061e-05,0.9994061,5.18668e-05,2.3845796e-05,0.00021015391,0.00023415427,3.1212676e-05
1,1,community-radio,community-radio,2.2502662e-05,0.9956014,0.00015645301,0.0023075973,0.00039035463,0.0012719412,0.0001861604,6.359191e-05
6,6,motorvehicle-horn,motorvehicle-horn,0.002254035,0.014359949,0.02830096,0.0024262075,0.0053646867,0.32657176,0.6186641,0.0020583202
0,4,car-alarm,generator,0.0004522493,0.2046846,0.015536478,0.03025713,0.7296068,0.009216811,0.0003685003,0.009877445
0,6,car-alarm,motorvehicle-horn,0.21860677,0.0013627687,0.006266007,0.013192474,0.047305774,0.0011577122,0.71004015,0.002068383
7,7,motorvehicle-siren,motorvehicle-siren,0.0001589997,0.0003058881,6.2602567e-06,4.925036e-05,6.74286e-07,9.694296e-05,0.00010984532,0.99927217
4,4,generator,generator,3.635822e-07,7.3814863e-06,6.406386e-06,1.1501888e-06,0.99996996,3.5742296e-06,1.0920456e-05,3.168019e-07
6,6,motorvehicle-horn,motorvehicle-horn,0.0063774856,0.2812587,0.06753148,0.040833604,0.20026389,0.05826633,0.33192185,0.013546762
1,1,community-radio,community-radio,4.7286426e-06,0.99842095,5.29347e-06,0.0006397686,7.4163225e-05,0.00065427355,0.00016680648,3.4014913e-05
0,0,car-alarm,car-alarm,0.9987269,5.380569e-05,0.00055529736,0.00011147522,1.6273607e-06,1.8649236e-05,0.0001380707,0.00039413935
4,2,generator,construction-site,0.0005904865,0.010902675,0.6214685,0.13880372,0.04733123,0.1617681,0.015641185,0.003494189
3,3,crowd-noise,crowd-noise,2.3425655e-06,0.0008490532,0.000894858,0.99751496,0.0006177626,9.647458e-05,1.3046705e-05,1.1523519e-05
5,5,mobile-music,mobile-music,1.0140109e-06,0.00020438095,5.0240105e-06,1.1405119e-05,1.6680785e-06,0.99974114,1.3077755e-05,2.2290991e-05
4,4,generator,generator,5.288519e-07,8.930701e-06,3.8653916e-06,9.847818e-07,0.99996674,5.2704763e-06,1.2089752e-05,1.6808833e-06
6,6,motorvehicle-horn,motorvehicle-horn,0.042304225,0.015171875,0.004329016,0.016850663,0.0018007994,0.00044551384,0.8801646,0.03893324
2,1,construction-site,community-radio,0.00049995224,0.9304176,0.0069972174,0.019216157,0.012274557,0.015852818,0.0130343,0.001707437
2,2,construction-site,construction-site,0.0006780049,0.0013381183,0.9644703,0.01391557,0.0102839945,0.0011104028,0.007835642,0.0003678771
7,7,motorvehicle-siren,motorvehicle-siren,3.1113323e-05,1.46858665e-05,0.0047259023,1.5819563e-05,3.9959326e-07,5.0591498e-06,3.4467597e-05,0.9951727
3,3,crowd-noise,crowd-noise,0.017947346,0.00808447,0.005063433,0.67135656,0.011086874,0.2532106,0.015980164,0.017270578
4,4,generator,generator,4.673205e-05,0.00023534668,0.0017234778,0.0002149588,0.99400073,0.0004962414,0.0029163957,0.00036608658
3,3,crowd-noise,crowd-noise,4.872278e-06,7.458425e-05,0.00012751973,0.99968994,5.7597535e-05,1.6553528e-05,2.5336405e-05,3.5507542e-06
2,2,construction-site,construction-site,0.00032059965,0.00092452834,0.9715859,0.007993035,0.012024798,0.004173279,0.0026819247,0.00029591014
0,0,car-alarm,car-alarm,0.99976724,1.5855194e-05,2.5124256e-05,1.8526578e-05,3.827524e-06,2.308564e-06,6.5137596e-05,0.000102057325
2,2,construction-site,construction-site,0.00015153708,0.01737401,0.97313845,0.0052077095,0.00182543,0.0011525447,0.00019326349,0.00095700886
1,1,community-radio,community-radio,6.2119885e-05,0.992427,4.4256467e-05,0.003551598,0.0004325228,0.002507954,0.00027479976,0.0006998032
0,0,car-alarm,car-alarm,0.9980531,3.2720887e-05,4.0316678e-05,1.236144e-05,2.910383e-07,1.7260298e-05,3.377273e-05,0.001810234
3,3,crowd-noise,crowd-noise,0.0012690013,0.0012036166,0.0009672457,0.99104065,0.0006771309,0.0032773404,0.0011133741,0.00045170975
3,3,crowd-noise,crowd-noise,0.00025287218,0.0008775069,0.0024371902,0.9956974,0.000106725674,9.214246e-05,0.00049152,4.4570952e-05
1,1,community-radio,community-radio,0.0002780078,0.9837372,4.995693e-05,0.005628345,0.00012610467,0.008861633,0.0005209761,0.00079782045
2,2,construction-site,construction-site,0.00014864391,2.7946364e-05,0.9904276,0.00047514122,0.0001729494,0.0065432615,0.0020680013,0.00013648621
4,2,generator,construction-site,0.0009887911,0.0008188319,0.93912005,0.006794417,0.045189574,0.0011161454,0.0054280455,0.0005441062
1,1,community-radio,community-radio,0.00038797103,0.9634799,0.00056350545,0.025644142,0.0020480193,0.0032224893,0.003527763,0.0011262324
1,1,community-radio,community-radio,0.0012399266,0.9545995,0.0013570602,0.02904963,0.0011697642,0.0017316813,0.008528257,0.002324245
7,7,motorvehicle-siren,motorvehicle-siren,1.0332707e-05,3.0791755e-06,8.956678e-06,3.0278256e-06,9.482565e-08,2.2825254e-06,1.35983255e-05,0.99995863
6,2,motorvehicle-horn,construction-site,0.01141804,0.114350416,0.4020283,0.23985748,0.021107493,0.0024527763,0.17924334,0.029542154
1,1,community-radio,community-radio,3.405002e-06,0.99421763,2.1552089e-05,0.0010441771,8.938266e-05,0.0042417054,0.00027479566,0.00010737964
6,0,motorvehicle-horn,car-alarm,0.61682546,0.0010622682,0.0070622535,0.0112758735,0.0012000788,0.0008435045,0.35422078,0.007509812
7,7,motorvehicle-siren,motorvehicle-siren,8.958367e-06,2.3374448e-06,8.563318e-06,2.0614837e-06,1.6691627e-07,1.4121616e-06,1.4335664e-05,0.9999622
0,6,car-alarm,motorvehicle-horn,0.0987163,0.00057453924,0.0065850713,0.0061974693,0.0014940801,0.000119140605,0.8837388,0.0025744888
3,3,crowd-noise,crowd-noise,1.7786899e-05,4.556291e-05,0.0002185185,0.9995247,3.897927e-05,0.000114750146,3.551141e-05,4.262412e-06
1,1,community-radio,community-radio,6.8594105e-05,0.9905475,5.551192e-05,0.001373873,0.0014082586,0.0058255224,0.0004593825,0.0002614822
3,2,crowd-noise,construction-site,0.0050950292,0.018941594,0.5045665,0.059308268,0.26334947,0.08261368,0.061760668,0.0043647764
3,3,crowd-noise,crowd-noise,0.00059785316,0.0020347545,0.0173667,0.9707554,0.0029779298,0.003064063,0.0025505018,0.0006528481
5,5,mobile-music,mobile-music,3.446902e-06,0.0008145511,6.408592e-06,5.6500565e-05,3.072004e-06,0.99903786,2.7601352e-05,5.057438e-05
1,1,community-radio,community-radio,0.00012521117,0.9654849,0.00039695375,0.028163677,0.0007620883,0.0013330407,0.0026143715,0.0011198042
1,1,community-radio,community-radio,3.155992e-06,0.99895585,4.551169e-06,0.00016341373,3.0377303e-05,0.00076623907,5.1328552e-05,2.5070947e-05
7,7,motorvehicle-siren,motorvehicle-siren,2.6365136e-05,3.180922e-05,1.6584558e-05,4.6684722e-06,2.1803335e-07,9.778686e-06,2.4555027e-05,0.99988604
5,5,mobile-music,mobile-music,1.6794368e-06,0.00028183512,3.3046222e-06,1.5464946e-05,1.3863516e-06,0.9996513,2.2480004e-05,2.2534827e-05
1,1,community-radio,community-radio,1.2529715e-05,0.99604094,1.1755467e-05,0.0019127103,0.00018420344,0.0014141685,0.00035439787,6.927328e-05
3,6,crowd-noise,motorvehicle-horn,0.06294542,0.045627013,0.050176963,0.06991793,0.010825551,0.0028054968,0.73974663,0.017954942
5,5,mobile-music,mobile-music,0.00014474367,0.01234818,0.038303234,0.016527016,0.002428266,0.9259877,0.0026525464,0.0016083797
0,0,car-alarm,car-alarm,0.9997315,5.2711716e-06,9.842921e-05,1.7331125e-05,2.8862007e-07,2.8729492e-06,4.4625427e-05,9.983355e-05
5,2,mobile-music,construction-site,0.005517092,0.031397026,0.42190322,0.23813951,0.04776533,0.23133938,0.012702164,0.011236303
2,2,construction-site,construction-site,8.968723e-06,1.346511e-05,0.9990646,0.00012381989,0.00043112502,7.7834826e-05,0.0002654805,1.4765884e-05
4,4,generator,generator,2.0393713e-07,6.0612933e-06,2.2027407e-05,2.2890324e-06,0.9998585,8.503985e-06,0.00010078436,1.6212024e-06
5,5,mobile-music,mobile-music,1.2017198e-05,0.0015517945,3.4545283e-05,0.000256856,3.5972316e-05,0.9979341,7.297665e-05,0.000101813195
6,6,motorvehicle-horn,motorvehicle-horn,0.110879414,0.0014179935,0.0045946976,0.0076084128,0.0028977816,0.0003370758,0.8513578,0.020906769
6,6,motorvehicle-horn,motorvehicle-horn,0.23637852,0.0006859318,0.0093818735,0.012845686,0.003955948,0.00071134605,0.7316683,0.0043723234
6,1,motorvehicle-horn,community-radio,0.096217915,0.44689244,0.0045992415,0.06343825,0.0013032625,0.038794726,0.27093002,0.07782409
1,1,community-radio,community-radio,1.4696486e-05,0.99776316,3.718149e-05,0.0008029896,0.000117631615,0.0007041885,0.0004727759,8.738738e-05
3,3,crowd-noise,crowd-noise,0.00012916274,0.0035924064,0.0036144925,0.9703597,0.0027658637,0.01919727,6.354518e-05,0.0002776612
3,1,crowd-noise,community-radio,0.00046142834,0.86386937,0.0037911257,0.10596092,0.0004426152,0.0064664986,0.0040818676,0.014926189
2,6,construction-site,motorvehicle-horn,0.022677714,0.045805633,0.0023699712,0.04211318,0.0023778703,0.0005223134,0.8446957,0.039437633
3,3,crowd-noise,crowd-noise,0.0006803681,0.006733907,0.0007935053,0.98500746,0.0007905825,0.0052655884,0.00031783635,0.000410769
3,3,crowd-noise,crowd-noise,7.4774316e-06,4.5044013e-05,0.000113884045,0.9997446,3.1819556e-05,1.9651885e-05,3.502198e-05,2.4877597e-06
4,4,generator,generator,8.48729e-06,0.00053907774,2.203072e-05,0.00017620531,0.99886215,0.00031643632,5.421973e-05,2.1460675e-05
4,4,generator,generator,4.3629465e-05,0.00025775668,3.9200462e-05,2.5207346e-05,0.99934405,9.9987585e-05,0.0001519183,3.83502e-05
0,6,car-alarm,motorvehicle-horn,0.07133973,0.007861656,0.01258747,0.06322779,0.0031213083,0.00067432603,0.8338298,0.0073579075
4,4,generator,generator,2.1139452e-07,3.0793487e-06,6.4967003e-06,7.6621154e-07,0.9999796,1.7654785e-06,7.891843e-06,1.662952e-07
1,1,community-radio,community-radio,0.00014603685,0.989423,7.252779e-05,0.0060591986,0.00018548992,0.0029026668,0.0006317115,0.0005792647
6,6,motorvehicle-horn,motorvehicle-horn,0.038493097,0.00062191754,0.0022061984,0.005224288,0.0006016262,6.686482e-05,0.93578565,0.017000342
1,5,community-radio,mobile-music,0.00016885721,0.17496611,0.0037012976,0.07179253,0.042007007,0.7048684,0.0016026214,0.00089322607
1,1,community-radio,community-radio,0.011738407,0.56198525,0.06317487,0.21792755,0.017538667,0.008602594,0.068744235,0.05028837
0,6,car-alarm,motorvehicle-horn,0.35313055,0.0014379985,0.011704248,0.015325981,0.016406156,0.0019956578,0.5921743,0.007825069
1,1,community-radio,community-radio,2.9012726e-05,0.99608225,2.2176455e-05,0.0014554401,4.9113747e-05,0.0020624653,0.00021553694,8.401823e-05
5,5,mobile-music,mobile-music,8.342111e-06,0.0008311947,0.00041301703,0.000113746355,9.2666174e-05,0.99806744,0.00039770364,7.59543e-05
1,1,community-radio,community-radio,0.0003565598,0.54842407,0.00016158386,0.029066825,0.00035794833,0.41135022,0.0063456213,0.003937229
5,5,mobile-music,mobile-music,1.1430463e-05,0.0007974391,0.00084243907,9.0928675e-05,2.8901191e-05,0.9979165,0.0002583742,5.3914726e-05
6,6,motorvehicle-horn,motorvehicle-horn,0.107854605,0.0040813913,0.051160928,0.020947827,0.014515121,0.0010317833,0.7933275,0.00708078
4,4,generator,generator,1.5184262e-06,2.9669849e-05,9.702589e-06,2.9103212e-06,0.99990904,1.35437995e-05,2.8606484e-05,5.0422414e-06
2,2,construction-site,construction-site,1.2123592e-05,4.145997e-05,0.99968064,0.00012455731,4.5618195e-05,3.0038733e-05,2.2349368e-05,4.3127795e-05
3,3,crowd-noise,crowd-noise,0.006288987,0.21065278,0.3223715,0.37265602,0.012506058,0.011586796,0.063029274,0.0009084709
2,2,construction-site,construction-site,1.2683672e-05,4.6807905e-05,0.99977976,8.786121e-05,2.4590028e-05,1.6134409e-05,1.975348e-05,1.2354988e-05
0,0,car-alarm,car-alarm,0.9996736,1.15841285e-05,3.3257442e-05,1.7672095e-05,3.4712718e-07,5.58063e-06,4.298763e-05,0.00021499905
4,4,generator,generator,5.680811e-06,0.00046740533,1.1068648e-05,9.363935e-05,0.9990508,0.00014464208,0.0001647695,6.196648e-05
6,1,motorvehicle-horn,community-radio,0.03481813,0.67143303,0.0040214946,0.02357332,0.00095505663,0.004033205,0.040363662,0.22080213
4,4,generator,generator,0.0057795383,0.045366593,0.00013124125,0.0031446938,0.83101624,0.09413318,0.002916297,0.017512182
6,6,motorvehicle-horn,motorvehicle-horn,0.20444423,0.004583461,0.019437645,0.017203499,0.0014706727,0.0007380081,0.7294119,0.022710621
5,5,mobile-music,mobile-music,0.00043645082,0.008503564,0.23674771,0.016608167,0.013739506,0.7057741,0.016231399,0.001959079
4,4,generator,generator,0.00019104987,0.000392803,0.0014384616,0.0004998185,0.99291915,8.127405e-05,0.0043935515,8.3978004e-05
3,3,crowd-noise,crowd-noise,1.2528388e-05,8.32925e-05,0.00055024296,0.999209,5.424864e-05,2.4332097e-05,6.105409e-05,5.2463506e-06
5,5,mobile-music,mobile-music,9.69224e-07,0.00021268816,1.558369e-06,7.592085e-06,8.676748e-07,0.99973696,1.2826894e-05,2.6436483e-05
0,0,car-alarm,car-alarm,0.9997049,8.104195e-06,1.853106e-05,8.856645e-06,2.0118284e-07,4.550791e-06,2.6378999e-05,0.00022836511
2,2,construction-site,construction-site,2.8306626e-05,0.000103039056,0.99785113,0.00028395458,0.0008356977,0.0005405682,0.00031917408,3.827232e-05
7,7,motorvehicle-siren,motorvehicle-siren,6.6155417e-06,2.354486e-06,1.8224388e-05,4.0575824e-06,4.4009873e-08,5.045499e-07,4.068715e-06,0.9999641
0,6,car-alarm,motorvehicle-horn,0.42431626,0.00046746785,0.004816622,0.006877292,0.0014133562,0.00016737705,0.55751324,0.0044284887
7,7,motorvehicle-siren,motorvehicle-siren,0.00014205191,6.740111e-05,6.0899783e-05,1.9718484e-05,9.270481e-07,3.798011e-05,0.00020902892,0.99946207
2,2,construction-site,construction-site,0.0055740015,0.027220363,0.54095554,0.3508323,0.027277898,0.0047744988,0.03582914,0.0075362427
0,0,car-alarm,car-alarm,0.99903,4.7648027e-05,0.00012328575,5.995714e-05,8.575729e-07,1.5974723e-05,7.204036e-05,0.00065024546
5,5,mobile-music,mobile-music,0.00024061656,0.03636881,0.00039517132,0.0032897638,0.00025386244,0.95726097,0.0008576152,0.0013331387
3,3,crowd-noise,crowd-noise,1.5628608e-05,6.498018e-05,0.0003077479,0.9993857,3.592998e-05,0.00014160217,4.017659e-05,8.266567e-06
6,6,motorvehicle-horn,motorvehicle-horn,0.020343209,0.00010426412,0.0018762148,0.0022748255,0.0015533117,2.592512e-05,0.9724318,0.0013903839
5,5,mobile-music,mobile-music,0.0006909931,0.041396473,0.00014528674,0.012285612,0.00034943168,0.9429156,0.00084583485,0.0013707563
3,3,crowd-noise,crowd-noise,0.00019554282,0.0010053858,0.0003267361,0.99716574,0.00020893448,0.0007247578,0.00030065823,7.212674e-05
5,5,mobile-music,mobile-music,6.8820526e-07,0.00048321075,1.7707836e-06,1.9808576e-05,9.981883e-07,0.99945635,1.7291557e-05,1.9865254e-05
1,1,community-radio,community-radio,1.1112481e-05,0.99627376,5.3455174e-06,0.0006578034,4.381713e-05,0.0024999187,0.00042350995,8.4863335e-05
0,0,car-alarm,car-alarm,0.99957794,5.630913e-06,1.999308e-05,1.2034102e-05,3.868596e-07,5.677773e-06,5.658106e-05,0.00032175257
3,3,crowd-noise,crowd-noise,8.913357e-06,0.0002324328,0.0005675775,0.99883395,0.00024965167,5.2597814e-05,2.5932757e-05,2.8990951e-05
6,6,motorvehicle-horn,motorvehicle-horn,0.02589806,0.0027564007,0.0041480726,0.011361141,0.0066365176,0.0005326404,0.9451182,0.003548974
3,3,crowd-noise,crowd-noise,4.4613207e-06,4.9605558e-05,9.760822e-05,0.9997938,2.4276553e-05,1.1190194e-05,1.6704724e-05,2.3773205e-06
2,2,construction-site,construction-site,7.518914e-06,1.2151241e-06,0.999861,3.1333504e-05,1.7576813e-06,4.156144e-07,3.4787886e-06,9.324307e-05
6,2,motorvehicle-horn,construction-site,0.0027828682,0.0097002,0.8677633,0.029915757,0.0102946395,0.008838915,0.06764676,0.0030575008
6,6,motorvehicle-horn,motorvehicle-horn,0.26820955,0.0005268725,0.0023949745,0.009390889,0.00050891726,0.00014510553,0.7132227,0.0056009227
2,2,construction-site,construction-site,2.4749486e-05,6.3201776e-05,0.99112356,0.00034708309,0.007163469,0.0001109434,0.0011377436,2.9271805e-05
5,5,mobile-music,mobile-music,2.1233996e-06,0.00083770475,3.036786e-06,1.6501e-05,2.9427704e-06,0.9990765,2.0316698e-05,4.0742765e-05
2,2,construction-site,construction-site,0.0009019113,5.0685914e-05,0.9762162,0.0011730647,0.0004137205,0.012930135,0.006714713,0.0015996351
1,1,community-radio,community-radio,0.00039829616,0.9163547,0.0008593161,0.013567056,0.0013805291,0.0627717,0.0029500537,0.0017183977
4,4,generator,generator,0.00010292808,0.0011045937,0.012108471,0.0014037916,0.96290046,0.00070356356,0.021480994,0.00019514667
4,2,generator,construction-site,0.0081855245,0.0763378,0.36405337,0.33402553,0.022009619,0.14762291,0.02030546,0.027459808
5,7,mobile-music,motorvehicle-siren,0.0020823295,0.011550467,0.0010250182,0.013910014,0.0013318433,0.25019658,0.010028447,0.70987535
0,0,car-alarm,car-alarm,0.9995721,1.0680348e-05,0.0001837136,2.8424243e-05,5.753694e-07,6.474932e-06,5.447172e-05,0.00014348814
6,6,motorvehicle-horn,motorvehicle-horn,0.0041421964,9.283217e-05,0.0002486688,0.00086407794,0.00023603986,5.172385e-05,0.99414563,0.00021884128
1,1,community-radio,community-radio,4.053353e-05,0.99486095,5.6512035e-05,0.0015338757,0.00023434022,0.002109104,0.00078737584,0.00037735872
5,5,mobile-music,mobile-music,2.0131074e-05,0.01596519,7.842462e-06,0.0003036397,1.912275e-05,0.9820947,9.485837e-05,0.0014944794
1,1,community-radio,community-radio,4.819495e-06,0.9977447,4.999162e-06,0.00012102381,0.00016628274,0.0018512459,6.779769e-05,3.9141905e-05
1,1,community-radio,community-radio,0.000719199,0.9769081,0.0003089152,0.013773741,0.00026200493,0.00044202147,0.0059591653,0.0016267815
4,4,generator,generator,8.762146e-07,4.756217e-06,3.7151996e-05,3.013788e-06,0.9998988,3.5624562e-06,5.13552e-05,5.116113e-07
4,4,generator,generator,2.1699594e-07,3.5732512e-06,5.9085014e-06,9.263832e-07,0.99997854,2.0170455e-06,8.505151e-06,2.1954943e-07
3,3,crowd-noise,crowd-noise,0.0016855699,0.0028910688,0.22001149,0.7724774,0.0009299032,0.00044046616,0.00025945556,0.0013046899
2,2,construction-site,construction-site,1.1553288e-05,0.00017661146,0.99869174,0.00051968906,0.00037563895,4.9047998e-05,0.00016280252,1.3001459e-05
5,5,mobile-music,mobile-music,3.8626116e-05,0.013628529,0.0004364472,0.0003930337,0.00044267997,0.9836527,0.00079802366,0.00061006146
4,4,generator,generator,0.00017927309,0.005025288,0.003327808,0.0010899631,0.9853258,0.001781931,0.003019181,0.0002508092
0,0,car-alarm,car-alarm,0.9998104,4.548299e-06,1.38290025e-05,1.08574395e-05,6.59892e-07,6.8359104e-06,3.3937544e-05,0.00011890003
3,3,crowd-noise,crowd-noise,0.0104187345,0.07508637,0.112535365,0.4445655,0.19562896,0.013879016,0.0072287247,0.1406573
2,2,construction-site,construction-site,0.00067186035,0.17220342,0.5081059,0.14756083,0.10708375,0.046430238,0.0053168884,0.012627068
1,1,community-radio,community-radio,6.303933e-06,0.998197,1.7929055e-05,0.0007636574,9.398769e-05,0.00074994465,0.00013901306,3.2159085e-05
1,1,community-radio,community-radio,8.074595e-05,0.97853684,9.086524e-05,0.016451765,0.00021544354,0.0008402928,0.0030900235,0.000693993
6,6,motorvehicle-horn,motorvehicle-horn,0.06815734,0.0053911204,0.009579293,0.010339773,0.0005203971,0.00024070617,0.88396204,0.021809341
0,0,car-alarm,car-alarm,0.46099982,0.07186276,0.0046923487,0.083646916,0.0017591225,0.022629507,0.3044053,0.050004236
4,4,generator,generator,2.5447263e-05,3.9626095e-05,2.6528382e-05,5.955481e-06,0.9995203,8.856153e-05,0.00027270184,2.0868227e-05
1,1,community-radio,community-radio,3.7899538e-06,0.9993217,2.3801522e-05,0.0001946727,3.836796e-05,0.00034449037,5.010453e-05,2.3067776e-05
6,6,motorvehicle-horn,motorvehicle-horn,0.0062949555,0.0017740343,0.0013544655,0.0012879405,0.0014079374,0.00032764833,0.97845113,0.009101881
0,0,car-alarm,car-alarm,0.9818284,0.00015453252,0.00056922954,0.00010904985,4.1822e-05,0.00010342706,0.016538272,0.0006554098
1,6,community-radio,motorvehicle-horn,0.047249302,0.099240765,0.0050782408,0.07115037,0.003407543,0.032862656,0.6822034,0.058807705
3,3,crowd-noise,crowd-noise,1.2494125e-05,4.953252e-05,0.0001456543,0.99965453,4.859699e-05,3.3635646e-05,5.059344e-05,5.0038902e-06
4,4,generator,generator,1.2799036e-06,0.0026696594,5.449671e-06,8.9685476e-05,0.99666554,0.00051445316,1.845336e-05,3.5484638e-05
1,1,community-radio,community-radio,0.00010876426,0.9618958,0.00956833,0.020308092,0.0035289347,0.002491893,0.0015184499,0.0005796887
1,1,community-radio,community-radio,3.4837472e-06,0.9991818,1.8764625e-06,8.121686e-05,1.3480606e-05,0.00066981616,2.5443716e-05,2.2849292e-05
4,3,generator,crowd-noise,0.008792773,0.08590489,0.14588794,0.64229935,0.03047079,0.018486941,0.050894905,0.017262422
7,7,motorvehicle-siren,motorvehicle-siren,3.0177346e-06,1.2367962e-06,3.8416442e-06,1.5453866e-06,2.0001476e-08,4.521845e-07,2.1807705e-06,0.9999877
4,4,generator,generator,4.5706356e-06,5.2308374e-06,4.6185345e-05,6.0896177e-06,0.9997837,1.5478401e-05,0.00013637923,2.45956e-06
1,1,community-radio,community-radio,8.804655e-06,0.99689806,6.7263856e-05,0.001805763,0.00020371792,0.0006217316,0.0003221462,7.246109e-05
1,1,community-radio,community-radio,7.247764e-06,0.99843854,1.8208353e-05,0.00037175254,0.00030250257,0.0007148616,0.000101368096,4.5591725e-05
4,4,generator,generator,4.809589e-06,1.7167029e-05,6.657789e-05,1.0708125e-05,0.9997062,1.8561417e-05,0.00017419577,1.8531534e-06
2,6,construction-site,motorvehicle-horn,0.050784692,0.0022087975,0.32518137,0.11072435,0.005248591,0.00056095945,0.5039938,0.0012974527
5,5,mobile-music,mobile-music,0.0005639713,0.004044122,0.05333883,0.0037496907,0.00060193316,0.92847794,0.007892013,0.0013314724
0,7,car-alarm,motorvehicle-siren,0.05806269,0.009504403,0.030597875,0.023366986,0.0003404342,0.017666878,0.004747429,0.8557133
7,7,motorvehicle-siren,motorvehicle-siren,1.18144e-05,4.270979e-06,2.1988074e-06,1.9943514e-06,4.2502567e-08,2.4991998e-06,1.5276568e-05,0.99996185
2,2,construction-site,construction-site,0.00045940402,8.981819e-05,0.99230146,0.0010480662,0.0004365354,0.002242895,0.0033393092,8.253381e-05
5,3,mobile-music,crowd-noise,0.009186892,0.3227689,0.14993244,0.34165817,0.033274077,0.032650854,0.10445605,0.006072611
3,2,crowd-noise,construction-site,0.00045039417,0.031481057,0.6993537,0.18611212,0.06014079,0.013841856,0.0015780203,0.0070420452
3,3,crowd-noise,crowd-noise,0.0019610696,0.02581076,0.27987227,0.6318944,0.038454354,0.0059445538,0.008617037,0.0074456166
1,1,community-radio,community-radio,9.443471e-06,0.9957041,1.4393108e-05,0.00032802895,0.00032274134,0.0033752227,0.00019263002,5.340039e-05
4,4,generator,generator,0.00015063744,0.0028729965,8.7341126e-05,8.4914194e-05,0.9950766,0.00030546542,0.0008765547,0.00054548756
1,1,community-radio,community-radio,0.005060517,0.8853409,0.004265132,0.07306415,0.0015454651,0.0016596003,0.025282908,0.0037813592
6,1,motorvehicle-horn,community-radio,0.010837506,0.61494166,0.016288886,0.0819742,0.030992609,0.013426379,0.18337165,0.048167113
6,6,motorvehicle-horn,motorvehicle-horn,0.00048092843,0.14553592,0.0041667214,0.0115598915,0.38192135,0.06506005,0.39029074,0.0009844685
0,0,car-alarm,car-alarm,0.9999174,1.8067885e-06,2.502973e-05,4.9856117e-06,1.676036e-07,1.3034304e-06,2.0431495e-05,2.8975219e-05
6,3,motorvehicle-horn,crowd-noise,0.043092214,0.03831772,0.1905384,0.3238249,0.08985381,0.029436113,0.2738649,0.011071849
6,6,motorvehicle-horn,motorvehicle-horn,0.028611103,0.00013813305,0.004098424,0.0019547008,0.001519237,5.1965893e-05,0.95921624,0.0044101416
6,6,motorvehicle-horn,motorvehicle-horn,0.08849554,0.0027901104,0.015536473,0.019991942,0.03264552,0.0013344497,0.83515024,0.0040557617
3,3,crowd-noise,crowd-noise,0.0005116079,0.015162541,0.009745216,0.97208655,0.00040202698,0.00042180388,0.0013219498,0.00034836895
4,2,generator,construction-site,0.0066490653,0.0050111655,0.93813413,0.028853688,0.007996819,0.0053428905,0.00076607027,0.007246124
5,5,mobile-music,mobile-music,0.00011694143,0.010037477,0.00016134839,6.68315e-05,1.8315446e-05,0.9772585,0.00040533885,0.0119352685
2,2,construction-site,construction-site,9.48035e-07,2.2568488e-06,0.99983895,0.00011130758,4.1822163e-06,1.841774e-06,2.3482046e-06,3.8133356e-05
6,6,motorvehicle-horn,motorvehicle-horn,0.00038585035,5.754641e-05,0.0051845443,0.00010415063,0.0023483087,6.176384e-05,0.9906632,0.0011946419
1,1,community-radio,community-radio,0.00020107435,0.9372201,0.00032419356,0.0024764917,0.00042399226,0.054186642,0.002587935,0.0025795386
1,1,community-radio,community-radio,1.1480868e-06,0.99936336,1.4195622e-06,0.00010365643,3.2205076e-05,0.00045087186,3.1073803e-05,1.6227325e-05
1,1,community-radio,community-radio,0.0008744791,0.9227559,0.0012576897,0.05426713,0.00086390635,0.0007352555,0.015190056,0.0040555745
4,4,generator,generator,1.2834072e-06,3.6247216e-05,5.9950045e-05,7.127189e-06,0.99980575,2.767388e-05,6.0011884e-05,1.929719e-06
5,5,mobile-music,mobile-music,5.760249e-05,0.046628073,0.00024246192,0.0005603826,0.00042339857,0.95031345,0.0010323283,0.00074227946
6,6,motorvehicle-horn,motorvehicle-horn,0.45528424,0.005131387,0.004213697,0.013149218,0.005498037,0.0011988248,0.50637347,0.009151108
7,7,motorvehicle-siren,motorvehicle-siren,4.361939e-05,8.055405e-06,3.778978e-05,5.740387e-06,9.645068e-08,1.7553451e-06,2.148649e-05,0.9998815
1,1,community-radio,community-radio,5.543404e-06,0.9980217,6.5107547e-06,0.00046331986,3.59297e-05,0.0013042832,0.0001331817,2.9523611e-05
1,1,community-radio,community-radio,3.352557e-05,0.99559855,6.226245e-05,0.0024884779,0.00027873056,0.0008233043,0.0005342328,0.00018088303
1,1,community-radio,community-radio,4.807465e-05,0.9964245,6.3249856e-05,0.0016837908,0.00059418526,0.0006715735,0.00033480985,0.00017974559
4,2,generator,construction-site,0.010308036,0.060963836,0.36996964,0.1761369,0.041416656,0.0040553524,0.28836653,0.048783045
2,3,construction-site,crowd-noise,0.00018847591,0.055423286,0.45669404,0.4806496,0.0019520303,0.002489109,0.001324289,0.0012791628
5,5,mobile-music,mobile-music,0.00010628134,0.0024871617,0.00028065432,0.0019894806,0.00016328183,0.99407697,0.00044799442,0.0004481961
5,2,mobile-music,construction-site,0.00022731318,0.000119503005,0.99047583,0.00061194465,0.00026529212,0.0060384846,0.0020584546,0.00020317505
3,3,crowd-noise,crowd-noise,3.9581013e-05,0.0008761807,0.0006126348,0.99778265,3.1303818e-05,0.0004601427,2.7898512e-05,0.00016959647
1,2,community-radio,construction-site,0.00023125208,0.41377625,0.51606476,0.05802593,0.0062784385,0.0014733787,0.0038442954,0.00030572017
2,2,construction-site,construction-site,0.0002351795,0.0040097185,0.9404369,0.009189032,0.0034564899,0.035717312,0.006691126,0.00026423996
1,5,community-radio,mobile-music,0.0012638364,0.18701887,0.0017570417,0.013845044,0.0004977537,0.7885611,0.0043803724,0.0026759293
3,3,crowd-noise,crowd-noise,0.07736886,0.022660008,0.070738435,0.5570976,0.0102624195,0.023207625,0.23675506,0.0019099091
5,5,mobile-music,mobile-music,5.2329297e-06,0.0007591733,5.6506833e-06,1.9715902e-05,7.006983e-06,0.99909866,2.8070546e-05,7.65709e-05
5,5,mobile-music,mobile-music,3.8520135e-05,0.0027038443,3.8778995e-05,0.00051795447,3.522705e-05,0.99630094,0.00016380608,0.00020086503
3,3,crowd-noise,crowd-noise,8.516341e-06,3.8642844e-05,0.00013148125,0.99972934,2.387786e-05,2.3810595e-05,4.121029e-05,3.0853057e-06
5,5,mobile-music,mobile-music,5.9494564e-06,0.014434244,1.3423517e-05,0.00021843436,3.4487715e-05,0.98498917,0.00020524686,9.902031e-05
4,4,generator,generator,3.1915072e-06,7.4001415e-05,5.145564e-05,2.035932e-05,0.9996965,6.152235e-05,8.9514666e-05,3.4981224e-06
7,7,motorvehicle-siren,motorvehicle-siren,3.4961397e-06,1.2817987e-06,2.013015e-06,4.489267e-07,2.6556345e-08,4.188154e-07,4.534172e-06,0.99998784
2,2,construction-site,construction-site,0.0074631805,0.08024065,0.25042972,0.23999907,0.20514482,0.01638355,0.18817376,0.012165319
5,5,mobile-music,mobile-music,0.00013474248,0.0029964827,0.0002658235,0.004040236,0.00015374563,0.9915827,0.0004525913,0.0003737391
4,4,generator,generator,4.2124193e-06,2.3548644e-05,5.4327684e-06,2.0453592e-06,0.99984014,1.1168684e-05,0.00011251038,9.469374e-07
7,7,motorvehicle-siren,motorvehicle-siren,3.328957e-05,7.796207e-06,3.3450965e-06,3.0877309e-06,7.589861e-08,3.0879812e-06,4.084359e-05,0.99990845
4,4,generator,generator,0.00016226135,0.004523138,0.037753332,0.19873033,0.754056,0.0014043066,0.0013793319,0.0019913218
0,0,car-alarm,car-alarm,0.9985442,3.1000458e-05,3.331537e-05,1.6746795e-05,2.9770092e-07,2.6782214e-05,3.929218e-05,0.0013083005
6,6,motorvehicle-horn,motorvehicle-horn,0.17921399,0.0020220294,0.020713167,0.019738438,0.017191546,0.000888295,0.7560776,0.0041549243
3,1,crowd-noise,community-radio,0.00018662267,0.5553845,0.095762745,0.22430144,0.11543194,0.004525528,0.0024544366,0.0019527398
3,3,crowd-noise,crowd-noise,0.00024465134,0.005022874,0.0001690942,0.99091315,0.0002053153,0.0028074947,0.0004758138,0.00016162495
4,4,generator,generator,0.00031435175,0.0004888992,0.0025283336,0.00048307507,0.9889604,0.00061444275,0.0065175337,9.312118e-05
2,6,construction-site,motorvehicle-horn,0.07044931,0.006693971,0.29808423,0.093276955,0.0099411765,0.0017954365,0.49791452,0.021844346
2,2,construction-site,construction-site,5.8752926e-06,8.787665e-05,0.9993119,0.00026403592,0.0001728333,3.4506782e-05,0.00011544031,7.475807e-06
1,5,community-radio,mobile-music,0.005776626,0.32982674,0.003056447,0.012311868,0.0023854652,0.60836846,0.023739183,0.014535278
4,4,generator,generator,0.0011326737,0.005058468,0.058782596,0.0063007893,0.7991117,0.012064552,0.11376982,0.0037794134
0,0,car-alarm,car-alarm,0.99824274,2.9994553e-05,1.5194542e-05,9.0077065e-06,1.549176e-07,2.4530478e-05,2.80327e-05,0.0016504173
2,1,construction-site,community-radio,0.00048736788,0.8544626,0.058218792,0.058286153,0.0055945734,0.0064791148,0.015913563,0.0005578771
0,0,car-alarm,car-alarm,0.99974316,6.2332465e-06,7.186664e-05,1.0799305e-05,1.4571674e-07,4.612165e-06,3.458339e-05,0.00012863363
3,3,crowd-noise,crowd-noise,7.766215e-06,5.6559915e-05,0.00016337381,0.999701,2.3568711e-05,2.032269e-05,2.1671802e-05,5.728065e-06
0,7,car-alarm,motorvehicle-siren,0.0017024765,0.0069234255,0.028151412,0.050052516,9.507267e-05,0.0055726203,0.0004561526,0.90704626
2,2,construction-site,construction-site,6.043571e-05,7.698674e-05,0.999564,0.00015127477,4.2713058e-05,4.339004e-05,3.221127e-05,2.9040959e-05
1,1,community-radio,community-radio,0.0002521902,0.9695761,0.00093595893,0.012248441,0.00041970474,0.0057041696,0.008998939,0.001864354
4,4,generator,generator,1.4189234e-07,2.559711e-06,3.25843e-06,4.7388016e-07,0.9999875,1.2682247e-06,4.7199696e-06,1.1261429e-07
0,0,car-alarm,car-alarm,0.9966396,0.00042891793,0.0003962162,0.00030875116,3.2384994e-06,4.329343e-05,0.00019227591,0.0019877814
2,2,construction-site,construction-site,9.423414e-06,3.402296e-05,0.9998342,4.715555e-05,1.5539827e-05,1.868842e-05,3.1168896e-05,9.836879e-06
6,6,motorvehicle-horn,motorvehicle-horn,0.0055169216,0.016764019,0.0425647,0.016261468,0.010953971,0.01338442,0.8418023,0.05275219
2,2,construction-site,construction-site,0.00080370915,0.017189464,0.9082793,0.047505647,0.0109727485,0.00278801,0.0113585275,0.0011025405
5,5,mobile-music,mobile-music,2.1358985e-06,0.0005755254,1.771184e-05,3.136953e-05,3.5859773e-06,0.99928904,4.3236934e-05,3.7423477e-05
4,4,generator,generator,4.9982855e-06,0.00015532225,0.00012469418,3.5369052e-05,0.9994628,7.875953e-05,0.0001318926,6.1730298e-06
6,1,motorvehicle-horn,community-radio,0.0032937392,0.8524237,0.004427388,0.07091828,0.004612564,0.005245278,0.054133758,0.0049452684
6,6,motorvehicle-horn,motorvehicle-horn,0.48643154,0.00048393756,0.005930396,0.005354399,0.0018854019,0.00021581305,0.49451342,0.005185118
1,1,community-radio,community-radio,2.2196935e-05,0.9911821,3.09288e-05,0.00061014394,0.0006558071,0.0069873906,3.2305034e-05,0.00047912996
4,4,generator,generator,1.0830556e-06,1.7348138e-05,6.6269513e-06,1.8239347e-06,0.999944,7.528414e-06,1.8729763e-05,2.8370011e-06
3,3,crowd-noise,crowd-noise,0.0005671657,0.006630355,0.002690831,0.9871262,0.0011200377,0.0007815184,0.000746058,0.00033782655
0,0,car-alarm,car-alarm,0.9993507,8.219011e-06,2.168829e-05,1.6255897e-05,3.4083033e-07,7.935007e-06,6.298379e-05,0.00053176825
4,4,generator,generator,1.4055798e-06,0.0021078864,6.430125e-06,5.732655e-05,0.9972218,0.00046991947,0.000106298256,2.8957109e-05
6,6,motorvehicle-horn,motorvehicle-horn,0.022030795,0.0017765408,0.002108961,0.002201586,0.015373096,0.0008560889,0.94873846,0.00691446
1,1,community-radio,community-radio,0.00087013503,0.9706035,0.0029761624,0.019596804,0.0007858564,0.0010361761,0.0006894496,0.0034419547
1,1,community-radio,community-radio,1.4176702e-05,0.994231,8.7303444e-05,0.0016435338,0.00021430009,0.0032458021,0.00041435866,0.00014953894
1,1,community-radio,community-radio,9.8113676e-05,0.99252796,0.00011854048,0.0013817685,0.0018364079,0.0033283096,0.00027591418,0.0004330355
3,3,crowd-noise,crowd-noise,5.3751237e-06,5.9178183e-05,0.00017384232,0.9996673,4.4412493e-05,2.0393043e-05,2.6100268e-05,3.3200495e-06
2,2,construction-site,construction-site,0.00071301335,0.029891279,0.92223233,0.026705066,0.0024866872,0.006739318,0.0021913087,0.0090410495
2,2,construction-site,construction-site,5.9182444e-06,1.5648702e-05,0.9988715,0.00018614804,0.0006990009,1.4331299e-05,0.00020444363,2.9303721e-06
0,0,car-alarm,car-alarm,0.999509,1.5393403e-05,0.00021150666,3.295449e-05,6.877717e-07,8.40452e-06,5.029759e-05,0.00017180863
2,2,construction-site,construction-site,4.058577e-06,3.5495577e-06,0.9998802,7.6023854e-05,4.311606e-06,3.3375582e-06,5.032699e-06,2.358058e-05
2,2,construction-site,construction-site,3.3043434e-05,7.315522e-05,0.9996227,0.00013458103,7.244526e-05,2.0584437e-05,3.4625093e-05,8.800719e-06
5,5,mobile-music,mobile-music,3.4910954e-06,0.00033717498,8.26868e-07,7.5082876e-06,1.6913017e-06,0.9995216,1.0452776e-05,0.00011730174
6,6,motorvehicle-horn,motorvehicle-horn,0.0026039954,9.4753785e-05,0.00041094294,0.00090819655,0.00015773927,4.8756516e-05,0.99560475,0.00017104419
3,6,crowd-noise,motorvehicle-horn,0.13010056,0.015692616,0.009697646,0.028570347,0.0010189058,0.017180776,0.5717645,0.22597465
1,1,community-radio,community-radio,1.2831043e-05,0.99830985,2.4195595e-05,0.00071366125,0.00014064922,0.0005621944,0.00017147457,6.508769e-05
2,2,construction-site,construction-site,3.97371e-05,2.4690347e-05,0.99705386,0.00019304536,0.00013893467,0.0017250355,0.0007867748,3.8046397e-05
0,0,car-alarm,car-alarm,0.9976801,6.685445e-05,5.4257252e-05,2.2092205e-05,4.3166986e-07,1.4591684e-05,5.890013e-05,0.0021027501
3,6,crowd-noise,motorvehicle-horn,0.17609291,0.001444006,0.06310584,0.029283395,0.04758141,0.0010257661,0.6776268,0.003839974
4,4,generator,generator,6.3900284e-06,9.048678e-05,1.1612711e-05,2.6955968e-06,0.99949634,0.00017672796,0.00019639483,1.9247713e-05
4,4,generator,generator,0.0024158203,0.021042205,0.36611566,0.14776395,0.4344187,0.0044033243,0.010912415,0.012927892
0,0,car-alarm,car-alarm,0.9998888,5.3732037e-06,1.803596e-05,8.978236e-06,5.4765815e-07,3.3956696e-06,2.6197482e-05,4.8641814e-05
7,7,motorvehicle-siren,motorvehicle-siren,1.523177e-05,5.5772352e-06,0.00011752909,1.4161924e-05,8.485416e-08,7.1572936e-07,5.252455e-06,0.99984133
4,4,generator,generator,1.1657078e-06,2.1048007e-05,6.198708e-05,2.348299e-05,0.9998091,3.925822e-05,4.232206e-05,1.6663538e-06
2,2,construction-site,construction-site,0.0009747074,0.00430494,0.9385536,0.017919948,0.003561809,0.012770246,0.021519378,0.000395384
4,4,generator,generator,2.6841167e-07,0.0003829606,1.3397016e-06,1.5182351e-05,0.9994499,0.00014015204,5.2421233e-06,5.0584263e-06
0,6,car-alarm,motorvehicle-horn,0.26161927,0.0072922627,0.0030301318,0.012242868,0.0038509406,0.0008822766,0.6903369,0.020745352
0,0,car-alarm,car-alarm,0.9952297,9.662014e-05,6.389649e-05,2.1173944e-05,6.6958097e-07,4.9519876e-05,6.463126e-05,0.004473757
0,0,car-alarm,car-alarm,0.9995334,1.5306749e-05,5.216844e-05,3.3335396e-05,3.5444068e-06,4.082047e-06,0.00013658169,0.00022151814
6,6,motorvehicle-horn,motorvehicle-horn,0.024817752,0.013021715,0.06215431,0.06915652,0.11049245,0.0020395853,0.7019596,0.016358081
6,6,motorvehicle-horn,motorvehicle-horn,0.29767525,0.0016607317,0.0033733638,0.013572915,0.00072976405,0.00088996615,0.67507637,0.007021628
1,1,community-radio,community-radio,0.00023091811,0.9856821,7.20655e-05,0.0016433602,0.001751266,0.008251794,0.0014614797,0.0009070411
7,7,motorvehicle-siren,motorvehicle-siren,0.08805551,0.0025491468,0.05070423,0.034281183,0.0001815344,0.018929286,0.029781085,0.77551806
4,4,generator,generator,0.00023624301,0.01170338,0.00048539424,0.00019006588,0.9730743,0.003046051,0.009923592,0.0013408795
0,0,car-alarm,car-alarm,0.99976593,7.0984493e-06,3.2866436e-05,3.0775944e-05,4.6616433e-06,5.0835474e-06,9.769211e-05,5.5992106e-05
6,6,motorvehicle-horn,motorvehicle-horn,0.01164853,0.000609684,0.001815643,0.0033479913,0.00044426977,9.350613e-05,0.9440305,0.038009867
0,0,car-alarm,car-alarm,0.9999114,1.9409035e-06,7.143901e-06,5.3529943e-06,7.968145e-08,2.8007819e-06,2.0795618e-05,5.0458162e-05
1,2,community-radio,construction-site,0.026622467,0.025568007,0.61442244,0.22289485,0.041727822,0.039828993,0.008089095,0.020846343
4,4,generator,generator,2.7180145e-06,8.334454e-05,3.9549126e-05,2.5761477e-05,0.9996025,0.00014914827,8.755274e-05,9.395281e-06
1,1,community-radio,community-radio,8.905003e-06,0.9897648,5.130387e-05,0.000997061,3.3799173e-05,0.008398782,0.0005552011,0.00019020462
0,0,car-alarm,car-alarm,0.9997888,6.7921665e-06,9.602719e-06,9.992391e-06,1.07988804e-07,5.675895e-06,4.8966038e-05,0.00013011343
7,7,motorvehicle-siren,motorvehicle-siren,2.393806e-05,1.771617e-05,0.00011035235,4.5649766e-05,1.951464e-07,4.6574887e-06,8.674654e-06,0.9997888
7,7,motorvehicle-siren,motorvehicle-siren,0.000109448316,3.0389861e-05,1.6307587e-05,2.0274712e-05,6.2901395e-06,9.541023e-06,0.00019679796,0.99961096
7,7,motorvehicle-siren,motorvehicle-siren,1.0833982e-05,2.9272778e-06,2.7702279e-06,1.6601256e-06,3.6405098e-08,3.96919e-06,1.9470504e-05,0.9999583
6,2,motorvehicle-horn,construction-site,0.023401683,0.00060349994,0.696096,0.008192447,0.006052218,0.075955816,0.15593988,0.033758443
1,1,community-radio,community-radio,7.887134e-06,0.99818856,4.6582914e-05,0.0008910793,0.00020863122,0.00047646917,0.00015351333,2.732661e-05
3,3,crowd-noise,crowd-noise,3.2837725e-05,0.0045193573,0.0005675249,0.99303585,0.00021991554,0.0013040791,8.181541e-05,0.00023865666
4,2,generator,construction-site,0.015623452,0.03438982,0.35222128,0.06486392,0.28355092,0.030946385,0.19963019,0.018774092
2,2,construction-site,construction-site,9.838503e-05,0.00045499438,0.9894037,0.007048294,0.00045061484,0.00021726945,0.00015220525,0.0021744815
6,6,motorvehicle-horn,motorvehicle-horn,0.051858466,0.22061527,0.0098747015,0.080300346,0.045026705,0.022812929,0.40156195,0.16794968
7,7,motorvehicle-siren,motorvehicle-siren,0.08446488,0.006190326,0.0012534604,0.0055060764,9.918321e-05,0.00061660487,0.13741766,0.7644518
3,1,crowd-noise,community-radio,0.00093667477,0.9660432,0.00040077954,0.015036129,0.0016071664,0.008906203,0.002646186,0.004423602
3,3,crowd-noise,crowd-noise,0.0008252168,0.013848127,0.0037229648,0.96307933,0.0010216278,0.013663864,0.0029425528,0.0008962767
3,3,crowd-noise,crowd-noise,6.560788e-06,3.8271533e-05,9.7672935e-05,0.9997795,2.7226071e-05,1.769537e-05,3.0011694e-05,2.9304022e-06
0,6,car-alarm,motorvehicle-horn,0.15869012,0.057020143,0.03728469,0.27609214,0.013815671,0.01845524,0.4064805,0.03216142
5,5,mobile-music,mobile-music,5.675369e-06,0.0030739799,1.9770068e-05,0.00038662594,2.7319795e-05,0.99629253,9.816062e-05,9.597905e-05
6,6,motorvehicle-horn,motorvehicle-horn,0.06046036,0.0010982407,0.0024892506,0.0024574348,0.0005812713,0.00020505826,0.9234498,0.009258558
2,2,construction-site,construction-site,0.0008893059,0.039010357,0.86189926,0.05544964,0.014834507,0.018555937,0.0020451471,0.0073158136
3,3,crowd-noise,crowd-noise,2.6003985e-05,0.00044802428,0.00047666658,0.99810565,0.00025680047,0.0006101268,6.305517e-05,1.3671862e-05
1,1,community-radio,community-radio,0.00012254503,0.96976054,4.7857877e-05,0.020035781,0.00036527938,0.001910291,0.0066589573,0.0010988422
3,1,crowd-noise,community-radio,0.019219441,0.8056277,0.0010868933,0.033224177,0.0010139968,0.08436957,0.014688593,0.04076965
2,2,construction-site,construction-site,3.1578435e-05,5.3956137e-05,0.9987373,0.0008189597,0.00014162411,6.7519315e-05,0.00011321946,3.5871584e-05
0,0,car-alarm,car-alarm,0.9990464,9.1689835e-06,8.492063e-06,9.965166e-06,6.183108e-07,1.199564e-05,0.00035255885,0.00056075427
0,0,car-alarm,car-alarm,0.9998179,4.7468834e-06,4.676515e-05,2.5086383e-05,7.886229e-07,3.9902684e-06,2.9031138e-05,7.16649e-05
2,4,construction-site,generator,0.0053546065,0.0703107,0.32080707,0.14839788,0.33550322,0.013712613,0.08498366,0.020930292
5,5,mobile-music,mobile-music,9.3656973e-07,0.00010752788,1.1618852e-06,7.2583557e-06,6.5352e-07,0.99984515,1.2778259e-05,2.4512283e-05
6,6,motorvehicle-horn,motorvehicle-horn,0.00637708,0.0005430848,0.0011870178,0.0052187135,0.0060257046,0.0011296112,0.97849107,0.0010277814
7,7,motorvehicle-siren,motorvehicle-siren,9.077243e-05,0.00023192241,2.4500434e-05,7.150103e-05,2.110211e-07,0.0002413855,2.0783673e-05,0.99931896
6,6,motorvehicle-horn,motorvehicle-horn,0.16764675,0.001709898,0.005309173,0.0055045183,0.0009804844,0.0003242694,0.8083626,0.010162308
4,4,generator,generator,2.0303061e-07,1.9378535e-06,8.199308e-06,7.3861344e-07,0.9999801,1.4411814e-06,7.1898166e-06,1.5544154e-07
3,2,crowd-noise,construction-site,0.009712805,0.023779247,0.6276749,0.19981034,0.068535425,0.01197331,0.044728175,0.013785827
3,3,crowd-noise,crowd-noise,0.003331911,0.060082797,0.0031849383,0.88490134,0.0009754112,0.036292043,0.008178639,0.003052966
5,3,mobile-music,crowd-noise,0.028184613,0.14128405,0.15134062,0.48773456,0.015237086,0.0062733414,0.15578741,0.014158356
2,2,construction-site,construction-site,5.619845e-05,6.3045845e-05,0.9988331,0.00014569126,0.000105107545,0.00032066676,0.00043504374,4.1116407e-05
1,1,community-radio,community-radio,0.0012172454,0.89269996,0.01805618,0.043968283,0.016338928,0.008797794,0.014680921,0.004240585
3,3,crowd-noise,crowd-noise,2.2779292e-05,0.00033552307,0.00038548262,0.9991253,2.0949234e-05,5.5981633e-05,2.1240065e-05,3.2787448e-05
0,0,car-alarm,car-alarm,0.9985328,2.4498046e-05,1.252882e-05,1.1202863e-05,1.2864727e-07,1.2394597e-05,2.725066e-05,0.0013792011
1,1,community-radio,community-radio,0.004780541,0.88618165,0.0011588797,0.05620437,0.00047554655,0.036626015,0.0076767625,0.0068962076
2,2,construction-site,construction-site,0.0009653489,0.0012625403,0.9408735,0.038013138,0.0018392189,0.00022992044,0.016558915,0.00025740932
7,7,motorvehicle-siren,motorvehicle-siren,6.358205e-05,1.232257e-05,4.6060726e-05,1.7597966e-05,1.8955636e-07,2.7888088e-06,4.9071525e-05,0.9998084
5,5,mobile-music,mobile-music,6.075823e-06,0.00056156743,2.3091383e-05,5.662148e-05,1.13707965e-05,0.99924797,4.1618438e-05,5.1675583e-05
4,4,generator,generator,7.4897196e-07,8.140057e-06,5.227458e-06,1.2440279e-06,0.99996126,6.923401e-06,1.4688086e-05,1.7958424e-06
2,2,construction-site,construction-site,0.00011551473,0.0006023167,0.9928636,0.0031956723,0.0007094745,0.0011682597,0.0003017412,0.0010435699
7,5,motorvehicle-siren,mobile-music,3.9027356e-05,0.068152376,6.2464906e-06,0.0018801355,3.7218822e-05,0.9254163,0.00026427797,0.0042044176
1,5,community-radio,mobile-music,0.002654979,0.07748336,0.0006667132,0.008140554,0.00044674985,0.7480722,0.086454496,0.07608094
5,5,mobile-music,mobile-music,0.0001935921,0.03602096,0.00033220838,0.0014610925,0.0004985341,0.9587912,0.0015676154,0.0011348078
2,2,construction-site,construction-site,0.00012753093,0.0006143572,0.9924441,0.0040156185,0.001255859,0.0007727688,0.0005485625,0.00022111426
6,6,motorvehicle-horn,motorvehicle-horn,0.0008889426,0.00081337884,0.08057246,0.00083527627,0.0014501298,0.008620945,0.9062209,0.0005979677
7,7,motorvehicle-siren,motorvehicle-siren,0.00014732261,1.5379409e-06,6.884453e-06,1.4251856e-06,1.9416146e-07,7.709871e-07,0.00012047928,0.99972135
5,1,mobile-music,community-radio,0.000728404,0.88758093,5.513596e-05,0.008454523,0.0004899764,0.08790865,0.002105738,0.01267655
1,1,community-radio,community-radio,0.00018423809,0.9721656,0.0008402663,0.022906225,0.00071027235,0.00090909185,0.0014900363,0.0007943824
1,1,community-radio,community-radio,0.00034064715,0.9191656,0.0016075242,0.0022194732,0.062389214,0.0065010395,0.007027366,0.0007490547
2,2,construction-site,construction-site,0.0015567463,0.0065437225,0.9172532,0.054206565,0.008785428,0.0043894514,0.003008244,0.0042566406
4,4,generator,generator,5.0178198e-08,3.9938495e-06,3.9577895e-05,1.1643423e-06,0.9999205,4.347662e-06,2.9097844e-05,1.3347607e-06
7,7,motorvehicle-siren,motorvehicle-siren,1.0706878e-05,3.2554474e-06,4.0807605e-05,6.579647e-06,1.4068839e-07,1.330668e-06,1.0046868e-05,0.99992716
2,2,construction-site,construction-site,5.5473673e-05,7.5523335e-06,0.9985281,0.00016061164,3.533086e-05,0.0006039557,0.0005829831,2.5849198e-05
1,1,community-radio,community-radio,0.004534078,0.5881351,0.0020519858,0.012983471,0.016560327,0.023675406,0.01095049,0.34110913
6,6,motorvehicle-horn,motorvehicle-horn,0.12268463,0.0068189586,0.017547324,0.04265922,0.0084910905,0.0017399184,0.78928894,0.010769941
7,7,motorvehicle-siren,motorvehicle-siren,1.0027954e-05,2.242279e-06,5.4812757e-05,6.6359344e-06,5.3807845e-08,5.01911e-07,4.1204826e-06,0.99992156
5,5,mobile-music,mobile-music,2.8963434e-06,0.0074230907,6.942886e-06,4.8295507e-05,1.762826e-05,0.992417,1.59073e-05,6.8218156e-05
2,2,construction-site,construction-site,0.0008765851,0.0058199647,0.9821768,0.0035138584,0.0033480932,0.00073295296,0.0007399432,0.0027918292
0,0,car-alarm,car-alarm,0.99667007,3.178881e-05,4.1713374e-05,9.969613e-06,1.826465e-07,2.8168886e-05,3.6384303e-05,0.0031816864
7,7,motorvehicle-siren,motorvehicle-siren,7.447825e-05,3.1287705e-05,3.0266028e-05,1.21964595e-05,9.138359e-08,1.1976668e-06,1.0174869e-05,0.99984026
5,5,mobile-music,mobile-music,8.293093e-06,0.0006401882,1.8942668e-06,2.2138314e-05,3.6576694e-06,0.99918586,4.473492e-05,9.3111084e-05
5,5,mobile-music,mobile-music,6.726833e-05,0.003093178,0.00013392023,0.0005281745,0.00014283782,0.9953987,0.0003709389,0.0002650632
3,3,crowd-noise,crowd-noise,9.875488e-06,4.44079e-05,9.839995e-05,0.99969554,2.7844644e-05,6.6869565e-05,5.2948708e-05,4.0375267e-06
4,4,generator,generator,0.0013349742,0.000761969,0.04279953,0.0008994849,0.46416757,0.011191069,0.46366253,0.015182856
3,3,crowd-noise,crowd-noise,6.6811635e-06,3.261144e-05,5.8294798e-05,0.99983346,2.133229e-05,2.1137052e-05,2.402105e-05,2.4116732e-06
3,3,crowd-noise,crowd-noise,3.499802e-06,0.00016539573,0.00016829588,0.9994728,0.0001367079,3.6082867e-05,1.06954e-05,6.563356e-06
6,6,motorvehicle-horn,motorvehicle-horn,0.06190408,0.01240473,0.04572871,0.022744337,0.19230093,0.0059394175,0.63628864,0.022689112
1,1,community-radio,community-radio,4.4375065e-05,0.9897683,4.048816e-05,0.0073657148,8.131213e-05,0.00045919107,0.0019308869,0.0003096944
1,1,community-radio,community-radio,3.830057e-05,0.99356365,4.6544606e-05,0.0018909759,0.0022134858,0.0014631692,0.0003096602,0.00047434634
3,3,crowd-noise,crowd-noise,0.0015953426,0.06048821,0.3612763,0.49164954,0.012702635,0.0033449177,0.0033690985,0.065573975
4,4,generator,generator,2.320125e-07,3.2966084e-06,1.4423759e-05,1.5663512e-06,0.9999651,2.732385e-06,1.2379831e-05,2.2959111e-07
2,2,construction-site,construction-site,0.00029494448,0.00023907074,0.98843145,0.0014133513,0.0003850569,0.006847748,0.0021860756,0.00020229176
7,7,motorvehicle-siren,motorvehicle-siren,0.00020036704,4.296126e-05,2.7718675e-05,1.973486e-05,6.831013e-07,1.1564674e-05,0.00030877138,0.9993881
6,6,motorvehicle-horn,motorvehicle-horn,0.290045,0.00041991513,0.0038679366,0.007033198,0.00044422722,0.00015262733,0.6905773,0.007459722
0,0,car-alarm,car-alarm,0.9998789,3.9168867e-06,1.7630977e-05,1.4948951e-05,1.2893237e-06,3.2226621e-06,2.401914e-05,5.6078756e-05
4,4,generator,generator,6.8616195e-05,0.002875482,0.0009945582,0.0010179701,0.99224335,0.0007314651,0.00201548,5.3063923e-05
6,6,motorvehicle-horn,motorvehicle-horn,0.0019393382,0.00016880721,0.003167394,0.0006122477,0.028133184,2.8891132e-05,0.9647302,0.0012200532
2,6,construction-site,motorvehicle-horn,0.017488528,0.00857765,0.02309497,0.009904945,0.0005266515,0.0003176877,0.9244182,0.015671398
3,3,crowd-noise,crowd-noise,8.4808045e-05,0.0010288673,0.005228618,0.9835186,0.0018924659,0.007681259,0.0005059001,5.9540875e-05
4,4,generator,generator,8.439263e-06,0.00018256165,0.0012469153,0.00033507918,0.99778396,7.3500996e-05,0.00033279703,3.6774178e-05
5,5,mobile-music,mobile-music,1.0017158e-06,0.0002954281,2.489755e-06,1.0606882e-05,2.1363107e-06,0.9996612,9.950637e-06,1.7204407e-05
6,5,motorvehicle-horn,mobile-music,0.00027212646,0.04859052,0.0011636136,0.0025126564,0.001448937,0.9420769,0.0027327626,0.0012024546
4,4,generator,generator,1.4256761e-05,0.00010573796,0.00025438523,4.6095403e-05,0.99863726,0.0001395419,0.0007351449,6.7575675e-05
7,7,motorvehicle-siren,motorvehicle-siren,1.0855679e-05,2.728658e-06,2.4655578e-06,1.3409991e-06,2.5188495e-08,1.853937e-06,8.295902e-06,0.99997246
0,0,car-alarm,car-alarm,0.9978085,2.4097712e-05,5.3543754e-06,1.1646947e-05,6.1823647e-07,2.6247753e-05,0.00031198753,0.0018115208
5,6,mobile-music,motorvehicle-horn,0.028950507,0.07974855,0.044099543,0.24363227,0.048235398,0.25479993,0.26913688,0.03139691
0,6,car-alarm,motorvehicle-horn,0.22438014,0.00048378602,0.0049810787,0.004808741,0.0024818897,0.0005050981,0.7540693,0.008289899
2,2,construction-site,construction-site,0.0006932037,0.015617079,0.8247911,0.13216287,0.0080872625,0.008649149,0.0014932394,0.008506145
3,3,crowd-noise,crowd-noise,0.0005805103,0.32906768,0.068904385,0.55692255,0.0143464375,0.021718781,0.0028129104,0.0056467946
6,6,motorvehicle-horn,motorvehicle-horn,0.3127779,0.00271702,0.014782915,0.0072449935,0.0020561577,0.00058432075,0.6451083,0.014728469
3,2,crowd-noise,construction-site,0.025874795,0.037369408,0.31714815,0.2796116,0.023930354,0.07568341,0.21211292,0.028269371
1,1,community-radio,community-radio,8.020871e-05,0.9487163,0.000107538894,0.0015944578,0.0024292856,0.046119537,0.0001952868,0.00075737963
1,1,community-radio,community-radio,1.6380533e-05,0.9982047,4.4359913e-05,0.0008440102,0.00032174535,0.00030025278,0.00015277082,0.00011576637
6,6,motorvehicle-horn,motorvehicle-horn,0.100261584,0.02487646,0.028658798,0.04977942,0.0046730353,0.051661383,0.7173899,0.022699427
4,2,generator,construction-site,0.0005054074,0.001707832,0.9471394,0.018091977,0.025919676,0.0015748837,0.0047524115,0.00030842196
4,4,generator,generator,2.1384106e-07,4.447568e-06,9.148543e-06,1.2610302e-06,0.9999727,2.4377541e-06,9.614968e-06,2.4120558e-07
3,3,crowd-noise,crowd-noise,0.0520575,0.37272134,0.0068359254,0.37414974,0.0032428787,0.009152925,0.14846899,0.03337072
6,6,motorvehicle-horn,motorvehicle-horn,0.0008476413,0.002345664,0.012326812,0.0008585226,0.046575084,0.0017710086,0.9343608,0.0009145316
0,0,car-alarm,car-alarm,0.96452576,0.002890754,0.0069160988,0.0077451207,0.00028532094,0.0017930965,0.0026358773,0.013207942
1,2,community-radio,construction-site,0.0036783817,0.02417604,0.81646144,0.04498935,0.0039831833,0.07958151,0.016309906,0.010820159
5,5,mobile-music,mobile-music,7.395106e-07,0.00038423238,7.8895084e-07,3.3456756e-05,6.3966095e-06,0.9994842,9.008955e-06,8.1189704e-05
2,2,construction-site,construction-site,3.652074e-05,0.00015083245,0.99882406,0.00020640588,6.151616e-05,0.00043959802,0.00024197313,3.9098806e-05
1,1,community-radio,community-radio,0.0002397285,0.98575044,0.00011743308,0.0074885157,0.00036274362,0.0034606243,0.0011848401,0.0013957061
5,5,mobile-music,mobile-music,2.8919947e-05,0.0056689424,0.00029504532,0.00021277761,0.00011352577,0.99260896,0.0008431022,0.00022867972
1,2,community-radio,construction-site,0.012908832,0.029295841,0.61571735,0.19318621,0.03887693,0.012846421,0.08901549,0.008152947
4,4,generator,generator,2.2008342e-07,6.7496335e-06,4.609848e-06,8.828417e-07,0.9999778,3.0536783e-06,6.4360265e-06,1.873111e-07
3,3,crowd-noise,crowd-noise,2.4272835e-05,0.0025127407,0.00016603598,0.99685043,0.00010576904,0.000113571376,0.00017354485,5.3623222e-05
5,5,mobile-music,mobile-music,1.6822387e-05,0.0015729584,2.5320855e-06,9.857277e-05,4.515356e-06,0.9980732,2.3426845e-05,0.00020786202
5,5,mobile-music,mobile-music,1.9668394e-05,0.21730605,6.4226995e-05,0.00030118483,0.00019033514,0.78176296,0.00014444762,0.00021111885
6,2,motorvehicle-horn,construction-site,0.022372957,0.0039250506,0.7530375,0.06363916,0.045376774,0.0057196193,0.10119865,0.0047303447
5,5,mobile-music,mobile-music,0.00087093987,0.042571865,0.045461107,0.08272059,0.0012518561,0.81942296,0.003206725,0.004494047
3,3,crowd-noise,crowd-noise,4.4385433e-06,0.00038952607,0.00024824,0.99891484,0.000360489,5.4087533e-05,2.1237374e-05,7.156218e-06
4,4,generator,generator,4.875396e-07,4.0888667e-06,1.3350638e-05,1.4026236e-06,0.9999515,6.0577313e-06,2.2815266e-05,3.6239052e-07
1,1,community-radio,community-radio,0.003856889,0.7182007,0.0061324663,0.17086317,0.0044584633,0.003390531,0.08195678,0.011140941
0,0,car-alarm,car-alarm,0.9998166,5.1540824e-06,2.6699163e-05,2.286215e-05,2.735478e-06,3.821013e-06,7.08232e-05,5.1303934e-05
5,5,mobile-music,mobile-music,1.4451921e-06,0.0001307934,2.3798734e-06,8.1937105e-06,6.9872186e-07,0.99981135,2.3595083e-05,2.154921e-05
1,5,community-radio,mobile-music,1.1666885e-05,0.33234584,2.3405591e-05,0.00045310133,3.2487205e-05,0.6666641,0.00026489643,0.00020455362
0,0,car-alarm,car-alarm,0.9997528,5.9860577e-06,1.0336354e-05,9.368579e-06,1.6349225e-07,3.547268e-06,2.0273625e-05,0.00019753484
5,5,mobile-music,mobile-music,1.387978e-05,0.00096457754,1.6901045e-05,9.68642e-05,1.42598765e-05,0.9987269,6.34879e-05,0.000103066166
6,6,motorvehicle-horn,motorvehicle-horn,0.053001978,0.27196035,0.03962718,0.13944279,0.06490834,0.040024813,0.2871521,0.10388251
7,7,motorvehicle-siren,motorvehicle-siren,9.306391e-05,0.00013241728,1.8548211e-05,0.00010042485,5.245239e-07,4.0301267e-05,5.6442026e-05,0.99955815
7,7,motorvehicle-siren,motorvehicle-siren,2.6726659e-05,4.714515e-07,1.3356029e-06,2.8775284e-07,2.619561e-08,2.190359e-07,1.4804508e-05,0.99995613
0,6,car-alarm,motorvehicle-horn,0.42494673,0.0013105513,0.01932916,0.025514198,0.010132358,0.0015247157,0.5125038,0.00473847
6,6,motorvehicle-horn,motorvehicle-horn,0.43868765,0.00050274277,0.0024835588,0.006668627,0.0009389573,0.00024030372,0.5462413,0.0042368867
4,4,generator,generator,1.3544604e-06,7.288755e-05,0.00010768333,1.60221e-05,0.9997392,2.0202151e-05,4.0763607e-05,1.8043885e-06
2,0,construction-site,car-alarm,0.9629552,0.0012435844,0.0023897563,0.00768445,0.0001459913,0.0013110527,0.013354889,0.010914954
3,3,crowd-noise,crowd-noise,4.839864e-06,0.00032792226,0.00029098828,0.99881685,0.0004808258,4.4811506e-05,1.8428704e-05,1.5325868e-05
4,4,generator,generator,0.00014839577,0.00018912402,0.0014247386,0.00019169932,0.9932842,0.0002791175,0.004404373,7.8327896e-05
1,1,community-radio,community-radio,2.2625783e-05,0.9963296,1.5492522e-05,0.0017755948,0.00019258639,0.00078248646,0.0007158654,0.00016575848
0,1,car-alarm,community-radio,6.818431e-05,0.971695,0.010566571,0.010737911,0.0023625318,0.0031369745,0.0011932217,0.00023964098
0,0,car-alarm,car-alarm,0.99608034,1.9480785e-05,0.00012550775,2.7240254e-05,1.6318181e-05,1.2581124e-05,0.0015835088,0.002135017
2,2,construction-site,construction-site,0.013724144,0.0037783794,0.7334988,0.08365232,0.048750482,0.0028306905,0.11118111,0.0025840513
0,0,car-alarm,car-alarm,0.99969614,6.2024633e-06,6.9199023e-06,7.3544966e-06,1.2047398e-07,5.9405024e-06,1.9381321e-05,0.00025794096
6,6,motorvehicle-horn,motorvehicle-horn,0.095670626,0.09055422,0.09150238,0.1396448,0.0057828734,0.014915251,0.52953595,0.03239389
5,5,mobile-music,mobile-music,0.00031401115,0.00894599,0.00010622226,0.00027674838,9.3128045e-05,0.9828903,0.007143542,0.00022995181
1,1,community-radio,community-radio,0.0021269913,0.6965416,0.018992249,0.19350311,0.00686055,0.04403585,0.0058955606,0.032043982
0,6,car-alarm,motorvehicle-horn,0.09778441,0.011112665,0.013840554,0.02226431,0.0065113576,0.0016627343,0.837188,0.00963592
2,2,construction-site,construction-site,3.2840621e-06,2.710733e-06,0.9998752,7.1625414e-05,1.8679473e-05,2.4720584e-06,8.811971e-06,1.7211998e-05
0,0,car-alarm,car-alarm,0.9998379,5.1073703e-06,4.5219527e-05,1.0566995e-05,1.3979069e-06,8.4201275e-07,5.543747e-05,4.3396463e-05
0,6,car-alarm,motorvehicle-horn,0.45839554,0.00051878934,0.0029961222,0.0051137377,0.001565093,0.00043818462,0.5249257,0.0060467576
6,4,motorvehicle-horn,generator,0.013073204,0.10469268,0.20702046,0.13979454,0.39086238,0.04635893,0.08438623,0.013811608
7,7,motorvehicle-siren,motorvehicle-siren,0.0003138352,0.0021675536,0.000118591655,0.00026863668,5.487248e-06,4.9363807e-05,0.00026896634,0.9968076
5,5,mobile-music,mobile-music,5.665346e-06,0.0006458368,1.7620618e-05,7.273793e-05,9.885958e-06,0.9990914,9.491891e-05,6.197585e-05
6,6,motorvehicle-horn,motorvehicle-horn,0.094885744,0.003413719,0.009635893,0.013660823,0.0013128554,0.0010119257,0.8662236,0.009855501
4,4,generator,generator,2.632506e-06,0.000121286976,0.0027186626,7.757312e-05,0.9967722,8.248571e-05,0.00012485535,0.00010028727
3,3,crowd-noise,crowd-noise,0.00023429864,0.0011964657,0.00038456722,0.9953354,0.0006956593,0.0017638485,0.0002777185,0.00011208148
0,0,car-alarm,car-alarm,0.9992829,1.3735913e-05,1.5040396e-05,9.75315e-06,1.8446394e-07,9.511596e-06,3.08681e-05,0.00063798967
1,1,community-radio,community-radio,0.0005660587,0.98749095,0.0005843051,0.0056587844,0.0008297105,0.0026466034,0.0015885755,0.00063501665
6,1,motorvehicle-horn,community-radio,0.0054884036,0.6533946,0.00443667,0.16056973,0.07404792,0.03536921,0.028383452,0.038310044
4,4,generator,generator,3.1238318e-07,1.99652e-05,2.3572736e-06,6.0153286e-07,0.9999515,1.18408525e-05,8.555725e-06,4.7368762e-06
4,4,generator,generator,0.00022761997,0.007842871,0.00086602307,4.690507e-05,0.94262,0.040445372,0.0073154126,0.00063569925
5,5,mobile-music,mobile-music,0.0004952368,0.05757748,0.00035551706,0.025171787,0.0011740397,0.9083717,0.0044099037,0.0024443255
3,3,crowd-noise,crowd-noise,6.527994e-06,0.00013041067,0.00014341674,0.99958175,6.753846e-05,2.2697559e-05,4.235479e-05,5.219169e-06
4,4,generator,generator,6.0176984e-07,3.0199747e-06,5.4254335e-05,2.5967504e-06,0.99990094,3.5869516e-06,3.472191e-05,3.6662172e-07
3,5,crowd-noise,mobile-music,0.0013171975,0.039509647,0.0051980857,0.028738875,0.0021308768,0.9120968,0.0037438658,0.0072645983
6,6,motorvehicle-horn,motorvehicle-horn,0.012217536,0.009314043,0.009974567,0.0026720644,0.02478453,0.0066187256,0.8422004,0.09221818
