actual_id,predicted_id,actual_label,predicted_label,prob_car-alarm,prob_community-radio,prob_construction-site,prob_crowd-noise,prob_generator,prob_mobile-music,prob_motorvehicle-horn,prob_motorvehicle-siren
6,3,motorvehicle-horn,crowd-noise,0.022149643,0.066542275,0.009742935,0.6361625,0.17801635,0.023025287,0.045252826,0.019108122
3,1,crowd-noise,community-radio,0.052794382,0.3572505,0.03436554,0.17030242,0.040278975,0.034620143,0.13453475,0.17585324
1,1,community-radio,community-radio,0.027228726,0.50935507,0.012585864,0.25020897,0.0024350947,0.038521577,0.13782473,0.021839948
6,6,motorvehicle-horn,motorvehicle-horn,0.03919918,0.0049210903,0.011432013,0.012616542,0.07152984,0.0027921635,0.8536633,0.0038457697
0,3,car-alarm,crowd-noise,3.153543e-05,0.0008046191,0.00011186179,0.9977082,0.0002572891,0.00080443925,0.00021086865,7.113332e-05
0,0,car-alarm,car-alarm,0.9969824,7.065016e-06,7.999446e-06,4.3168916e-06,3.4768854e-07,4.8224564e-07,6.871562e-05,0.0029287185
4,4,generator,generator,7.983436e-06,6.309534e-05,8.888861e-05,4.5634355e-05,0.9996562,3.1780506e-05,0.00010309549,3.3328226e-06
3,3,crowd-noise,crowd-noise,0.00013653382,0.0013237497,4.839291e-05,0.99747497,0.00011693525,0.0003296472,0.00042986905,0.00013985563
5,5,mobile-music,mobile-music,6.861721e-06,0.008386773,0.00011640572,0.000176731,2.5971147e-05,0.99113864,0.000112911046,3.5749687e-05
2,4,construction-site,generator,0.016925024,0.26210818,0.18895441,0.06511831,0.31568754,0.01488334,0.13112868,0.0051945127
0,0,car-alarm,car-alarm,0.99956816,7.894601e-06,5.495795e-06,4.634942e-06,2.540517e-07,1.3152237e-06,6.56269e-05,0.00034657284
0,0,car-alarm,car-alarm,0.9997813,1.1079261e-06,2.2170516e-06,1.267301e-06,8.330543e-08,4.7045967e-07,4.7884052e-05,0.00016569691
2,2,construction-site,construction-site,0.021300858,0.02212587,0.7720533,0.043361567,0.027070327,0.0056402534,0.10286004,0.0055877534
6,6,motorvehicle-horn,motorvehicle-horn,0.0919692,0.00057891104,0.0024795898,0.002891799,0.0022471878,0.00074124365,0.8945882,0.004503923
4,4,generator,generator,5.6590244e-07,6.72862e-05,2.1205976e-06,3.1689306e-06,0.99984324,7.393525e-05,6.8041086e-06,2.7935591e-06
6,6,motorvehicle-horn,motorvehicle-horn,0.034579754,0.0017639558,0.00199641,0.0062035103,0.0008688056,0.0010015381,0.9507932,0.0027927794
0,0,car-alarm,car-alarm,0.7338054,0.0014178386,0.001053134,0.0023670455,0.0007559744,0.00038934828,0.25264725,0.0075640096
3,3,crowd-noise,crowd-noise,8.2792256e-05,0.0024581894,0.0012380012,0.99215513,0.0014873416,0.0019580657,0.00040092898,0.0002195812
2,2,construction-site,construction-site,8.575958e-05,0.00084363646,0.96062493,0.031597137,0.0026410723,0.00041361433,0.0020185339,0.0017753377
2,2,construction-site,construction-site,0.0005995057,0.0014207294,0.9809575,0.008474142,0.0013712095,0.0027641852,0.0017868541,0.0026259455
6,6,motorvehicle-horn,motorvehicle-horn,0.08965176,0.014879272,0.012383552,0.017524185,0.1728502,0.024219438,0.66273135,0.005760293
7,7,motorvehicle-siren,motorvehicle-siren,0.00079660595,1.30759345e-05,3.999593e-06,2.6978723e-06,1.1086702e-06,1.565227e-06,6.7817295e-05,0.999113
4,1,generator,community-radio,0.005515061,0.8493513,0.0011654481,0.03578722,0.0021488823,0.08882169,0.00934544,0.0078649
7,7,motorvehicle-siren,motorvehicle-siren,0.00046543658,9.382975e-05,2.9579347e-05,1.619461e-05,1.6473534e-05,1.1780425e-05,0.00015578237,0.99921083
4,4,generator,generator,2.444381e-06,2.8256021e-05,3.8249284e-05,1.6569295e-05,0.99984264,1.6178506e-05,5.4485216e-05,1.1406314e-06
4,4,generator,generator,5.9089438e-05,0.0027043778,0.0010546095,0.0018166597,0.992278,0.0004343996,0.0015389646,0.000113782684
2,2,construction-site,construction-site,1.4295008e-06,0.00010549016,0.99914575,0.00027167986,0.00035799757,1.1355318e-05,9.402284e-05,1.223044e-05
5,5,mobile-music,mobile-music,0.009206466,0.011621905,0.00063636026,0.0011304342,0.00027921912,0.6401665,0.31751853,0.019440455
3,7,crowd-noise,motorvehicle-siren,0.000104717066,0.0016745578,0.00021093216,0.0060855066,0.00032611136,0.00020127614,0.00019187853,0.99120504
0,0,car-alarm,car-alarm,0.9996314,1.2784826e-05,7.012264e-06,1.8160925e-05,1.1766061e-06,4.092676e-06,0.00015657659,0.00016869414
0,0,car-alarm,car-alarm,0.99977916,3.8970325e-06,1.2224574e-06,1.8473314e-06,5.873926e-08,6.178869e-07,3.824503e-05,0.00017506254
2,2,construction-site,construction-site,2.278239e-06,2.2745086e-05,0.9995486,0.00025806847,3.4973335e-05,4.9164837e-06,2.2925029e-05,0.00010540928
2,2,construction-site,construction-site,1.627524e-05,0.00030317795,0.9951233,0.003228983,0.0007644394,0.00011103583,0.00034941258,0.00010343599
6,6,motorvehicle-horn,motorvehicle-horn,0.04110958,0.00017879151,0.0018912451,0.0014132288,0.0019443522,0.00022886241,0.9387149,0.014519079
1,1,community-radio,community-radio,4.6735728e-05,0.86497164,0.00019817415,0.0067760665,0.0009405349,0.12628324,0.00025198178,0.0005315827
6,6,motorvehicle-horn,motorvehicle-horn,0.31149423,0.0037350934,0.011586146,0.028182773,0.020522648,0.001760981,0.61665434,0.0060637877
1,3,community-radio,crowd-noise,0.015280043,0.23689927,0.021050982,0.5734669,0.0055037457,0.057121765,0.08061863,0.010058717
2,2,construction-site,construction-site,4.818459e-07,3.2111925e-06,0.99992025,4.4570308e-05,3.8814023e-06,5.345356e-07,2.950946e-06,2.4025516e-05
5,5,mobile-music,mobile-music,5.6655652e-05,0.001565115,5.3692034e-05,0.0004989032,7.810499e-05,0.9975006,0.00018423391,6.2668805e-05
4,4,generator,generator,2.8681682e-06,3.8767863e-05,1.1024485e-05,0.00026561608,0.99956137,1.1371174e-05,9.6040545e-05,1.290792e-05
7,7,motorvehicle-siren,motorvehicle-siren,0.00016623818,4.3922977e-05,9.977092e-05,3.222035e-05,0.00045680683,2.0161366e-05,0.0006500319,0.99853086
6,6,motorvehicle-horn,motorvehicle-horn,0.07025687,0.00041092082,0.0009740044,0.003107586,0.0005528094,0.00026024762,0.921118,0.003319546
0,0,car-alarm,car-alarm,0.9996834,6.069353e-06,3.1979519e-06,3.9967426e-06,2.2320224e-07,2.536485e-06,5.3853673e-05,0.0002467331
1,1,community-radio,community-radio,1.0220627e-05,0.99840623,2.425891e-05,0.00035018302,2.3170849e-05,0.0008833772,0.0002680809,3.451913e-05
2,2,construction-site,construction-site,0.00014506083,0.0007648836,0.9868715,0.008488379,0.0014499839,0.0005464948,0.0010957642,0.00063794607
3,3,crowd-noise,crowd-noise,0.005573581,0.01001543,0.0046863523,0.90255296,0.0010989348,0.049899094,0.024991829,0.001181832
6,6,motorvehicle-horn,motorvehicle-horn,0.07578228,0.0006771939,0.0032970891,0.0033434178,0.003274182,0.00036114219,0.89872,0.014544657
3,3,crowd-noise,crowd-noise,4.004343e-05,0.0014765734,2.8842886e-05,0.9977695,5.7423495e-05,0.00036812297,0.00016394429,9.5685056e-05
0,0,car-alarm,car-alarm,0.9997849,7.3283118e-06,3.1737206e-06,4.8674365e-06,4.3878552e-07,2.1766093e-06,8.1396574e-05,0.00011569845
1,1,community-radio,community-radio,0.00013689496,0.9903252,0.00010146418,0.0061187753,0.00023769535,0.0014000422,0.0012969258,0.0003830858
3,3,crowd-noise,crowd-noise,0.0007289504,0.011568647,4.4077915e-05,0.9817032,9.707269e-05,0.002145236,0.0019194885,0.0017933777
5,1,mobile-music,community-radio,0.0047808196,0.59341353,0.002186309,0.21435569,0.00080251595,0.17588903,0.007088676,0.001483463
3,1,crowd-noise,community-radio,0.0002535326,0.9817191,0.00022648666,0.013276136,0.00021429836,0.00040942384,0.002618674,0.0012824053
2,2,construction-site,construction-site,5.628357e-06,0.00017057052,0.9977969,0.00040445218,0.00086824415,1.8451454e-05,0.00071504456,2.0739513e-05
5,1,mobile-music,community-radio,0.00060774747,0.70284253,8.861939e-05,0.043074224,0.0008097124,0.2474961,0.0012029797,0.0038780535
3,1,crowd-noise,community-radio,0.0015725662,0.52218026,0.022111721,0.3644839,0.01932032,0.04818747,0.011851034,0.01029267
2,2,construction-site,construction-site,7.556981e-05,0.0003302004,0.9818973,0.0013195248,0.0028900243,0.006008918,0.007401331,7.700732e-05
1,1,community-radio,community-radio,0.006495198,0.63957375,0.0018029738,0.3034711,0.003975241,0.0071825013,0.027557593,0.009941614
1,1,community-radio,community-radio,4.0177936e-05,0.9940931,1.1325727e-05,0.00021554866,7.003138e-06,0.005321352,0.00017679608,0.0001346033
2,2,construction-site,construction-site,0.0025755288,0.02224376,0.8276069,0.111265935,0.005101481,0.0113341445,0.018304072,0.0015681646
4,1,generator,community-radio,0.00050479354,0.3616145,0.047590233,0.32911068,0.22959809,0.00822554,0.01315311,0.0102030635
6,6,motorvehicle-horn,motorvehicle-horn,0.3116452,0.0009909025,0.0013436676,0.0029551557,0.0010416021,0.00048321846,0.67534614,0.006194121
6,6,motorvehicle-horn,motorvehicle-horn,0.001566305,7.368931e-05,0.0692076,0.0011125212,0.0031364842,0.0002866317,0.92441666,0.00020012044
7,7,motorvehicle-siren,motorvehicle-siren,3.6459323e-06,2.2996119e-06,2.0744841e-07,3.943503e-07,8.067564e-07,9.8920495e-08,1.4167377e-06,0.9999912
3,6,crowd-noise,motorvehicle-horn,0.17354278,0.095532544,0.11475633,0.1974155,0.021776421,0.01594867,0.36321044,0.017817352
1,1,community-radio,community-radio,2.758942e-06,0.994846,1.1260213e-05,0.000115010254,0.000113497576,0.004845136,9.072625e-06,5.7233294e-05
4,4,generator,generator,5.3366857e-05,0.002823901,9.800533e-05,0.0002566059,0.9946367,0.00023864754,0.00016525685,0.0017275873
2,2,construction-site,construction-site,0.00062866794,0.002078692,0.9363084,0.022794418,0.021186639,0.004989139,0.010746162,0.0012679605
0,0,car-alarm,car-alarm,0.99873465,7.367388e-05,2.0112719e-05,5.8145324e-05,1.848764e-06,2.6898986e-05,0.0003018078,0.0007827429
4,4,generator,generator,6.777019e-05,0.0008831341,0.0002127082,0.00012219558,0.99757296,0.00013866449,0.00095988036,4.268534e-05
5,5,mobile-music,mobile-music,5.1011833e-05,0.15038493,8.381853e-05,0.0010525843,1.8020022e-05,0.8478917,0.0004410513,7.687176e-05
2,2,construction-site,construction-site,0.00015900513,0.00013430999,0.86524576,0.0014283751,0.00010740148,1.6522734e-05,0.00021420939,0.13269436
7,7,motorvehicle-siren,motorvehicle-siren,1.6719214e-05,7.649425e-06,3.976562e-06,2.6312966e-06,1.5775521e-06,7.592785e-08,5.5599835e-06,0.99996185
6,6,motorvehicle-horn,motorvehicle-horn,0.34049025,0.014348215,0.009521226,0.115750544,0.0070356904,0.03430877,0.47460848,0.0039367964
6,7,motorvehicle-horn,motorvehicle-siren,0.0012219634,0.0024208506,0.0010103383,0.0015808459,0.0015606252,0.00030015848,0.008040821,0.9838643
4,4,generator,generator,0.00017237867,0.00040130454,0.000519618,0.00045393995,0.9961939,0.00026379986,0.0019266541,6.8425485e-05
4,4,generator,generator,1.4926946e-05,0.00020707685,0.0005810157,0.0004761351,0.9981748,9.477424e-05,0.0003991193,5.2213774e-05
2,2,construction-site,construction-site,2.3985365e-05,0.0005234053,0.9944911,0.0041356687,0.00031751863,0.00014750716,0.00019549298,0.00016529395
3,3,crowd-noise,crowd-noise,0.00011775409,0.0034004995,0.0008835901,0.9893853,0.0006006306,0.0046799853,0.000525745,0.00040656808
0,0,car-alarm,car-alarm,0.9994954,2.1909544e-05,1.9157595e-05,1.7795623e-05,9.91648e-07,4.331188e-06,0.00014122229,0.0002992294
5,5,mobile-music,mobile-music,0.00014062603,0.021891966,0.004071746,0.0011447767,0.00016609616,0.9717999,0.00069541635,8.944208e-05
6,6,motorvehicle-horn,motorvehicle-horn,0.07706342,0.009206857,0.005657517,0.005785234,0.005122775,0.0075436085,0.88731754,0.0023029656
0,0,car-alarm,car-alarm,0.9997168,9.137893e-06,3.3123392e-06,2.4966844e-06,2.2637822e-07,1.0276993e-06,3.6114536e-05,0.00023084789
6,6,motorvehicle-horn,motorvehicle-horn,0.24229905,0.003090981,0.0020769367,0.004241203,0.0015022925,0.0015878815,0.74209684,0.0031048101
3,3,crowd-noise,crowd-noise,2.0458281e-05,0.0003220414,0.00043743613,0.99719363,0.0014885783,0.00029644312,0.00014020527,0.00010120743
2,2,construction-site,construction-site,0.00042785075,0.002604255,0.9571182,0.020310853,0.009367007,0.0011004492,0.008166663,0.00090479315
4,4,generator,generator,0.0027197483,0.0023009595,0.0023327298,0.0014831551,0.96832645,0.0036887485,0.018672127,0.00047616445
1,1,community-radio,community-radio,4.0323674e-05,0.8009064,9.7022945e-05,0.00048580044,0.0001876539,0.19793975,0.00023039246,0.00011267704
0,6,car-alarm,motorvehicle-horn,0.3147177,0.0008196543,0.0012519984,0.0022412506,0.00075580634,0.00028471882,0.6757108,0.0042180303
2,6,construction-site,motorvehicle-horn,0.02877742,0.0039821095,0.008732411,0.0050896825,0.01174173,0.0018852052,0.9372298,0.0025615373
4,4,generator,generator,4.667665e-05,0.0009611846,0.00024039607,0.0001236488,0.9969279,0.0005206204,0.0011464407,3.319607e-05
0,0,car-alarm,car-alarm,0.9380735,0.0093915835,0.0036386726,0.011485145,0.0007029495,0.0013888566,0.031164628,0.004154684
4,4,generator,generator,2.8454983e-07,7.989815e-06,5.375794e-06,3.2038217e-06,0.99997115,4.779078e-06,7.0306273e-06,2.2291864e-07
0,0,car-alarm,car-alarm,0.9995647,4.980214e-06,3.5802134e-06,2.639725e-06,1.4783551e-07,6.0720214e-07,2.975846e-05,0.00039358655
0,6,car-alarm,motorvehicle-horn,0.17415091,0.0011884314,0.007139506,0.0035453234,0.0050348756,0.00053032243,0.79108036,0.01733037
1,2,community-radio,construction-site,0.0023934697,0.015299548,0.8291802,0.007493727,0.0030616184,0.006651644,0.1343845,0.0015353027
4,4,generator,generator,6.4029236e-06,0.00010079042,2.856837e-05,2.8704098e-05,0.9982065,0.00015898109,0.00012631442,0.001343657
7,7,motorvehicle-siren,motorvehicle-siren,4.3642644e-06,7.0803e-06,3.1034929e-06,8.3149547e-07,1.0236039e-06,1.6092181e-07,4.2258207e-06,0.99997914
4,2,generator,construction-site,0.0017769813,0.00930563,0.86667734,0.07150638,0.013696821,0.0076936767,0.028023297,0.0013197863
0,0,car-alarm,car-alarm,0.47197813,0.012816159,0.040470544,0.012398989,0.028905299,0.007392713,0.41193315,0.01410505
5,5,mobile-music,mobile-music,2.0471505e-05,0.0005625446,1.7163702e-05,0.00012769994,1.7176706e-05,0.9991761,6.1328334e-05,1.7482074e-05
2,2,construction-site,construction-site,1.3322179e-05,0.00013159949,0.99746037,0.0016073826,0.00036732206,8.73547e-05,0.000254708,7.801073e-05
5,5,mobile-music,mobile-music,5.160796e-06,0.004492919,8.107992e-06,0.00024027734,2.5673151e-05,0.99512404,7.120496e-05,3.2560514e-05
1,1,community-radio,community-radio,0.018671794,0.54001135,0.009398607,0.17095412,0.01629141,0.030487329,0.14114225,0.073043175
1,1,community-radio,community-radio,0.00053077406,0.8320006,0.0014267379,0.15129974,0.0018979163,0.0022960454,0.008389,0.002159162
3,3,crowd-noise,crowd-noise,4.164928e-06,0.00018084628,0.00025399285,0.9991473,0.00011852849,0.00021786615,5.5414614e-05,2.1901098e-05
6,6,motorvehicle-horn,motorvehicle-horn,0.20763497,0.0011800345,0.0038661524,0.003751864,0.0021347203,0.0016313355,0.7752,0.004600976
7,7,motorvehicle-siren,motorvehicle-siren,2.363348e-05,1.4923513e-05,1.3544173e-06,2.4498167e-06,4.516167e-06,3.3971037e-06,3.818838e-05,0.9999114
2,3,construction-site,crowd-noise,0.0044715246,0.03458721,0.16543573,0.5940254,0.14713858,0.0051627853,0.015184694,0.033994094
5,5,mobile-music,mobile-music,0.009313698,0.07006844,5.1488027e-05,0.0035404775,0.00017880823,0.9140648,0.0016292706,0.0011529457
2,2,construction-site,construction-site,4.117239e-05,2.927648e-05,0.99865365,0.00014740843,1.9133122e-05,1.7454239e-06,2.2625765e-05,0.0010849368
7,7,motorvehicle-siren,motorvehicle-siren,1.629835e-05,1.7155424e-05,1.3065629e-05,7.2642715e-06,7.9815145e-06,2.110618e-07,4.8353486e-06,0.9999331
6,3,motorvehicle-horn,crowd-noise,0.030942973,0.084352195,0.032329585,0.5098928,0.008419781,0.008436387,0.30278826,0.02283802
6,6,motorvehicle-horn,motorvehicle-horn,0.025108587,0.007965575,0.016302017,0.07608706,0.022916758,0.004658242,0.80525446,0.041707333
0,0,car-alarm,car-alarm,0.9994661,2.3022028e-05,8.404529e-06,1.773582e-05,1.744503e-06,1.4748114e-05,0.00014904645,0.00031920444
0,0,car-alarm,car-alarm,0.991046,7.044406e-06,3.4615582e-06,7.65987e-06,4.4697376e-07,1.2473405e-06,6.10455e-05,0.008873052
7,7,motorvehicle-siren,motorvehicle-siren,3.1413745e-06,9.211798e-06,1.3717839e-06,3.3644737e-06,3.7824764e-06,1.2795256e-07,1.3079421e-06,0.9999777
6,6,motorvehicle-horn,motorvehicle-horn,0.1368204,0.008479378,0.018109078,0.09200309,0.011339468,0.0027791664,0.7055714,0.02489792
2,2,construction-site,construction-site,3.4634486e-06,3.9622595e-05,0.9998572,3.3117445e-05,1.6064569e-05,8.994578e-06,1.90754e-05,2.2379916e-05
1,3,community-radio,crowd-noise,0.0005808028,0.09882465,0.023949536,0.79625213,0.009993951,0.058782965,0.002344288,0.0092716925
0,0,car-alarm,car-alarm,0.99974364,9.660214e-06,2.6230362e-06,3.9236957e-06,1.2560568e-07,2.2387906e-06,6.110121e-05,0.00017667495
2,2,construction-site,construction-site,1.2665083e-05,0.00016573934,0.99952245,6.640992e-05,1.760292e-05,1.6209813e-05,4.0048413e-05,0.00015891004
1,1,community-radio,community-radio,0.00021454609,0.99409455,0.00013168003,0.0013840558,3.7894235e-05,0.0036135619,0.00031771275,0.0002060057
2,2,construction-site,construction-site,1.945022e-07,1.7985848e-06,0.99992883,2.747065e-05,4.247284e-06,4.298331e-07,2.0496786e-06,3.5015477e-05
6,6,motorvehicle-horn,motorvehicle-horn,0.11381375,0.0022580568,0.0067343437,0.007927015,0.0020375235,0.0010930558,0.8557933,0.01034292
0,0,car-alarm,car-alarm,0.99965453,4.5185993e-06,5.7168295e-06,3.5326602e-06,2.3543733e-07,1.5802755e-06,6.171115e-05,0.00026815638
2,2,construction-site,construction-site,0.00077596126,0.0016380231,0.9184662,0.04141529,0.019026695,0.0059705824,0.009359629,0.0033476544
1,1,community-radio,community-radio,9.715746e-05,0.9929422,3.0296917e-05,0.0009559824,0.00012855924,0.0050543696,8.563255e-05,0.0007058804
6,6,motorvehicle-horn,motorvehicle-horn,0.012480916,0.008265597,0.37238094,0.16427213,0.0478592,0.003232012,0.3822829,0.009226417
7,7,motorvehicle-siren,motorvehicle-siren,8.013164e-06,3.1154661e-06,2.7811325e-06,1.2163003e-06,1.1701721e-06,2.1050253e-07,6.592336e-06,0.9999769
6,1,motorvehicle-horn,community-radio,0.008829482,0.48729652,0.19541779,0.07695789,0.010604337,0.012184064,0.20426504,0.004444809
2,2,construction-site,construction-site,3.9265506e-06,0.00028275413,0.99750346,0.0004817033,0.0002265917,0.001087116,0.00038688508,2.7495538e-05
5,5,mobile-music,mobile-music,3.488341e-05,0.012889409,1.701092e-05,0.00011666335,2.1780967e-05,0.9867242,7.508205e-05,0.00012092098
6,6,motorvehicle-horn,motorvehicle-horn,0.07958335,0.00079846615,0.0062827743,0.0037585017,0.005951563,0.0015081454,0.8995021,0.0026151836
0,0,car-alarm,car-alarm,0.62866664,0.0040992806,0.00081095926,0.005018084,0.0003268847,0.00095255236,0.35829043,0.0018351527
0,0,car-alarm,car-alarm,0.8892863,0.031367633,0.00070012844,0.03732898,0.00053996994,0.0030351998,0.02957773,0.008164005
0,0,car-alarm,car-alarm,0.99950373,1.9794163e-05,1.3430878e-05,1.6407028e-05,8.287748e-07,3.7412262e-06,0.0001387369,0.00030331
6,5,motorvehicle-horn,mobile-music,0.015891789,0.04889143,0.005423097,0.015011271,0.0012712317,0.7030412,0.20399112,0.006478881
1,1,community-radio,community-radio,0.00069965544,0.9211865,0.0051308777,0.0070272377,0.0003926714,0.060049262,0.0049927477,0.0005210162
1,1,community-radio,community-radio,0.0012653179,0.48835304,0.009519489,0.3517712,0.008164526,0.008697548,0.002838243,0.12939061
4,4,generator,generator,2.912832e-07,3.767197e-06,6.3869e-06,2.03327e-06,0.99997735,2.217588e-06,7.756969e-06,1.4938237e-07
1,1,community-radio,community-radio,0.00035424702,0.94466144,8.9188914e-05,0.04660233,0.00018065001,0.0051906435,0.0025095847,0.00041187066
6,3,motorvehicle-horn,crowd-noise,0.008954779,0.020414295,0.20685539,0.66239125,0.04514985,0.0122031225,0.02359743,0.02043392
3,3,crowd-noise,crowd-noise,0.0063331216,0.052727018,0.13892473,0.57069874,0.09433568,0.033061575,0.007007437,0.09691167
7,7,motorvehicle-siren,motorvehicle-siren,0.0006029183,0.0019244212,5.615164e-05,7.503694e-05,2.8364362e-05,8.5570086e-05,0.0004685593,0.9967589
7,7,motorvehicle-siren,motorvehicle-siren,7.155763e-05,0.00019525837,0.0003915189,7.225346e-05,6.463781e-05,6.317153e-06,0.00019690112,0.99900144
1,1,community-radio,community-radio,7.997058e-05,0.99693143,4.714922e-05,0.0006617767,2.7449414e-05,0.0018706527,0.0002502144,0.00013133929
1,1,community-radio,community-radio,5.748355e-05,0.99635565,6.0651997e-05,0.0019061861,4.150003e-05,0.00061510963,0.0008987765,6.460782e-05
6,6,motorvehicle-horn,motorvehicle-horn,0.34891403,0.014682006,0.03143274,0.02854866,0.011948821,0.012633048,0.5406876,0.011153054
5,5,mobile-music,mobile-music,0.0036245037,0.39227062,0.00051594403,0.018558297,0.0018818891,0.57981694,0.0011019146,0.0022298656
2,6,construction-site,motorvehicle-horn,0.0018229014,0.0001283546,0.04135168,0.00048438253,0.0021501058,0.00012332786,0.95305204,0.00088708365
4,4,generator,generator,0.0015799087,0.22610307,0.019589921,0.01648911,0.582337,0.07817678,0.073671326,0.002052878
2,7,construction-site,motorvehicle-siren,0.0013234612,0.0021362714,0.026746674,0.010623073,0.006909487,0.00042044444,0.017891403,0.9339492
1,1,community-radio,community-radio,0.0003221465,0.96603686,0.00028089326,0.0016354559,0.00021832346,0.030693883,0.0004538438,0.0003586338
0,6,car-alarm,motorvehicle-horn,0.14164616,0.00085528486,0.0016438902,0.003547051,0.0008570927,0.00072638475,0.84554356,0.0051805303
3,3,crowd-noise,crowd-noise,0.0020714863,0.02494143,0.13331768,0.8224942,0.002721242,0.009784295,0.0031399329,0.0015297878
5,5,mobile-music,mobile-music,1.537561e-05,0.022081096,0.002311911,0.0003768353,8.351882e-05,0.97458637,0.00032561985,0.0002192932
5,5,mobile-music,mobile-music,8.51129e-06,0.0007981988,3.9385036e-06,2.7830132e-05,8.9273035e-06,0.9990564,8.727672e-05,9.0196845e-06
6,6,motorvehicle-horn,motorvehicle-horn,0.31791976,0.0030568182,0.007826377,0.010612627,0.0070966887,0.001964291,0.643008,0.008515515
3,3,crowd-noise,crowd-noise,7.0154397e-06,0.00031483316,0.00024946383,0.99864024,0.000498608,0.00017888425,6.6354034e-05,4.4617547e-05
4,4,generator,generator,9.1675465e-06,6.3096886e-05,0.00013225946,5.206399e-05,0.9995807,4.3700147e-05,0.00011514937,3.947559e-06
1,1,community-radio,community-radio,0.002946036,0.60661894,0.00020815458,0.027759494,0.0039782054,0.33762437,0.0020001049,0.018864753
1,1,community-radio,community-radio,0.016431956,0.41704834,0.0010663248,0.22333041,0.00083844154,0.32886618,0.0059863944,0.006431992
0,0,car-alarm,car-alarm,0.9983741,3.9144024e-06,3.6801705e-06,2.4621545e-06,1.2324517e-07,3.3267943e-07,2.3658098e-05,0.0015917156
6,6,motorvehicle-horn,motorvehicle-horn,0.04549537,0.09273154,0.015693638,0.024205307,0.09960186,0.027428174,0.6749351,0.019908981
4,4,generator,generator,0.00012443046,0.0019451902,0.065029606,0.02084367,0.9081061,0.0004456948,0.0016893926,0.0018160464
6,6,motorvehicle-horn,motorvehicle-horn,0.003347964,3.212542e-06,5.7688743e-05,3.7335878e-05,3.270586e-05,6.180328e-05,0.9964386,2.0676209e-05
0,0,car-alarm,car-alarm,0.9996075,4.6177356e-06,2.869277e-06,2.9081093e-06,1.15124834e-07,9.780442e-07,7.873375e-05,0.00030231336
4,4,generator,generator,8.837757e-06,0.0002727089,3.4995566e-05,1.9550564e-05,0.99956423,7.097982e-05,2.2566024e-05,6.1584674e-06
2,2,construction-site,construction-site,2.5254335e-06,0.00023675975,0.9989242,0.00040054633,0.00025753933,4.2605316e-05,0.00012013056,1.5681946e-05
3,3,crowd-noise,crowd-noise,0.00016786995,0.0054987767,0.012418736,0.9699756,0.008222504,0.0006978225,0.0014166345,0.0016020525
6,6,motorvehicle-horn,motorvehicle-horn,0.038402792,0.05061076,0.003240961,0.021307077,0.0010575292,0.004372482,0.8670016,0.014006854
4,4,generator,generator,1.0222167e-06,1.9962574e-05,2.9758678e-05,1.0304951e-05,0.9999143,6.5920117e-06,1.7399616e-05,5.8505196e-07
1,3,community-radio,crowd-noise,0.007964184,0.1413866,0.21944052,0.33682424,0.07891783,0.16703789,0.027958557,0.020470154
2,2,construction-site,construction-site,0.00087101513,0.0004803686,0.9907514,0.0045150816,0.00018498764,0.0007957537,0.0007543808,0.0016470475
1,3,community-radio,crowd-noise,0.17265594,0.14206444,0.005393596,0.5906029,0.0051148445,0.014679686,0.045237016,0.024251629
2,2,construction-site,construction-site,0.0002177239,0.0003957576,0.9803801,0.0011144439,0.0002748393,0.008889453,0.008654221,7.334169e-05
3,3,crowd-noise,crowd-noise,9.108468e-05,0.0068701794,0.0020957342,0.98824084,0.00046934982,0.0004698129,0.0011973467,0.0005657478
6,6,motorvehicle-horn,motorvehicle-horn,0.05528673,0.00021965761,0.0030583479,0.00023476408,8.9966685e-05,0.00055456714,0.93097633,0.009579741
3,3,crowd-noise,crowd-noise,3.2604556e-05,0.0006227177,0.00038491545,0.9975273,0.00066898327,0.0006343378,8.655086e-05,4.2604446e-05
7,7,motorvehicle-siren,motorvehicle-siren,3.4966044e-05,3.0366784e-06,5.431727e-07,4.842758e-07,7.030706e-07,2.3024444e-07,1.7359354e-05,0.9999428
2,2,construction-site,construction-site,0.00067420205,0.038199358,0.77594674,0.025892,0.0073841265,0.13577217,0.014884,0.0012474018
7,7,motorvehicle-siren,motorvehicle-siren,0.00012040501,3.6435446e-05,0.00012529995,8.089614e-06,1.983562e-05,4.87648e-07,2.663626e-05,0.99966276
2,3,construction-site,crowd-noise,0.0034149534,0.18471679,0.22585826,0.51260346,0.019175464,0.0032083134,0.02820217,0.022820646
2,2,construction-site,construction-site,0.0008351532,0.008065436,0.7739888,0.20756555,0.0017827064,0.003934239,0.0010674358,0.0027606355
4,4,generator,generator,2.8409186e-06,4.6672845e-05,0.00012564816,3.9340128e-05,0.99960643,3.6103145e-05,0.0001390179,3.9702004e-06
4,2,generator,construction-site,0.00047432675,0.01730296,0.7838781,0.09503599,0.06736977,0.0005074487,0.01052608,0.02490531
6,3,motorvehicle-horn,crowd-noise,0.009879967,0.20642605,0.029717136,0.5812154,0.01406904,0.0050880876,0.13795008,0.015654242
7,1,motorvehicle-siren,community-radio,0.019198708,0.81606185,0.0054691066,0.0033462532,0.0041496404,0.053782832,0.0077183307,0.090273306
0,6,car-alarm,motorvehicle-horn,0.3814816,0.004812432,0.011024319,0.013037943,0.005588101,0.0016394468,0.57163143,0.010784753
5,5,mobile-music,mobile-music,7.5002163e-06,0.00059785566,8.312828e-06,4.6414832e-05,1.1829117e-05,0.99929583,1.629553e-05,1.590683e-05
7,7,motorvehicle-siren,motorvehicle-siren,0.0007020354,6.963825e-05,0.00067876873,9.6601936e-05,0.000621174,4.2138356e-05,0.0022500814,0.9955395
7,7,motorvehicle-siren,motorvehicle-siren,0.00043737804,0.0031116426,0.0006790009,0.0017529174,0.0018392006,0.0012973372,0.0010184785,0.98986405
1,1,community-radio,community-radio,7.93414e-05,0.9966079,2.1657743e-05,0.000757932,6.61938e-05,0.0017135104,0.00018274915,0.0005707032
3,3,crowd-noise,crowd-noise,7.1389627e-07,4.4578523e-05,3.191384e-05,0.99978036,7.7731784e-05,4.1378822e-05,1.2599492e-05,1.0684896e-05
2,2,construction-site,construction-site,0.000746709,0.0687101,0.58448964,0.25264978,0.029837767,0.0012530211,0.02129536,0.041017625
3,3,crowd-noise,crowd-noise,0.03801008,0.18512094,0.001409204,0.550749,0.0022681106,0.019553982,0.18900514,0.01388353
6,6,motorvehicle-horn,motorvehicle-horn,0.084376596,0.0019148857,0.007161246,0.009805118,0.0025513666,0.00050194294,0.8822557,0.0114331115
3,3,crowd-noise,crowd-noise,0.0003109133,0.0015078791,0.009046973,0.9743843,0.009578517,0.0025258954,0.0013204173,0.0013250682
1,1,community-radio,community-radio,0.00721306,0.7653629,0.00094588054,0.17735744,0.0013481072,0.007870797,0.0097185755,0.030183252
5,5,mobile-music,mobile-music,9.489585e-07,0.00016656122,2.915509e-06,1.3544566e-05,2.7148903e-06,0.9997998,1.1327394e-05,2.36029e-06
3,3,crowd-noise,crowd-noise,4.8920783e-06,0.00033878023,0.00041269304,0.9989359,0.00010568246,5.3741405e-05,0.00010096974,4.7453268e-05
4,4,generator,generator,1.0527118e-05,4.633297e-05,4.1709878e-05,2.3899669e-05,0.9998317,1.2650843e-05,2.6142903e-05,7.105432e-06
3,1,crowd-noise,community-radio,0.00064565806,0.82444596,0.0018837794,0.14490104,0.0050742915,0.0011669111,0.006338012,0.015544371
2,2,construction-site,construction-site,1.7772057e-06,0.00010556221,0.9990075,0.0003445008,0.00038493835,1.43185625e-05,0.00012533515,1.6203347e-05
4,4,generator,generator,1.0353041e-06,3.9182738e-05,0.00017822195,1.9942474e-05,0.999729,7.146828e-06,1.8931894e-05,6.490583e-06
2,5,construction-site,mobile-music,0.06568379,0.09482826,0.15601233,0.19944213,0.0046279863,0.4443757,0.017993784,0.017036026
6,6,motorvehicle-horn,motorvehicle-horn,0.15139163,0.0026326329,0.0055775484,0.011037233,0.015330128,0.0016747244,0.80180013,0.0105559
4,4,generator,generator,3.199933e-06,4.4676817e-05,1.4739427e-05,1.5877851e-05,0.9998696,1.2062171e-05,2.213564e-05,1.769192e-05
5,5,mobile-music,mobile-music,8.603924e-06,0.0006103287,1.201216e-05,0.000112976624,1.6511336e-05,0.99920183,2.7865048e-05,9.788372e-06
0,0,car-alarm,car-alarm,0.9982938,4.1516428e-06,5.527866e-06,3.162273e-06,2.720558e-07,2.794631e-07,2.3973127e-05,0.001668843
3,1,crowd-noise,community-radio,0.015061879,0.57656455,0.008322483,0.16752775,0.022257147,0.046438165,0.067656495,0.09617148
3,6,crowd-noise,motorvehicle-horn,0.034901354,0.014004125,0.26951694,0.14761178,0.16458869,0.004255517,0.3411486,0.023973057
1,1,community-radio,community-radio,0.00027497354,0.98287785,0.00024548793,0.010507026,0.00011339025,0.0021135516,0.0009664357,0.002901203
1,1,community-radio,community-radio,3.447903e-06,0.99926895,5.675817e-06,0.00011144737,6.7362093e-06,0.0005382063,1.6538857e-05,4.8979146e-05
3,3,crowd-noise,crowd-noise,6.1723995e-06,0.00020278829,0.0006839287,0.99877185,0.00012094708,7.650119e-05,7.616073e-05,6.159607e-05
3,3,crowd-noise,crowd-noise,0.0003200415,0.006428113,0.01507353,0.952612,0.023952208,0.00064594514,0.00055230357,0.00041580136
2,2,construction-site,construction-site,0.00016315916,0.034662824,0.6620427,0.29569194,0.0019340711,0.0026154881,0.0022123372,0.00067743583
7,7,motorvehicle-siren,motorvehicle-siren,6.6458524e-06,1.30149e-05,2.23015e-05,4.1732146e-06,8.605722e-06,5.590258e-07,1.166716e-05,0.999933
0,0,car-alarm,car-alarm,0.99974126,9.430018e-06,2.236133e-06,4.8581255e-06,1.2848571e-07,3.0216097e-06,8.463995e-05,0.00015441794
6,6,motorvehicle-horn,motorvehicle-horn,0.16578789,0.017529456,0.012664521,0.07086587,0.0069641257,0.004713071,0.69831765,0.02315736
6,6,motorvehicle-horn,motorvehicle-horn,0.20437706,0.0059927907,0.017473165,0.032206405,0.015960077,0.0034976979,0.7103918,0.010100917
7,7,motorvehicle-siren,motorvehicle-siren,6.3227108e-06,0.00024741393,2.7542792e-05,1.0995719e-05,4.705498e-05,2.8826855e-05,2.2437256e-05,0.99960953
7,7,motorvehicle-siren,motorvehicle-siren,6.944827e-05,0.0002123628,0.0004782143,0.0005636964,7.9780555e-05,5.799608e-06,4.5040306e-05,0.99854565
2,2,construction-site,construction-site,0.00036109486,0.00078271225,0.8055088,0.0013100158,0.000614873,0.00043779446,0.19089112,9.352641e-05
1,1,community-radio,community-radio,0.00064887136,0.9826848,0.00043539735,0.004591541,0.0010345564,0.00355492,0.0030149058,0.004035007
1,1,community-radio,community-radio,0.0012203746,0.9428944,0.00060482125,0.03556897,0.001540644,0.0056334,0.0042563216,0.0082811145
1,1,community-radio,community-radio,0.00014314611,0.989602,2.6914733e-05,0.0069197183,9.190114e-05,0.0012171232,0.0016277964,0.00037136217
5,5,mobile-music,mobile-music,7.3479816e-07,0.00017780972,5.108404e-07,2.8707886e-06,2.112989e-06,0.9997832,2.1760548e-05,1.0988509e-05
3,3,crowd-noise,crowd-noise,1.0105964e-05,0.00014111318,0.00025831614,0.9987147,0.00057962874,0.00014669014,9.342341e-05,5.603264e-05
4,4,generator,generator,8.385072e-06,0.00028306004,4.5318768e-05,5.8433525e-05,0.99944395,5.4316595e-05,5.5800163e-05,5.0782066e-05
2,2,construction-site,construction-site,3.3756973e-05,0.004632152,0.98866475,0.002910176,0.0013967621,0.0002602577,0.0005079577,0.0015941669
6,6,motorvehicle-horn,motorvehicle-horn,0.16827993,0.0032648768,0.0022633704,0.00646778,0.0023376306,0.0017860539,0.8108832,0.0047170823
0,0,car-alarm,car-alarm,0.9998006,4.6677887e-06,2.0335815e-06,3.6066776e-06,2.1661187e-07,1.7458492e-06,5.9290305e-05,0.00012772821
7,7,motorvehicle-siren,motorvehicle-siren,6.679676e-05,2.9508716e-05,3.4756254e-06,7.989652e-06,2.1996764e-06,1.1127077e-06,8.729001e-06,0.9998802
1,1,community-radio,community-radio,0.0010727932,0.8820901,0.012951765,0.019528005,0.0041614603,0.036673278,0.028602049,0.014920547
4,4,generator,generator,2.2379498e-05,0.00802454,0.0022863525,0.017892785,0.9706852,0.0006543685,0.00020003015,0.00023441961
2,2,construction-site,construction-site,3.007246e-05,0.0006080176,0.9775244,0.0009524984,0.004219097,0.00010190063,0.01652045,4.362305e-05
2,2,construction-site,construction-site,0.0005573028,0.00013144809,0.9974928,8.037775e-05,0.0001032945,1.907339e-05,0.00018884656,0.0014269414
0,0,car-alarm,car-alarm,0.9995127,7.0740284e-06,2.4142817e-06,3.5577302e-06,1.5672057e-07,1.4937171e-06,7.215916e-05,0.000400532
2,2,construction-site,construction-site,7.5933865e-05,0.00019662736,0.9669855,0.00045000252,0.0004250131,0.019956104,0.011831827,7.8977704e-05
1,1,community-radio,community-radio,4.806599e-05,0.9949292,2.168044e-05,0.00027649282,3.1894117e-05,0.004517506,0.000110237575,6.494199e-05
4,4,generator,generator,1.9235756e-06,1.3104235e-05,2.280625e-05,6.664715e-06,0.99990237,1.283767e-05,3.9382074e-05,8.3580255e-07
4,4,generator,generator,2.0785325e-05,8.973597e-05,0.00013424078,5.6471068e-05,0.99940026,6.14442e-05,0.00022943507,7.633444e-06
2,3,construction-site,crowd-noise,0.0023506854,0.11795621,0.35742435,0.45939556,0.014546569,0.004991144,0.019193374,0.024142068
0,0,car-alarm,car-alarm,0.9993814,5.4110606e-06,6.2604936e-06,3.6032616e-06,2.694751e-07,8.376759e-07,4.5698973e-05,0.000556495
2,2,construction-site,construction-site,1.1627042e-06,6.9877574e-06,0.9997868,0.00012708576,1.1782674e-05,2.1849494e-06,4.9560454e-06,5.8952945e-05
1,1,community-radio,community-radio,0.0013565426,0.6225308,0.002553066,0.34537703,0.004916904,0.0013567322,0.015669156,0.0062397625
3,3,crowd-noise,crowd-noise,0.00026233803,0.012877547,0.20957857,0.76882774,0.0022136949,0.003198243,0.0025560467,0.00048583205
7,7,motorvehicle-siren,motorvehicle-siren,5.7807197e-06,2.7905591e-05,5.0768654e-06,5.1571733e-06,2.9624705e-06,4.921392e-07,4.760917e-06,0.9999479
1,1,community-radio,community-radio,0.0022912922,0.4977844,0.002535676,0.30844992,0.0038016203,0.17879745,0.0039004846,0.002439152
0,0,car-alarm,car-alarm,0.9995321,2.7128217e-05,5.581314e-06,1.4116235e-05,1.0029264e-06,1.0828268e-05,0.00026835682,0.00014091776
3,3,crowd-noise,crowd-noise,2.6442178e-05,0.0005239695,0.0017256927,0.99392456,0.0029297895,0.0005581345,0.0001623126,0.00014907971
3,3,crowd-noise,crowd-noise,0.0032532196,0.2889444,0.1116728,0.47734353,0.023595672,0.003073804,0.062176693,0.029939901
6,6,motorvehicle-horn,motorvehicle-horn,0.2280976,0.0030494279,0.0012837952,0.0073612398,0.0008942033,0.00088225125,0.7507759,0.007655664
2,2,construction-site,construction-site,2.2243466e-06,0.00016669344,0.9979432,0.00037865422,0.001294172,2.0214187e-05,0.0001779815,1.685472e-05
0,0,car-alarm,car-alarm,0.99946314,1.610377e-05,7.71908e-06,1.4834907e-05,1.6609168e-06,5.833784e-06,0.00019542781,0.0002952958
2,3,construction-site,crowd-noise,0.0025315967,0.024784798,0.11438431,0.81124866,0.021497754,0.009953959,0.011659369,0.0039396365
1,1,community-radio,community-radio,0.0005083518,0.9710895,0.00043197433,0.013246885,0.0009367879,0.005659889,0.0075120092,0.00061457383
0,0,car-alarm,car-alarm,0.9997205,6.484762e-06,3.062317e-06,4.879695e-06,3.8316637e-07,2.5204158e-06,5.303205e-05,0.00020906185
1,1,community-radio,community-radio,5.6967343e-05,0.9944676,3.1740594e-05,0.0034978327,6.997286e-05,0.0009877735,0.00079826254,8.9856614e-05
3,5,crowd-noise,mobile-music,0.010914534,0.37092513,0.0014241444,0.028559605,0.0013505613,0.56494987,0.005290945,0.016585253
6,6,motorvehicle-horn,motorvehicle-horn,0.07711439,0.031705055,0.060480088,0.25308117,0.012757623,0.008506027,0.5340534,0.022302182
3,3,crowd-noise,crowd-noise,7.8968077e-07,2.527279e-05,0.00015325716,0.99967074,8.5370855e-05,3.7365684e-05,1.7188584e-05,1.001231e-05
7,7,motorvehicle-siren,motorvehicle-siren,2.472568e-05,1.874394e-05,1.9338613e-06,2.1487972e-06,4.6352184e-06,8.850071e-07,9.268143e-06,0.99993765
0,4,car-alarm,generator,0.0025657522,0.0048665702,0.001993572,0.0028362733,0.97538066,0.0019613006,0.010104951,0.00029105824
6,6,motorvehicle-horn,motorvehicle-horn,0.025893858,0.00016027392,0.0015320757,0.0018907832,0.002350468,0.00013175892,0.9630859,0.0049548163
5,5,mobile-music,mobile-music,0.0003884976,0.35196012,0.00056021765,0.005207537,0.0028996735,0.6360748,0.0014132697,0.0014958639
7,7,motorvehicle-siren,motorvehicle-siren,0.0027987368,3.474776e-05,1.7324204e-05,9.572993e-06,1.6946201e-06,1.2821856e-06,9.6645366e-05,0.99704
3,3,crowd-noise,crowd-noise,5.974151e-06,0.00060173165,0.00031996914,0.9979232,0.0002865497,4.7357535e-05,6.095819e-05,0.0007542923
4,4,generator,generator,0.0023127566,0.0013922397,0.008941574,0.003999234,0.93161976,0.0033822504,0.047587562,0.0007646081
2,2,construction-site,construction-site,5.1444757e-05,0.00038215276,0.99333876,0.0037315732,0.0011051679,0.00016926501,0.00081063044,0.00041093308
0,0,car-alarm,car-alarm,0.9993838,1.3504566e-05,6.0284747e-06,8.120466e-06,5.4474333e-07,4.1358408e-06,0.00027338119,0.00031040484
2,2,construction-site,construction-site,1.0330657e-06,3.6369045e-06,0.99981326,5.0460854e-05,4.6855716e-06,7.8386694e-07,3.9482475e-06,0.00012220876
7,1,motorvehicle-siren,community-radio,0.13496509,0.6636627,0.00032554317,0.04524031,0.0016464852,0.021646626,0.0063551585,0.12615812
6,6,motorvehicle-horn,motorvehicle-horn,0.020924576,0.022373652,0.104490586,0.04197626,0.00335042,0.0009698752,0.79518694,0.010727808
5,5,mobile-music,mobile-music,3.522129e-05,0.0019584543,8.164242e-05,0.00044204056,8.5511085e-05,0.9972198,0.00013796164,3.9302085e-05
0,0,car-alarm,car-alarm,0.99968374,8.440717e-06,1.9699633e-06,4.9599976e-06,3.9105146e-07,5.503742e-06,0.00010831549,0.000186776
4,4,generator,generator,4.547186e-05,0.00033630215,0.0032503703,0.00022619875,0.9939719,0.0010861222,0.0004016486,0.00068199827
7,1,motorvehicle-siren,community-radio,0.0005338774,0.65239054,0.0006337378,0.2030501,0.0025765477,0.13371219,0.0014408834,0.00566214
1,1,community-radio,community-radio,0.0001253452,0.99344504,6.582572e-05,0.000154642,5.648211e-05,0.0023259046,2.5493198e-05,0.0038013258
2,2,construction-site,construction-site,0.00093785307,0.08600025,0.42759168,0.36353093,0.040706675,0.001102131,0.012424368,0.06770606
3,3,crowd-noise,crowd-noise,4.1692492e-05,0.00043837464,0.0026971505,0.99495775,0.00082870445,0.0006904136,0.00018139002,0.00016451767
1,1,community-radio,community-radio,0.0017259917,0.65355605,0.035151217,0.1222131,0.11025475,0.02148135,0.04883161,0.006786024
4,4,generator,generator,3.31933e-06,3.102174e-05,4.244474e-05,1.3272155e-05,0.99985015,1.3369695e-05,4.499956e-05,1.3575517e-06
1,1,community-radio,community-radio,0.00040994206,0.97860295,7.195382e-05,0.0017435121,0.0011346147,0.016103467,0.0002001949,0.00173334
2,2,construction-site,construction-site,4.663395e-06,0.0001823643,0.9951827,0.004132288,0.0003163628,4.021223e-05,6.312363e-05,7.829467e-05
2,2,construction-site,construction-site,0.019362075,0.015897943,0.701358,0.06620237,0.001103714,0.013572439,0.0028671266,0.17963624
2,2,construction-site,construction-site,0.00066217245,0.0016197324,0.8556609,0.0070921765,0.0047309496,0.11679337,0.01242502,0.0010156472
0,6,car-alarm,motorvehicle-horn,0.10069805,0.17283307,0.022013403,0.10737927,0.0023021689,0.1952752,0.3954045,0.0040943664
6,0,motorvehicle-horn,car-alarm,0.6520662,0.0009612739,0.0011977324,0.0026084098,0.0005070396,0.0002787485,0.33502457,0.0073560853
7,7,motorvehicle-siren,motorvehicle-siren,5.106235e-06,2.9982964e-06,1.23736e-06,3.794873e-07,2.5315103e-07,1.3752299e-07,3.3479814e-06,0.99998665
1,1,community-radio,community-radio,0.0010038122,0.94259065,0.00019194858,0.0048433677,0.0018596624,0.04829809,0.0003227223,0.00088975544
7,7,motorvehicle-siren,motorvehicle-siren,0.00018324016,9.313787e-05,3.2681528e-05,2.7540167e-05,5.690597e-05,1.0644933e-05,0.00022745378,0.9993685
2,2,construction-site,construction-site,0.0011024154,0.005044733,0.8200644,0.007949072,0.07898128,0.06657192,0.00821048,0.012075648
6,6,motorvehicle-horn,motorvehicle-horn,0.084332526,0.0012072576,0.0019242676,0.004084187,0.00097584026,0.0006900423,0.89845705,0.008328871
6,6,motorvehicle-horn,motorvehicle-horn,0.33218995,0.0064894343,0.0031601905,0.015409491,0.0018231163,0.0009502332,0.62937087,0.010606761
3,3,crowd-noise,crowd-noise,0.0019058504,0.18515934,0.18038315,0.6015641,0.011838096,0.0032194152,0.011071663,0.004858389
0,0,car-alarm,car-alarm,0.9997758,8.677223e-06,2.0765817e-06,3.889831e-06,1.13160006e-07,2.4063352e-06,6.7921654e-05,0.00013916643
5,5,mobile-music,mobile-music,0.00058739434,0.0029045371,2.7995731e-05,5.3431224e-05,1.3943884e-05,0.9960567,0.00031214714,4.398793e-05
2,2,construction-site,construction-site,3.5758778e-05,0.0003130694,0.9942615,0.00120562,0.00086534023,0.0008992414,0.0023621873,5.7211728e-05
4,4,generator,generator,0.0005377982,0.0002570616,0.0014873116,0.0013819406,0.98814183,0.0010586588,0.006954482,0.00018085128
0,6,car-alarm,motorvehicle-horn,0.49190024,0.00085296464,0.0035246438,0.0032815295,0.0020095825,0.00020386469,0.49416092,0.0040662116
3,2,crowd-noise,construction-site,0.0047569447,0.0090336455,0.7881679,0.10020359,0.038144544,0.01189319,0.0389514,0.008848748
6,6,motorvehicle-horn,motorvehicle-horn,0.025374392,0.00011804977,0.008219692,0.0020120575,0.0034430637,0.00019062725,0.95879567,0.0018464884
0,0,car-alarm,car-alarm,0.69428474,0.0020468219,0.00170651,0.0034472875,0.0006933613,0.000348309,0.29161164,0.0058614477
0,5,car-alarm,mobile-music,0.003947481,0.12627853,0.03439553,0.28046495,0.0054745376,0.5099355,0.033841692,0.005661761
6,6,motorvehicle-horn,motorvehicle-horn,0.17358358,0.018087782,0.006423984,0.015225793,0.004432274,0.0020877481,0.7708502,0.009308631
4,4,generator,generator,2.5495212e-06,3.688973e-05,4.3775315e-05,2.0729864e-05,0.9998392,1.8458722e-05,3.7081965e-05,1.4058944e-06
2,2,construction-site,construction-site,8.815166e-07,4.652486e-06,0.9998796,5.79175e-05,1.2352912e-05,4.3317373e-06,6.3547805e-06,3.395747e-05
5,2,mobile-music,construction-site,0.001214115,0.30655807,0.554905,0.03172752,0.039865002,0.01819957,0.04701996,0.0005107217
4,4,generator,generator,0.00080269156,0.012121223,0.123538665,0.06335957,0.78112906,0.003524249,0.012799536,0.002725055
2,2,construction-site,construction-site,0.0006929143,0.0054738,0.9430503,0.03987614,0.0063539506,0.0009724325,0.0017494181,0.0018310496
6,6,motorvehicle-horn,motorvehicle-horn,0.021619255,0.00031786753,0.25977328,0.0010325767,0.0037254686,0.00046280006,0.62853354,0.08453525
5,5,mobile-music,mobile-music,4.300396e-06,0.0066337604,9.4357465e-06,6.340485e-05,8.789581e-06,0.99318695,7.6144024e-05,1.7254342e-05
7,7,motorvehicle-siren,motorvehicle-siren,7.797215e-06,6.2820136e-06,4.178486e-06,1.4207707e-06,9.07255e-07,1.648743e-07,2.5648344e-06,0.99997663
6,6,motorvehicle-horn,motorvehicle-horn,0.06322225,0.0005819914,0.010612704,0.0040821764,0.0024091655,0.0003911832,0.9150935,0.0036070943
6,6,motorvehicle-horn,motorvehicle-horn,0.06533571,0.035994615,0.00969912,0.04051546,0.0024450542,0.0011127539,0.83459884,0.010298472
0,0,car-alarm,car-alarm,0.9991316,6.4664578e-06,5.016271e-06,4.2102047e-06,1.8995266e-07,6.5146486e-07,2.7099948e-05,0.0008246672
1,1,community-radio,community-radio,5.6415378e-05,0.95995456,0.0031213197,0.007054102,0.024267508,0.0042600324,0.00089832174,0.00038770097
0,0,car-alarm,car-alarm,0.9987826,6.0580805e-06,3.0056113e-05,7.1741974e-06,1.0764174e-06,7.234952e-07,4.197905e-05,0.0011303951
0,0,car-alarm,car-alarm,0.99964666,1.9779538e-05,3.4260217e-06,1.0594153e-05,6.54785e-07,9.597599e-06,0.00016714717,0.00014225957
3,2,crowd-noise,construction-site,0.0012006041,0.008421188,0.6695909,0.10365082,0.1612623,0.00090797635,0.045656625,0.009309599
0,6,car-alarm,motorvehicle-horn,0.19970198,0.0012709447,0.0021051993,0.004357521,0.0010965323,0.00074042124,0.786333,0.0043943836
2,2,construction-site,construction-site,0.00036379555,0.09487483,0.8740417,0.019082997,0.0051841834,0.004107986,0.0016791555,0.0006652691
1,1,community-radio,community-radio,0.0029805205,0.4551943,0.014046781,0.34177065,0.0014360191,0.17401484,0.0029429516,0.007613936
1,1,community-radio,community-radio,0.00018649684,0.9795776,0.0012388057,0.005525932,0.0004235758,0.011259412,0.0014706778,0.00031753175
4,4,generator,generator,0.020079954,0.004410044,0.002503219,0.0033756448,0.9500401,0.0019679645,0.01503923,0.0025838718
1,1,community-radio,community-radio,9.908457e-05,0.99096674,7.991565e-05,0.001700491,3.40213e-05,0.006520933,0.00032199218,0.00027682254
4,4,generator,generator,2.979627e-06,4.1100993e-05,4.4503246e-05,2.0246183e-05,0.9998317,1.5974543e-05,4.2201376e-05,1.3485947e-06
3,1,crowd-noise,community-radio,0.0018552375,0.8739269,0.011481588,0.082235955,0.0020805246,0.006610449,0.0009414613,0.02086793
0,0,car-alarm,car-alarm,0.45896977,0.00781661,0.01482957,0.068104364,0.008421954,0.018287217,0.407995,0.015575532
5,5,mobile-music,mobile-music,7.129763e-05,0.0050228587,0.00037435253,0.0003421691,3.824773e-05,0.99377245,0.00033736785,4.128701e-05
7,7,motorvehicle-siren,motorvehicle-siren,2.7909602e-05,7.958811e-06,1.9982122e-06,1.7736793e-06,2.1331498e-06,3.0563288e-07,9.401708e-06,0.9999485
0,6,car-alarm,motorvehicle-horn,0.3457014,0.0008530568,0.00062881206,0.002595639,0.00055684993,0.0003534881,0.6462428,0.0030679249
1,2,community-radio,construction-site,0.00030141053,0.014529802,0.913607,0.06126604,0.0029606922,0.004684194,0.0015702628,0.0010805533
3,3,crowd-noise,crowd-noise,2.0651725e-05,0.0002684552,0.0003461648,0.9981786,0.00067539845,0.00032776615,0.000112905494,6.996697e-05
6,6,motorvehicle-horn,motorvehicle-horn,0.0054999893,0.0002631417,0.0048025823,0.000109215085,0.00023894066,0.00095442956,0.98588043,0.0022513028
4,4,generator,generator,3.3495244e-06,3.0822106e-05,3.4875695e-05,1.28033325e-05,0.9998523,2.1312295e-05,4.3333483e-05,1.2513406e-06
2,5,construction-site,mobile-music,0.0027006166,0.08901447,0.21337344,0.12110082,0.036220137,0.5226099,0.008104683,0.0068759024
0,6,car-alarm,motorvehicle-horn,0.07455301,0.014977782,0.030048491,0.06404957,0.0078096655,0.0016521468,0.7774413,0.029467987
2,2,construction-site,construction-site,0.0010088502,0.0002842754,0.9733787,0.0015878078,0.0046817823,0.0009181713,0.0064707748,0.011669627
6,6,motorvehicle-horn,motorvehicle-horn,0.0657683,0.0048725437,0.013561654,0.02393366,0.016480735,0.0036688615,0.8633365,0.008377696
6,6,motorvehicle-horn,motorvehicle-horn,0.067206,0.0013995509,0.007044643,0.003734735,0.0019350224,0.0009726493,0.90517706,0.012530446
0,0,car-alarm,car-alarm,0.9992218,3.822369e-06,5.4338375e-06,3.1532816e-06,2.1649764e-07,4.7126213e-07,3.5338344e-05,0.00072977046
2,2,construction-site,construction-site,2.579821e-06,2.440108e-05,0.9962171,0.0005081358,7.777667e-05,1.7636327e-06,1.9527008e-05,0.0031487327
6,6,motorvehicle-horn,motorvehicle-horn,0.42967692,0.0047720275,0.004856236,0.009144834,0.0033058021,0.00068870845,0.52543646,0.022119
3,3,crowd-noise,crowd-noise,0.000106105006,0.03834129,0.0026265376,0.9524626,0.001473843,0.0031786044,0.00084585213,0.0009652595
1,1,community-radio,community-radio,1.5163052e-05,0.9971396,4.5300127e-05,0.00031409872,0.00019216517,0.0022026708,4.7915466e-05,4.322457e-05
2,3,construction-site,crowd-noise,4.024802e-05,0.006134843,0.007607403,0.98246413,0.0012874632,0.0013804523,0.00059539214,0.0004900267
6,6,motorvehicle-horn,motorvehicle-horn,0.052634876,0.0008681293,0.0035953426,0.0050449977,0.0009775829,0.00052835105,0.9317902,0.0045604235
0,6,car-alarm,motorvehicle-horn,0.31331927,0.0025155267,0.0033281061,0.0058899582,0.004551084,0.0004691209,0.40496075,0.2649662
1,1,community-radio,community-radio,4.762171e-05,0.99694246,2.1412548e-05,0.0006237564,2.5553029e-05,0.002039393,0.00019724216,0.000102541046
4,4,generator,generator,2.6552848e-06,2.0070505e-05,2.698408e-05,1.1307621e-05,0.9998857,1.0352872e-05,4.214711e-05,8.729419e-07
0,0,car-alarm,car-alarm,0.9993082,4.4839755e-05,1.6391918e-05,1.6394482e-05,2.9225027e-06,9.226893e-06,0.00024993272,0.00035191784
6,6,motorvehicle-horn,motorvehicle-horn,0.0013334565,1.1357123e-05,0.00064645155,0.00013861986,0.00024612667,0.0001247797,0.9974222,7.691297e-05
6,6,motorvehicle-horn,motorvehicle-horn,0.26542738,0.02314825,0.024054684,0.0386954,0.02371234,0.012437346,0.58767015,0.024854373
7,6,motorvehicle-siren,motorvehicle-horn,0.038327754,0.0011832555,0.0029577594,0.007843478,0.0036110627,0.0008064505,0.9419635,0.003306792
5,5,mobile-music,mobile-music,2.8445098e-05,0.007272305,1.8682398e-05,0.00010784125,3.1305186e-05,0.99242824,5.93272e-05,5.391402e-05
5,5,mobile-music,mobile-music,2.5407415e-05,0.00053938065,6.747287e-05,0.00016343307,4.5231543e-05,0.99900264,0.00012833014,2.8214165e-05
0,0,car-alarm,car-alarm,0.77288514,0.0020486945,0.0031404062,0.018975014,0.0025094382,0.0010286322,0.17623846,0.023174241
0,0,car-alarm,car-alarm,0.9996216,3.4995956e-06,1.9755373e-06,2.5779066e-06,1.2565695e-07,5.965581e-07,4.1922336e-05,0.0003277064
7,7,motorvehicle-siren,motorvehicle-siren,2.5275229e-05,0.00012768523,9.89068e-05,1.723698e-05,1.8367124e-05,6.034924e-06,6.4107866e-05,0.9996424
4,4,generator,generator,4.0808257e-07,6.1379546e-06,6.107312e-06,3.2244193e-06,0.9999709,3.8187613e-06,9.176997e-06,2.5130691e-07
7,7,motorvehicle-siren,motorvehicle-siren,0.00013710026,3.850484e-06,6.746596e-05,3.2240953e-06,1.9224083e-06,4.426374e-07,5.1839655e-05,0.9997341
5,3,mobile-music,crowd-noise,0.0008469335,0.15399593,0.0202217,0.5494883,0.0035486731,0.26675865,0.0041648503,0.0009749624
0,6,car-alarm,motorvehicle-horn,0.11392055,0.0071604657,0.0022169885,0.05970592,0.0031702563,0.0017462294,0.7921179,0.01996169
3,1,crowd-noise,community-radio,0.0032971597,0.8074673,0.009552903,0.08246253,0.004983717,0.0055459477,0.06512989,0.021560553
5,5,mobile-music,mobile-music,1.2581559e-05,0.00064451934,2.723506e-05,0.0002007704,3.222879e-05,0.99901724,4.6065426e-05,1.927382e-05
3,3,crowd-noise,crowd-noise,0.022569962,0.024054207,0.3268995,0.49019575,0.042858426,0.06087695,0.01575486,0.016790463
4,4,generator,generator,3.458153e-07,5.8784085e-06,7.1056743e-06,2.618148e-06,0.99997354,3.0085455e-06,7.272301e-06,1.9613184e-07
5,5,mobile-music,mobile-music,7.1160753e-06,0.00028256734,1.4712417e-05,5.9911734e-05,1.8944736e-05,0.99956995,3.1841984e-05,1.5006057e-05
6,6,motorvehicle-horn,motorvehicle-horn,0.34837294,0.0037462127,0.0059286384,0.006729569,0.0020722395,0.000952174,0.61766434,0.014533844
1,1,community-radio,community-radio,7.198305e-05,0.9940456,0.00015566513,0.0034008208,0.00024190219,0.0009673034,0.0009220462,0.00019471266
6,6,motorvehicle-horn,motorvehicle-horn,0.0848225,0.0048943204,0.047657687,0.02240202,0.028668707,0.0031565018,0.79929787,0.009100366
1,2,community-radio,construction-site,0.00744394,0.019247886,0.8526665,0.045083463,0.0046446463,0.042777132,0.02319854,0.0049379077
0,0,car-alarm,car-alarm,0.9996326,2.1883218e-06,1.5641886e-06,1.7781584e-06,1.05195525e-07,7.259488e-07,4.1366395e-05,0.0003197058
6,6,motorvehicle-horn,motorvehicle-horn,0.07530897,0.0010046313,0.0008824254,0.0043589366,0.003276703,0.0011896623,0.9121905,0.0017881364
6,4,motorvehicle-horn,generator,0.017569287,0.0057227346,0.072286285,0.013964691,0.56065905,0.007839788,0.31969166,0.0022665
0,6,car-alarm,motorvehicle-horn,0.2642609,0.0030569294,0.0025731297,0.008440393,0.0016734814,0.00078636943,0.7109825,0.008226359
3,0,crowd-noise,car-alarm,0.5917006,0.007907827,0.032015067,0.024463171,0.028953813,0.0075668436,0.29414135,0.013251264
0,0,car-alarm,car-alarm,0.9993369,4.4330798e-05,3.6736663e-05,2.850392e-05,1.388886e-06,8.353097e-06,0.00020376965,0.00033993475
6,4,motorvehicle-horn,generator,0.063405976,0.018635593,0.0755377,0.09145604,0.420892,0.01890591,0.29316682,0.017999867
2,2,construction-site,construction-site,8.1390084e-05,0.0006910841,0.9947513,0.00041549656,5.1998923e-05,0.00045497552,0.0034362308,0.00011761938
1,1,community-radio,community-radio,0.01571117,0.7331608,0.00053459755,0.21930212,0.0002835024,0.021923976,0.0070356154,0.0020482072
1,1,community-radio,community-radio,0.0006571547,0.9646873,7.974826e-05,0.02521121,0.00070429867,0.0048677847,0.0019699053,0.0018225631
2,2,construction-site,construction-site,0.00019061084,0.01005095,0.93782634,0.045485847,0.0018373018,0.0023425887,0.0014912633,0.00077516277
5,1,mobile-music,community-radio,0.020152388,0.7956111,0.0041806297,0.12852879,0.0016738161,0.01796545,0.012647521,0.01924031
7,7,motorvehicle-siren,motorvehicle-siren,4.971825e-05,9.1390226e-05,2.27222e-05,1.9000903e-05,9.432666e-06,7.562085e-07,1.1917116e-05,0.99979514
7,7,motorvehicle-siren,motorvehicle-siren,4.75955e-05,1.5092064e-05,4.7680205e-06,1.5465965e-06,1.1893309e-06,3.661743e-07,7.882073e-06,0.99992156
0,6,car-alarm,motorvehicle-horn,0.015453315,0.0026065477,0.0027841087,0.010084884,0.004698977,0.0011342786,0.9568386,0.0063993507
2,2,construction-site,construction-site,4.7986054e-05,0.0004170534,0.9954091,0.0009396674,0.00021471696,0.001044181,0.0018601975,6.7165056e-05
3,3,crowd-noise,crowd-noise,3.361732e-06,6.984559e-05,0.00012222599,0.9995241,0.00012597723,9.779487e-05,3.617358e-05,2.050101e-05
2,2,construction-site,construction-site,1.3321952e-05,3.6340618e-05,0.98902357,8.20681e-05,1.589851e-05,2.5563124e-06,2.9193769e-05,0.0107969735
7,7,motorvehicle-siren,motorvehicle-siren,1.2827524e-05,7.517842e-06,3.292435e-07,6.260941e-07,6.0973343e-07,8.423655e-08,3.1066984e-06,0.99997485
4,4,generator,generator,3.4868742e-07,5.7969714e-06,6.945348e-06,3.4491395e-06,0.99997056,2.7733756e-06,9.841551e-06,2.0051716e-07
2,2,construction-site,construction-site,6.117924e-05,0.0004382653,0.9953572,0.0027034741,0.00038235894,0.0002067686,0.0004942864,0.000356351
5,5,mobile-music,mobile-music,0.00077422644,0.08802489,0.0437409,0.01820246,0.010928793,0.8304309,0.006600246,0.0012975798
7,7,motorvehicle-siren,motorvehicle-siren,0.0016545547,0.036875233,0.026207063,0.0056321984,0.0029540723,0.03571288,0.012472488,0.8784916
6,6,motorvehicle-horn,motorvehicle-horn,0.05295961,0.0038368846,0.011049021,0.014941804,0.001331485,0.0006682213,0.9088872,0.00632576
4,4,generator,generator,3.3704816e-07,5.2211926e-06,1.0758549e-05,2.8876323e-06,0.9999732,1.8352354e-06,5.5764017e-06,1.7406381e-07
7,7,motorvehicle-siren,motorvehicle-siren,5.0791044e-05,1.8419645e-05,1.2008712e-06,5.1865745e-06,7.807757e-06,8.8765e-07,5.4657914e-05,0.999861
6,5,motorvehicle-horn,mobile-music,0.00027719254,0.032724634,0.00118685,0.00179215,6.151665e-05,0.9583329,0.005268391,0.0003562598
4,4,generator,generator,5.141488e-06,3.1115676e-05,4.6158886e-05,1.820526e-05,0.9998048,1.7830798e-05,7.4595446e-05,2.156357e-06
6,6,motorvehicle-horn,motorvehicle-horn,0.264496,0.006897415,0.011774101,0.029683009,0.0042550513,0.0011669486,0.6695598,0.012167673
5,5,mobile-music,mobile-music,3.5719073e-05,0.0025261794,0.00019177726,0.00036233556,7.437249e-05,0.9963612,0.0003845861,6.382977e-05
2,2,construction-site,construction-site,7.08392e-06,3.5652356e-05,0.9996644,0.00010064877,5.525601e-05,1.4014236e-05,4.6305788e-05,7.663815e-05
2,2,construction-site,construction-site,9.096194e-06,0.00024042049,0.9928883,0.0063339067,0.00021540941,0.00013020313,7.6317825e-05,0.000106337844
3,4,crowd-noise,generator,0.0028991783,0.04132842,0.07714857,0.18381475,0.67266697,0.012727195,0.0018364716,0.0075784307
7,5,motorvehicle-siren,mobile-music,0.002132203,0.19397059,0.0001755486,0.001994961,0.00042623805,0.7968984,0.00077306683,0.0036289576
5,5,mobile-music,mobile-music,0.0008782436,0.013289588,0.0006917295,0.0053302343,0.00058449403,0.97704333,0.0017925764,0.00038976246
5,5,mobile-music,mobile-music,1.1271787e-05,0.00042677802,3.1971762e-05,0.00026948185,3.2626198e-05,0.9991715,3.911912e-05,1.7389857e-05
4,4,generator,generator,1.0810113e-06,8.045935e-06,1.6365268e-05,4.522464e-06,0.9999449,5.0110702e-06,1.9805733e-05,3.6021294e-07
4,6,generator,motorvehicle-horn,0.1638254,0.027094014,0.044025067,0.16616781,0.07604284,0.19395246,0.32118568,0.007706831
2,2,construction-site,construction-site,8.864791e-05,0.00023637593,0.9925028,0.00049654866,0.00016632915,0.0012271112,0.0052429913,3.9123493e-05
0,0,car-alarm,car-alarm,0.9992021,2.6906944e-06,2.6233636e-06,1.7146698e-06,9.000153e-08,2.6960382e-07,2.2095941e-05,0.0007684054
2,2,construction-site,construction-site,1.2310371e-05,0.00012632272,0.99810636,0.00038670638,0.00042139526,0.00014646216,0.0007770821,2.3322047e-05
5,5,mobile-music,mobile-music,9.5514384e-05,0.00078012835,0.002073134,0.00026128086,0.00015751278,0.9926178,0.003983248,3.1389856e-05
1,1,community-radio,community-radio,7.270602e-05,0.9954639,3.441655e-05,0.002788314,6.0150225e-05,0.0008331229,0.00037986663,0.00036739005
0,0,car-alarm,car-alarm,0.9994568,5.476161e-06,4.886557e-06,3.672918e-06,1.9764242e-07,8.607453e-07,4.6634363e-05,0.00048140838
5,5,mobile-music,mobile-music,0.00011049058,0.03572224,0.00022657274,0.003231206,0.00033101544,0.9596596,0.0001586564,0.0005602846
0,0,car-alarm,car-alarm,0.99981683,3.8748544e-06,1.1493232e-06,2.0874963e-06,7.758046e-08,9.1251644e-07,5.3161835e-05,0.00012190574
1,1,community-radio,community-radio,0.0008153903,0.96993446,0.0003086157,0.021345457,0.00021382506,0.0050825486,0.0012749018,0.0010247573
4,4,generator,generator,0.0002914296,0.00049366825,0.00040508562,0.00014363675,0.9934097,0.0014310577,0.003779367,4.6011675e-05
1,1,community-radio,community-radio,0.0020224976,0.90191865,0.0030683938,0.04939797,0.0029608454,0.004165939,0.020769386,0.015696345
3,1,crowd-noise,community-radio,0.011950734,0.63149154,0.0014320804,0.25414687,0.0012210662,0.009027063,0.08229554,0.008435057
7,7,motorvehicle-siren,motorvehicle-siren,0.0001875308,1.9092839e-05,1.123212e-05,3.5590108e-06,1.224922e-06,2.716101e-07,1.0479516e-05,0.99976665
1,1,community-radio,community-radio,0.0008267291,0.98520505,0.00027148525,0.0024475686,0.0010989571,0.0059179785,0.0014363913,0.0027959538
6,6,motorvehicle-horn,motorvehicle-horn,0.0031108544,3.2295735e-05,0.00029596983,0.00074235897,0.00028150057,0.00048192494,0.9949362,0.00011883957
0,0,car-alarm,car-alarm,0.69118357,0.0020022253,0.0019020567,0.009537095,0.0018451003,0.0002828943,0.2745384,0.01870867
7,7,motorvehicle-siren,motorvehicle-siren,5.499999e-05,2.1823202e-05,1.4444228e-05,4.697492e-06,5.545439e-06,5.785112e-07,1.963355e-05,0.9998783
4,4,generator,generator,1.7474575e-07,3.545912e-06,5.2535183e-06,1.4558585e-06,0.99998367,1.7139505e-06,4.1495587e-06,9.5235855e-08
3,0,crowd-noise,car-alarm,0.731475,0.041281953,0.001556012,0.008653807,0.004754023,0.0032857065,0.10230399,0.106689535
3,3,crowd-noise,crowd-noise,0.0021585668,0.096528195,0.047804136,0.8079525,0.008871892,0.003724151,0.02881046,0.004150124
2,2,construction-site,construction-site,0.0001602652,0.0006910188,0.95702845,0.025531193,0.010887781,0.0007089978,0.0028415627,0.002150769
2,2,construction-site,construction-site,4.5425486e-07,3.3150538e-06,0.9998733,5.5486988e-05,5.963103e-06,1.0802765e-06,4.245339e-06,5.604241e-05
2,7,construction-site,motorvehicle-siren,0.0022077686,0.0013087485,0.0007054694,0.00057217834,0.00049812894,0.00027705517,0.0038976388,0.990533
3,3,crowd-noise,crowd-noise,1.2096114e-06,4.857246e-05,4.400813e-05,0.99971706,0.00011032381,5.0924235e-05,1.7261347e-05,1.06599355e-05
7,7,motorvehicle-siren,motorvehicle-siren,6.910376e-06,1.6973321e-05,4.0629914e-07,1.145833e-06,9.679544e-07,3.7540747e-07,1.8999204e-06,0.9999713
7,7,motorvehicle-siren,motorvehicle-siren,0.0001918334,2.6501917e-05,1.9618072e-05,7.5361377e-06,2.2399913e-06,8.005076e-07,1.2347148e-05,0.9997391
5,5,mobile-music,mobile-music,9.928126e-05,0.0664527,5.251089e-05,0.0023162388,7.79524e-05,0.930529,0.00028357815,0.0001887266
4,4,generator,generator,3.0906332e-07,4.282545e-06,6.8548793e-06,2.5107115e-06,0.9999759,1.9400275e-06,7.957003e-06,1.4927934e-07
7,1,motorvehicle-siren,community-radio,0.027340254,0.6228901,0.0076864446,0.026264725,0.16666749,0.027315108,0.07712067,0.04471522
4,4,generator,generator,0.000166263,0.00048776204,0.0004638525,0.0005435233,0.99617636,0.00015918336,0.0018163642,0.00018666375
2,2,construction-site,construction-site,4.2377476e-05,0.0007098807,0.9914157,0.0056422395,0.0008812616,0.00026400184,0.00065565604,0.0003889223
5,5,mobile-music,mobile-music,1.6677548e-05,0.00067336456,6.8857503e-06,0.0001668699,1.45989625e-05,0.99907196,2.8473656e-05,2.1041298e-05
5,5,mobile-music,mobile-music,5.329909e-05,0.0041597546,4.3463504e-05,0.0005394701,7.918097e-05,0.99496645,7.501252e-05,8.335722e-05
0,6,car-alarm,motorvehicle-horn,0.054956153,0.0030453613,0.022807445,0.029187994,0.02061541,0.0037621497,0.8509362,0.014689264
2,0,construction-site,car-alarm,0.92245567,0.0066896365,0.0004823472,0.0018517963,0.000206684,0.0014986289,0.061236527,0.0055786753
4,4,generator,generator,0.00011155429,0.010094246,0.09587888,0.011586351,0.876121,0.001266201,0.0044158464,0.00052597746
4,4,generator,generator,6.4604825e-07,1.2123639e-05,2.6088723e-05,1.0074899e-05,0.99991524,1.08691975e-05,1.2557046e-05,1.2508281e-05
6,6,motorvehicle-horn,motorvehicle-horn,0.08557043,0.009918194,0.10058843,0.03617816,0.025049217,0.003232931,0.73360777,0.005854903
6,6,motorvehicle-horn,motorvehicle-horn,0.010030009,0.017963788,0.032353107,0.018444797,0.009210274,0.0050209695,0.89999783,0.0069792103
5,5,mobile-music,mobile-music,0.001334135,0.014597834,0.30645153,0.0066415775,0.0042655505,0.5716853,0.094643205,0.00038084935
2,6,construction-site,motorvehicle-horn,0.29354116,0.020261265,0.027553929,0.117055014,0.036430966,0.00352641,0.3091747,0.19245668
0,0,car-alarm,car-alarm,0.99945,2.9348053e-06,1.3714603e-06,1.2205211e-06,6.607715e-08,2.65599e-07,2.0295493e-05,0.0005237493
5,5,mobile-music,mobile-music,6.4868573e-06,0.088251136,2.9223349e-05,0.00020956366,2.3603807e-05,0.9113997,5.2819596e-05,2.7435159e-05
5,5,mobile-music,mobile-music,1.4625729e-06,7.675676e-05,1.813686e-06,4.782475e-06,4.770445e-06,0.99988437,1.8985555e-05,6.9805733e-06
0,6,car-alarm,motorvehicle-horn,0.057311576,0.04532866,0.14117782,0.22119866,0.006080028,0.015080396,0.50037163,0.013451205
3,2,crowd-noise,construction-site,0.015914325,0.021759283,0.58170724,0.26276332,0.034004133,0.03480315,0.029073518,0.019974967
0,0,car-alarm,car-alarm,0.9988495,2.9169908e-06,3.5919077e-06,2.5949278e-06,2.2572434e-07,1.8722397e-07,2.5213669e-05,0.0011157725
5,5,mobile-music,mobile-music,4.6795834e-05,0.004426562,4.9080513e-06,7.001097e-05,1.8158258e-05,0.9930743,0.00123333,0.001125921
3,3,crowd-noise,crowd-noise,4.147156e-06,0.00011227395,0.00019980782,0.9991665,0.00032358852,0.000116682335,4.611257e-05,3.1020667e-05
3,3,crowd-noise,crowd-noise,3.5291945e-05,0.0055595306,0.000112796115,0.9893635,0.002034092,0.0024667936,0.00024916654,0.00017883442
4,4,generator,generator,6.824098e-06,0.00069088774,0.0015004138,0.0037361095,0.99377453,0.00014643956,8.119835e-05,6.3486594e-05
0,0,car-alarm,car-alarm,0.9998109,3.283691e-06,1.1663237e-06,1.7779292e-06,7.344552e-08,8.444419e-07,6.533549e-05,0.000116567884
3,3,crowd-noise,crowd-noise,0.00016349035,0.039778583,0.00027542794,0.9539702,0.00210937,0.0011262592,0.00056496175,0.0020116956
0,6,car-alarm,motorvehicle-horn,0.23365712,0.01482081,0.020124992,0.071035534,0.0052384464,0.0025851838,0.6165027,0.036035243
0,0,car-alarm,car-alarm,0.9962198,0.00025404428,3.0488345e-05,2.7390895e-05,2.3170953e-06,2.641971e-05,0.0015903787,0.0018491906
1,1,community-radio,community-radio,0.000111156245,0.9864188,4.5089153e-05,0.010676874,9.456433e-05,0.001124182,0.0012224109,0.0003070188
4,4,generator,generator,4.5805888e-07,9.456656e-06,0.00010129149,1.3876583e-05,0.9998166,2.8053157e-05,1.5577256e-05,1.4597808e-05
0,0,car-alarm,car-alarm,0.999094,4.41685e-05,3.3293967e-05,4.533869e-05,1.8699935e-06,2.2501543e-05,0.00023388455,0.000524912
0,0,car-alarm,car-alarm,0.99955577,4.179521e-06,3.1017028e-06,3.0599706e-06,1.6621411e-07,7.4451367e-07,6.673899e-05,0.0003662864
3,7,crowd-noise,motorvehicle-siren,0.13085754,0.035232756,0.007204222,0.16813432,0.041765254,0.0016774482,0.22099802,0.39413047
1,1,community-radio,community-radio,3.042583e-05,0.9975485,1.4127885e-05,0.00068436936,1.8435587e-05,0.001428681,8.780578e-05,0.0001877022
6,6,motorvehicle-horn,motorvehicle-horn,0.0031356835,6.789324e-06,0.00010236396,8.614437e-05,0.000100596815,6.962883e-05,0.99645066,4.8062524e-05
6,6,motorvehicle-horn,motorvehicle-horn,0.010611282,0.00010814288,0.0009991719,0.0012390232,0.0011181846,0.00016600965,0.9846757,0.0010824596
1,1,community-radio,community-radio,0.00066997524,0.98978114,0.0004303355,0.001564775,0.00024020426,0.004408497,0.00051876996,0.0023862517
5,3,mobile-music,crowd-noise,0.0047861,0.012970231,0.27152202,0.62521684,0.023155857,0.0056568054,0.044218242,0.012473907
2,2,construction-site,construction-site,0.00015262309,0.003741799,0.9706673,0.017986,0.0038455746,0.00048571907,0.0017711116,0.0013498421
7,7,motorvehicle-siren,motorvehicle-siren,2.8496275e-05,5.839327e-05,5.310879e-05,2.5125653e-05,1.7174156e-05,2.936695e-06,2.4340985e-05,0.9997904
2,2,construction-site,construction-site,7.22116e-06,0.00037032683,0.9967384,0.00045711646,0.0017129709,5.038263e-05,0.00062981556,3.37405e-05
2,6,construction-site,motorvehicle-horn,0.023849607,0.03292236,0.16530307,0.0824756,0.008888884,0.069062494,0.611057,0.006441037
3,3,crowd-noise,crowd-noise,5.802691e-06,0.00016997471,0.00015613383,0.99895453,0.0004876903,0.00014258726,5.28676e-05,3.0359335e-05
3,3,crowd-noise,crowd-noise,1.6072373e-06,0.00011860522,0.0003192361,0.99912494,0.00030094117,7.604944e-05,3.0387486e-05,2.8243143e-05
6,6,motorvehicle-horn,motorvehicle-horn,0.085043214,0.009388573,0.004512766,0.03735575,0.0069192275,0.0056486935,0.8063149,0.044816867
6,3,motorvehicle-horn,crowd-noise,0.0016722553,0.07322439,0.20958662,0.36366734,0.3143942,0.017881231,0.010643501,0.008930439
4,4,generator,generator,2.9833495e-07,5.230659e-06,9.817957e-06,5.031384e-06,0.999964,5.3196054e-06,6.222185e-06,3.910516e-06
7,7,motorvehicle-siren,motorvehicle-siren,0.00012824002,0.00022735866,0.0030180456,0.00011638798,0.00015693472,6.4933893e-06,0.00065632997,0.99569017
7,7,motorvehicle-siren,motorvehicle-siren,9.359686e-06,5.7546945e-06,3.1851105e-06,2.4373812e-06,2.1577696e-06,8.542849e-08,2.8810582e-06,0.99997413
3,6,crowd-noise,motorvehicle-horn,0.05310612,0.10513296,0.1424333,0.27251986,0.04184738,0.023316821,0.33436906,0.027274443
2,2,construction-site,construction-site,0.0003979897,0.015294265,0.90655243,0.052984715,0.019174824,0.0018797203,0.0019220983,0.0017939878
4,4,generator,generator,0.050758667,0.0021271943,0.017993407,0.012009752,0.5892987,0.014241282,0.31042606,0.0031449262
0,0,car-alarm,car-alarm,0.99968684,2.1896324e-06,1.7745955e-06,2.0775751e-06,9.5712664e-08,1.0163643e-06,4.0480267e-05,0.00026543165
0,0,car-alarm,car-alarm,0.99864787,0.00014724585,7.950135e-06,6.6362954e-05,2.8277848e-06,1.5685715e-05,0.00053085375,0.0005811646
7,7,motorvehicle-siren,motorvehicle-siren,6.8261484e-06,4.8707625e-06,3.9123475e-07,4.59377e-07,1.9469796e-06,2.9825114e-07,4.6503737e-06,0.99998057
4,4,generator,generator,0.00085785444,0.009933958,0.013938316,0.0037098264,0.941687,0.008919787,0.020089077,0.0008642019
7,7,motorvehicle-siren,motorvehicle-siren,2.1964033e-05,6.5793383e-06,8.7237703e-07,1.2667845e-06,3.1751827e-06,4.3416387e-07,2.7244243e-05,0.99993837
3,1,crowd-noise,community-radio,0.015977727,0.7036482,0.0016723329,0.2091692,0.010259875,0.0023829013,0.02312951,0.033760265
4,5,generator,mobile-music,0.001135399,0.0018958142,0.4298514,0.0060211085,0.030562675,0.49744123,0.031854693,0.0012377178
5,5,mobile-music,mobile-music,0.00035350348,0.011293297,0.000810315,0.0007271802,0.010246439,0.9618193,0.01447877,0.00027118507
1,1,community-radio,community-radio,1.0146099e-05,0.9898489,8.003171e-06,0.00019215695,0.0018354288,0.007870666,8.975411e-06,0.0002257741
3,5,crowd-noise,mobile-music,0.04382654,0.014544549,0.34419703,0.04434509,0.06666787,0.40235123,0.08164358,0.0024241093
5,5,mobile-music,mobile-music,1.0258578e-06,0.00012889653,1.170769e-06,7.823978e-06,3.5767189e-06,0.99983644,9.252889e-06,1.1855896e-05
6,6,motorvehicle-horn,motorvehicle-horn,0.4359535,0.0041444204,0.0038718185,0.011684437,0.0027289079,0.0012892702,0.5293671,0.01096055
1,1,community-radio,community-radio,0.0006714709,0.96060425,0.0020175339,0.022428691,0.0017585316,0.004784975,0.0065016174,0.0012330279
5,3,mobile-music,crowd-noise,0.00056568807,0.022781974,0.0008270764,0.966948,0.00035624625,0.0060013887,0.0021189384,0.00040067523
7,7,motorvehicle-siren,motorvehicle-siren,0.038506947,4.1543026e-05,1.2988287e-05,1.227232e-05,3.0165675e-06,1.6003003e-06,0.0003338835,0.9610877
1,1,community-radio,community-radio,0.00069273787,0.983265,0.00043042656,0.0047994233,0.0019092169,0.0015376745,0.0024672737,0.004898337
0,0,car-alarm,car-alarm,0.99969614,1.1894614e-05,1.8188575e-06,3.00716e-06,6.794827e-08,3.7383866e-06,6.735437e-05,0.00021598561
0,0,car-alarm,car-alarm,0.9995981,3.2979122e-05,5.871445e-06,7.1111263e-06,4.545501e-07,3.2389908e-06,6.640995e-05,0.0002857568
2,2,construction-site,construction-site,0.000735077,0.0014574525,0.93653524,0.035568748,0.01196261,0.0017402888,0.006759793,0.0052407887
4,4,generator,generator,1.8444302e-05,0.00017386914,0.00032752752,0.00012918367,0.99899703,0.00018937446,0.00014610437,1.8469525e-05
0,0,car-alarm,car-alarm,0.9368576,0.017549094,0.00047340314,0.011373954,0.0016167243,0.0042023514,0.021552837,0.0063740313
0,2,car-alarm,construction-site,0.052909944,0.032233346,0.7500652,0.112213045,0.0024141374,0.021395713,0.0019172262,0.02685134
0,0,car-alarm,car-alarm,0.8817167,0.014769877,0.005293994,0.0125302635,0.0035189125,0.0020398472,0.069850996,0.010279274
6,6,motorvehicle-horn,motorvehicle-horn,0.052093484,0.0022052957,0.0018977344,0.017525814,0.0012826307,0.00050325633,0.88586813,0.038623605
2,2,construction-site,construction-site,1.7983952e-05,7.752226e-05,0.98987436,0.000456804,4.7423084e-05,5.6987014e-06,1.4457735e-05,0.009505784
0,6,car-alarm,motorvehicle-horn,0.4098336,0.012318437,0.0034031095,0.019580185,0.0021067297,0.0025484783,0.53768045,0.012528971
1,1,community-radio,community-radio,0.00030126126,0.9865508,0.00030551848,0.006243074,0.00036613477,0.0027811555,0.0026990094,0.00075301883
0,0,car-alarm,car-alarm,0.9993382,9.60381e-06,2.3156044e-06,2.3912755e-06,1.4855463e-07,1.2355298e-06,0.00024685945,0.00039925234
3,3,crowd-noise,crowd-noise,1.9473046e-06,0.00014215529,0.00025236694,0.99935323,4.0063485e-05,0.00016204371,3.3090873e-05,1.5151189e-05
5,1,mobile-music,community-radio,0.012520222,0.5676226,0.009137427,0.24099852,0.023041096,0.01627023,0.05223474,0.07817516
3,3,crowd-noise,crowd-noise,1.2720655e-05,0.002890934,0.00031771325,0.9946661,0.0015567477,0.0003654185,7.686623e-05,0.000113463626
2,2,construction-site,construction-site,0.0014302663,0.22844125,0.50597286,0.23717612,0.005968963,0.0075911344,0.0062306332,0.0071887258
6,6,motorvehicle-horn,motorvehicle-horn,0.10910371,0.005300043,0.0029864733,0.012902845,0.0019568407,0.0011350968,0.85336095,0.013254064
2,6,construction-site,motorvehicle-horn,0.046108093,0.03944827,0.2639016,0.26653352,0.06897798,0.025248261,0.26853615,0.021246105
0,0,car-alarm,car-alarm,0.9994956,1.1773919e-05,6.598193e-06,8.360122e-06,3.9040413e-07,1.936682e-06,7.332676e-05,0.00040201307
1,1,community-radio,community-radio,4.2890828e-05,0.99631774,3.0118928e-05,0.0011014919,8.608606e-05,0.0018129885,0.00024676693,0.0003618829
5,5,mobile-music,mobile-music,6.886771e-05,0.0015286579,0.0001165443,0.00054993544,6.4267486e-05,0.9975382,8.0596335e-05,5.2957334e-05
5,5,mobile-music,mobile-music,3.2705586e-05,0.0012801586,4.0320778e-05,0.00037253907,4.5477325e-05,0.998125,7.2999166e-05,3.0770763e-05
1,1,community-radio,community-radio,0.00036668204,0.97576797,0.0013639282,0.010990583,0.0005366841,0.0018368525,0.0073970603,0.0017402867
7,7,motorvehicle-siren,motorvehicle-siren,7.31811e-06,3.1538139e-06,1.781361e-06,1.0370986e-06,8.0135334e-07,8.276805e-08,2.387802e-06,0.99998343
7,7,motorvehicle-siren,motorvehicle-siren,2.1519083e-05,6.6846483e-06,1.5776469e-06,1.4484704e-06,1.1846472e-06,1.1337013e-07,5.495433e-06,0.999962
0,0,car-alarm,car-alarm,0.99968207,1.2603481e-05,3.0433916e-06,6.524809e-06,5.330665e-07,5.1002426e-06,0.00013651696,0.00015368336
0,0,car-alarm,car-alarm,0.86297405,0.0004146553,0.0018662141,0.008151747,0.0019666979,0.00015083868,0.10599434,0.018481579
3,6,crowd-noise,motorvehicle-horn,0.081556655,0.0013293643,0.003689883,0.004829434,0.0007684794,0.0011910936,0.90120375,0.005431363
1,1,community-radio,community-radio,0.009980177,0.95501685,0.00016888819,0.017104352,0.00017135355,0.013833698,0.0014692683,0.002255563
1,1,community-radio,community-radio,0.007805518,0.73476464,0.0065515116,0.07276659,0.01586378,0.03238369,0.07892765,0.05093664
2,2,construction-site,construction-site,0.001355515,0.010351869,0.6876347,0.011939936,0.002161474,0.2227291,0.062682115,0.0011452269
0,0,car-alarm,car-alarm,0.99959224,1.6658947e-05,8.456267e-06,1.0116099e-05,4.5839136e-07,7.343591e-06,8.141404e-05,0.000283323
4,4,generator,generator,0.00019395874,0.0024836403,0.0034781503,0.0023702001,0.98343116,0.005654338,0.0017255037,0.0006630909
3,3,crowd-noise,crowd-noise,1.8869549e-05,0.00029977504,0.0014209225,0.99696237,0.000721956,0.0002759522,0.0001887539,0.00011135588
2,2,construction-site,construction-site,0.0011425313,0.023203708,0.88921726,0.035452623,0.023782222,0.0034125445,0.02012968,0.0036594502
7,7,motorvehicle-siren,motorvehicle-siren,6.0873386e-05,2.521033e-05,4.6705013e-06,1.8947875e-06,1.414879e-06,1.206306e-06,1.5220538e-05,0.9998895
0,0,car-alarm,car-alarm,0.99918026,3.7983943e-06,7.140141e-06,3.472732e-06,2.475185e-07,4.850454e-07,2.3671262e-05,0.00078087766
4,4,generator,generator,1.3982842e-06,0.0004605572,2.055515e-06,3.0308069e-05,0.9993936,9.339771e-05,2.699791e-06,1.589527e-05
4,4,generator,generator,1.5053478e-06,0.00021030585,8.919928e-05,0.000107416374,0.99951077,2.92204e-05,4.7622114e-05,3.939686e-06
5,5,mobile-music,mobile-music,0.004226936,0.01538137,0.21979111,0.033922374,0.032018457,0.653378,0.036838803,0.0044429847
7,7,motorvehicle-siren,motorvehicle-siren,2.908552e-06,6.641647e-06,2.9685245e-06,4.3131467e-06,3.0010797e-06,4.6468998e-08,2.055672e-06,0.99997807
4,4,generator,generator,2.8125476e-06,0.00015188465,0.00010358662,5.6382916e-05,0.9996165,2.7699216e-05,3.8611965e-05,2.4987585e-06
5,5,mobile-music,mobile-music,3.1079117e-06,0.005361084,1.2937003e-05,0.00016831576,2.3025541e-05,0.9943768,3.4116663e-05,2.0808846e-05
6,0,motorvehicle-horn,car-alarm,0.4177805,0.086717956,0.012964118,0.03678729,0.017505335,0.042637717,0.15031323,0.23529388
1,1,community-radio,community-radio,0.0004224656,0.8918974,7.175343e-05,0.01494291,0.08917128,0.0020663193,0.0010771769,0.0003507405
6,6,motorvehicle-horn,motorvehicle-horn,0.05836111,0.00149718,0.0023606175,0.0044617048,0.00095089705,0.0014107887,0.9280223,0.0029353995
3,3,crowd-noise,crowd-noise,3.4155235e-06,0.00012278261,0.00021722693,0.9993254,0.00014992052,0.00012664718,3.6263056e-05,1.8341068e-05
6,6,motorvehicle-horn,motorvehicle-horn,0.140181,0.0040119374,0.0044152723,0.0071258843,0.0015327942,0.0042111436,0.82993984,0.008582078
0,0,car-alarm,car-alarm,0.9998097,3.3661292e-06,1.4697032e-06,2.217529e-06,1.7784656e-07,1.5035708e-06,4.209325e-05,0.00013955151
2,2,construction-site,construction-site,3.536968e-06,4.6666944e-05,0.9996068,0.00012947066,2.3724451e-05,6.7926585e-06,1.7024511e-05,0.00016603588
3,3,crowd-noise,crowd-noise,0.00012848378,0.0101193935,0.034809217,0.93614715,0.015345435,0.0027184286,0.0003572651,0.00037459956
5,5,mobile-music,mobile-music,0.00021054399,0.008681232,0.00039396028,0.0005236591,0.000111217865,0.9894537,0.00051876844,0.00010686653
5,5,mobile-music,mobile-music,5.947053e-06,0.00030600082,1.1480783e-05,4.988618e-05,8.861227e-06,0.9995919,1.8081504e-05,7.912517e-06
2,2,construction-site,construction-site,2.1564085e-06,3.900367e-06,0.99950063,9.2062066e-05,0.00012523436,3.2000976e-06,9.147596e-05,0.00018136422
3,3,crowd-noise,crowd-noise,0.00085748103,0.0068570003,0.0016481435,0.9740573,0.0008192639,0.013555689,0.0017555007,0.00044957278
2,2,construction-site,construction-site,5.824931e-05,0.06443444,0.9129431,0.004119077,0.00187723,0.002136785,0.0011329391,0.013298156
1,1,community-radio,community-radio,0.000105066596,0.98385555,0.00026028373,0.012783818,0.0005732676,0.0005760923,0.0007832001,0.0010627564
0,0,car-alarm,car-alarm,0.9996669,3.999975e-06,2.9627001e-06,3.7143363e-06,1.694941e-07,1.5079642e-06,9.9589095e-05,0.00022113358
4,4,generator,generator,5.300724e-07,4.7110584e-06,1.3445831e-05,6.6179073e-06,0.999943,1.090918e-05,1.207695e-05,8.792112e-06
1,1,community-radio,community-radio,0.00020960323,0.9913475,5.957596e-05,0.0015756753,0.000108725675,0.0059041153,0.00023242572,0.00056227506
3,3,crowd-noise,crowd-noise,0.00032575606,0.027085662,0.0012758883,0.9637697,0.0005685343,0.004873248,0.0016838323,0.00041745076
3,6,crowd-noise,motorvehicle-horn,0.08307261,0.073017456,0.012252843,0.06706928,0.0042904224,0.0025526949,0.7232612,0.03448351
7,7,motorvehicle-siren,motorvehicle-siren,2.0208516e-05,8.161611e-05,3.892497e-05,2.1664016e-05,1.6303744e-05,1.6104052e-06,1.1534478e-05,0.99980813
2,2,construction-site,construction-site,1.0957538e-05,0.0011268962,0.99421376,0.0006583771,0.0005274343,0.0019168721,0.001527847,1.7826593e-05
6,6,motorvehicle-horn,motorvehicle-horn,0.3535391,0.0033402978,0.0021881112,0.008730553,0.0014930775,0.0010072791,0.62276685,0.006934704
2,2,construction-site,construction-site,2.4148912e-06,3.0398489e-05,0.99970883,0.00018002189,4.055484e-05,8.150592e-06,1.3716931e-05,1.5866322e-05
2,2,construction-site,construction-site,0.00094728806,0.003007494,0.94815445,0.026965791,0.009558898,0.0031520608,0.0065025673,0.0017114885
2,2,construction-site,construction-site,0.00021688975,0.006818519,0.9892035,0.002275949,0.00033199336,0.00085267023,7.1851005e-05,0.0002286316
3,3,crowd-noise,crowd-noise,0.00017837567,0.006813799,0.015334374,0.97112334,0.0030586964,0.0016631304,0.0012006185,0.0006276968
1,1,community-radio,community-radio,0.0002933251,0.4677795,0.009445075,0.40974343,0.02348808,0.08326678,0.0048833233,0.0011004844
3,3,crowd-noise,crowd-noise,1.0921641e-06,4.1819105e-05,3.3921966e-05,0.9997825,7.4998876e-05,4.4316148e-05,1.3959051e-05,7.3555107e-06
1,3,community-radio,crowd-noise,0.0119728,0.07809175,0.0018850871,0.83645254,0.0010962435,0.05069866,0.017667565,0.0021353688
3,1,crowd-noise,community-radio,0.005913583,0.41922528,0.058299188,0.38645828,0.03167511,0.04875294,0.03967113,0.010004528
2,2,construction-site,construction-site,3.2482026e-06,7.388005e-05,0.99976593,6.986883e-05,1.5470157e-05,2.6495454e-05,1.3630134e-05,3.150427e-05
1,5,community-radio,mobile-music,0.009165266,0.26348794,0.056916203,0.1283664,0.0015088561,0.5306119,0.007135221,0.0028082416
0,0,car-alarm,car-alarm,0.9992894,4.4081253e-06,3.827757e-06,2.5723205e-06,1.1949238e-07,7.28708e-07,3.103884e-05,0.00066790316
2,2,construction-site,construction-site,2.73051e-05,0.00090821483,0.9921963,0.0012638052,0.00259135,0.002364357,0.0006088659,3.9675488e-05
3,3,crowd-noise,crowd-noise,4.455924e-05,0.0005470199,0.002621862,0.9916835,0.0034045568,0.00067968055,0.00051662,0.0005021824
0,0,car-alarm,car-alarm,0.99960726,1.9291347e-05,8.527287e-06,8.393971e-06,3.559351e-07,7.2356484e-06,0.0001367624,0.0002122286
0,0,car-alarm,car-alarm,0.99963665,4.1859544e-06,2.9784378e-06,3.4850505e-06,1.5364508e-07,8.7797537e-07,6.0292437e-05,0.00029142218
1,1,community-radio,community-radio,0.00026776176,0.92435545,0.0045239525,0.049968515,0.0040807403,0.008199796,0.003888337,0.004715498
5,5,mobile-music,mobile-music,2.343407e-05,0.0015501131,3.3875729e-06,2.961104e-05,1.1227599e-05,0.9982993,7.428379e-05,8.734787e-06
7,7,motorvehicle-siren,motorvehicle-siren,7.133716e-05,7.339894e-05,6.4334913e-06,1.746526e-05,2.0291942e-05,9.460039e-06,8.1279155e-05,0.9997203
1,1,community-radio,community-radio,0.002578015,0.76732695,0.0037400667,0.18177247,0.0030941134,0.009695066,0.026754081,0.0050391364
2,2,construction-site,construction-site,0.00012949076,0.00067380135,0.9899206,0.00059315615,0.00013493007,0.000480939,0.0078042406,0.0002628937
1,3,community-radio,crowd-noise,0.0023955023,0.032080103,0.20098887,0.63611966,0.08677747,0.022999858,0.003277936,0.015360543
4,4,generator,generator,5.244843e-07,7.868289e-06,6.6801445e-06,2.7431709e-06,0.9999651,5.4816683e-06,1.1410176e-05,2.503813e-07
1,1,community-radio,community-radio,0.0005545613,0.9589864,0.00056582753,0.007858791,0.0035954185,0.027412828,0.0005982483,0.00042791836
4,4,generator,generator,2.3482892e-06,5.373473e-06,3.205419e-05,2.4625037e-05,0.99989784,3.8688613e-06,3.227123e-05,1.5312381e-06
5,5,mobile-music,mobile-music,8.9575843e-07,0.00010419777,7.6429694e-07,4.695462e-06,2.7410074e-06,0.9998542,1.831867e-05,1.4175308e-05
6,6,motorvehicle-horn,motorvehicle-horn,0.24677064,0.0034289947,0.009625593,0.007254494,0.0024831146,0.0028616912,0.7199916,0.00758383
7,7,motorvehicle-siren,motorvehicle-siren,2.478302e-05,6.93541e-06,8.015166e-06,5.475061e-06,2.1074527e-06,8.4341366e-08,4.4620306e-06,0.99994814
2,3,construction-site,crowd-noise,0.00011613826,0.012932866,0.109170966,0.87325656,0.001061422,0.0014330859,0.0010094371,0.0010196
1,1,community-radio,community-radio,3.1659834e-05,0.9790299,1.47956935e-05,0.00037567574,0.0008232303,0.01939504,2.3136756e-05,0.00030664977
6,6,motorvehicle-horn,motorvehicle-horn,0.06532005,0.009041999,0.029723711,0.07292853,0.015046237,0.005653014,0.7846686,0.017617827
0,6,car-alarm,motorvehicle-horn,0.10370218,0.023687933,0.015539318,0.124967575,0.012751193,0.0065690493,0.6655078,0.047275014
1,1,community-radio,community-radio,0.00011032785,0.990239,0.00014503428,0.00076085754,2.9829553e-05,0.008415726,0.00023368724,6.547003e-05
6,6,motorvehicle-horn,motorvehicle-horn,0.040650293,0.00094840827,0.00069286814,0.0028760866,0.0002614811,0.0009327362,0.9518788,0.0017592997
7,7,motorvehicle-siren,motorvehicle-siren,0.00061904854,0.0038054858,0.08749183,0.0020407292,0.0007086037,0.0022382482,0.0014363637,0.90165967
2,2,construction-site,construction-site,0.00081793783,0.031996798,0.5710048,0.37931237,0.0057967,0.0038887523,0.004970617,0.00221208
0,0,car-alarm,car-alarm,0.99962795,1.5147262e-05,7.680521e-06,7.066362e-06,3.341931e-07,6.464219e-06,6.206741e-05,0.00027327743
3,3,crowd-noise,crowd-noise,3.7247614e-06,7.4226606e-05,0.00012487876,0.99946386,0.00019414655,9.60921e-05,2.7063756e-05,1.6013197e-05
1,1,community-radio,community-radio,0.001540356,0.7638945,0.004300883,0.21360259,0.0015995606,0.007363071,0.005971196,0.0017278239
0,0,car-alarm,car-alarm,0.99932635,2.8628813e-06,2.2588843e-06,2.2011893e-06,1.2666426e-07,2.3827069e-07,2.793363e-05,0.00063811964
5,5,mobile-music,mobile-music,2.544496e-07,0.0003890268,1.5304413e-06,5.8890128e-06,2.9002015e-06,0.99959105,6.566348e-06,2.7753388e-06
6,6,motorvehicle-horn,motorvehicle-horn,0.32075348,0.0036732983,0.008958377,0.005077154,0.0064174626,0.0008267519,0.64982337,0.0044701244
1,3,community-radio,crowd-noise,0.0010178053,0.28598452,0.0012176366,0.69047064,0.0009566043,0.0020090716,0.016538898,0.0018047662
0,0,car-alarm,car-alarm,0.99950707,6.8678564e-06,9.461869e-07,1.3090057e-06,1.0591349e-07,1.0158551e-06,4.9323244e-05,0.00043329925
5,5,mobile-music,mobile-music,6.486233e-05,0.0019336956,0.00067970896,0.000510593,9.083171e-05,0.9960427,0.0006396385,3.7917842e-05
5,0,mobile-music,car-alarm,0.86312205,0.099951915,0.00013151289,0.00085984764,5.326213e-05,0.019918937,0.0010926904,0.014869726
4,4,generator,generator,1.4161807e-06,3.0835465e-05,1.0630334e-05,9.104172e-06,0.9999175,1.3954014e-05,1.4089393e-05,2.4594387e-06
1,6,community-radio,motorvehicle-horn,0.062568136,0.25655106,0.002732608,0.08756361,0.003198227,0.026148595,0.47803926,0.083198436
2,2,construction-site,construction-site,9.823138e-05,0.014349385,0.9750972,0.0043063425,0.0027402858,0.0021690791,0.0007803176,0.00045916755
6,6,motorvehicle-horn,motorvehicle-horn,0.0018825093,0.00025500474,0.4189718,0.0021634502,0.020617377,0.00089632755,0.55481464,0.00039886654
2,2,construction-site,construction-site,7.390788e-05,6.505196e-05,0.99743253,0.00031179562,0.0008538565,4.9435148e-05,0.0009337594,0.00027970003
2,2,construction-site,construction-site,6.8717045e-06,4.7508274e-05,0.99965703,0.0001361673,5.2830157e-05,1.9108376e-05,2.190195e-05,5.8549354e-05
2,5,construction-site,mobile-music,0.01889017,0.017219275,0.09427926,0.004703391,0.00048254716,0.6145258,0.24758638,0.0023132684
3,3,crowd-noise,crowd-noise,2.181025e-05,0.0010206054,5.9228816e-05,0.9983486,0.0001345833,0.00024556267,0.00012601784,4.3544795e-05
0,0,car-alarm,car-alarm,0.96825635,0.0007702132,0.0002557339,0.0005648726,8.164218e-05,2.9566441e-05,0.025120534,0.004921154
2,2,construction-site,construction-site,3.9991617e-05,0.00027272396,0.99822193,0.00042782698,0.00038612538,0.00029677118,8.96188e-05,0.00026496866
5,5,mobile-music,mobile-music,0.00028224871,0.14923957,3.7550883e-05,0.034830455,6.501552e-05,0.8103639,0.00057012384,0.004611158
7,3,motorvehicle-siren,crowd-noise,0.0070807477,0.37615585,0.003506899,0.5369915,0.02928263,0.034676112,0.007453789,0.0048524956
3,6,crowd-noise,motorvehicle-horn,0.033129256,0.061396684,0.09663127,0.282735,0.043836,0.006300239,0.30722108,0.16875039
3,3,crowd-noise,crowd-noise,2.0151507e-05,0.00023262038,0.0014681899,0.99706656,0.0005546299,0.00036759605,0.00017531835,0.0001149256
0,0,car-alarm,car-alarm,0.99908996,1.36414055e-05,1.908632e-05,9.923661e-06,8.652976e-07,4.225294e-06,4.6528505e-05,0.00081581646
4,4,generator,generator,2.6094226e-06,7.117821e-05,2.3891313e-05,2.2122229e-05,0.99948394,9.340456e-05,6.0632574e-05,0.00024228338
3,3,crowd-noise,crowd-noise,2.333964e-06,0.00011812534,0.00015074709,0.99947923,0.000106520805,9.884163e-05,3.0539915e-05,1.3723918e-05
2,2,construction-site,construction-site,4.2026822e-05,0.00052315975,0.99554235,0.002633464,0.00030799152,0.00030738703,0.000205493,0.00043816082
2,1,construction-site,community-radio,0.00051306374,0.5055642,0.011710773,0.022495035,0.0008465004,0.45240057,0.0059045316,0.000565322
4,4,generator,generator,0.00028868354,0.00041031744,0.0018685573,0.0009946919,0.98421323,0.0004954221,0.011297746,0.0004313622
3,3,crowd-noise,crowd-noise,6.1671626e-06,0.0006578903,0.0004298098,0.9982843,0.00032439834,0.00013124189,0.00011896778,4.7221176e-05
5,5,mobile-music,mobile-music,4.9337774e-07,6.1673345e-05,7.079985e-07,2.4283374e-06,1.1994586e-06,0.99992657,3.706489e-06,3.32753e-06
3,3,crowd-noise,crowd-noise,1.7774057e-05,0.00029205353,0.00064570457,0.9980404,0.00035104394,0.00049489544,0.00010263097,5.561636e-05
4,4,generator,generator,2.5472623e-06,2.2473116e-05,3.9904713e-05,8.560734e-06,0.9998969,9.109587e-06,1.9832889e-05,7.665093e-07
1,1,community-radio,community-radio,0.0006946013,0.9526122,0.0010975891,0.0045220903,0.00014060673,0.039141014,0.0013310863,0.00046077944
5,5,mobile-music,mobile-music,0.00020876333,0.100557186,0.0004636023,0.0057095094,0.0001003386,0.89043987,0.0009893808,0.0015312706
4,4,generator,generator,8.029404e-07,1.1835333e-05,1.0762997e-05,3.939575e-06,0.9999497,8.522875e-06,1.4053238e-05,4.225634e-07
6,6,motorvehicle-horn,motorvehicle-horn,0.050752826,0.00075107464,0.004459414,0.0031761066,0.0010733814,0.0004084523,0.93674564,0.0026331444
3,3,crowd-noise,crowd-noise,0.0018012649,0.017598314,0.00013977192,0.9714497,0.00012860293,0.0056666858,0.0020366078,0.0011789865
3,3,crowd-noise,crowd-noise,0.00021665466,0.0018485298,0.0048890514,0.9851045,0.004407172,0.0028520902,0.0002344153,0.00044751598
6,6,motorvehicle-horn,motorvehicle-horn,0.17476176,0.0020971147,0.0068050283,0.012067361,0.02144125,0.0026014044,0.77272,0.007506122
3,3,crowd-noise,crowd-noise,5.947886e-07,4.289756e-05,1.6404147e-05,0.99983346,4.7545127e-05,4.3968783e-05,9.323841e-06,5.7336665e-06
3,3,crowd-noise,crowd-noise,0.00011482161,0.0006351192,0.0027130677,0.9834899,0.010370817,0.0017192384,0.0005479487,0.0004091171
1,3,community-radio,crowd-noise,0.0021005366,0.16428953,0.00790313,0.8015829,0.0052485378,0.005596703,0.009044761,0.004233908
0,6,car-alarm,motorvehicle-horn,0.20324798,0.0034784025,0.019016694,0.008474639,0.025685856,0.0019012619,0.7201392,0.018055923
6,6,motorvehicle-horn,motorvehicle-horn,0.009083426,1.230536e-05,0.00040378713,0.0003271273,0.0006852924,0.00014420538,0.9892819,6.187084e-05
7,7,motorvehicle-siren,motorvehicle-siren,5.1800827e-05,1.8648192e-05,2.5030365e-06,3.6811418e-06,1.2996949e-05,2.2550769e-06,5.6448316e-05,0.9998517
2,1,construction-site,community-radio,0.025468117,0.34665966,0.24346557,0.044202827,0.0018831999,0.100573756,0.22153878,0.016208066
4,4,generator,generator,8.8887197e-07,5.5672986e-06,1.462515e-05,4.6176056e-06,0.9999473,3.7223756e-06,2.3061686e-05,3.292781e-07
4,4,generator,generator,7.2774446e-07,0.00013216653,0.00020590686,0.00015003033,0.99946624,2.6484631e-05,1.501492e-05,3.4471434e-06
2,2,construction-site,construction-site,0.00010678002,0.00048765665,0.9868939,0.010898097,0.00034541968,5.533703e-05,6.806453e-05,0.0011446466
6,6,motorvehicle-horn,motorvehicle-horn,0.0086871395,0.0011469829,0.0055822,0.0048656417,0.0042978036,0.0011193601,0.97003967,0.0042612194
6,6,motorvehicle-horn,motorvehicle-horn,0.33150324,0.0010349832,0.0013692355,0.0029072647,0.0008498383,0.0002839808,0.6564644,0.005586994
0,0,car-alarm,car-alarm,0.83193225,0.10174115,0.0044617048,0.007117617,0.0005776794,0.020177158,0.02401148,0.0099809775
4,4,generator,generator,0.00017539805,0.0005794324,0.00073874247,0.00037429278,0.99597234,0.0003222368,0.0018002877,3.7329904e-05
4,4,generator,generator,1.7765757e-07,4.009572e-06,3.897903e-06,1.5087089e-06,0.99998426,1.9334589e-06,4.1816875e-06,9.9331594e-08
2,2,construction-site,construction-site,0.0003103517,0.0022335127,0.97066534,0.016522614,0.0025646978,0.0006987704,0.0016750891,0.0053296094
2,2,construction-site,construction-site,5.7791776e-06,0.00014789792,0.9995467,8.368419e-05,7.1768765e-05,5.0317336e-05,7.393299e-05,1.9965612e-05
4,4,generator,generator,4.4951577e-07,7.790181e-06,5.819267e-06,3.090607e-06,0.9999697,3.9644233e-06,8.9974255e-06,2.2675444e-07
4,4,generator,generator,7.2224964e-07,8.019691e-05,6.778043e-06,1.2295815e-05,0.9998273,3.9956696e-05,8.845496e-06,2.3872502e-05
0,6,car-alarm,motorvehicle-horn,0.3673723,0.001406475,0.0012811573,0.0023375785,0.00032529247,0.00023237607,0.6202274,0.0068173697
2,1,construction-site,community-radio,0.00017032429,0.9842904,0.0019049982,0.005708164,0.0008342135,0.0056178244,0.0011430132,0.00033100435
0,0,car-alarm,car-alarm,0.99948704,3.752044e-06,2.894299e-06,2.0194677e-06,1.1370892e-07,4.7770266e-07,2.6644637e-05,0.0004770123
0,0,car-alarm,car-alarm,0.50546056,0.029537048,0.045746192,0.01573352,0.041181557,0.0045790104,0.32270426,0.03505792
3,3,crowd-noise,crowd-noise,0.002603391,0.095144,0.04962776,0.78734714,0.011544845,0.00901908,0.0023309574,0.042382844
0,0,car-alarm,car-alarm,0.5971607,0.0034934499,0.004818346,0.005993447,0.0015025665,0.00050044415,0.36933565,0.017195439
6,5,motorvehicle-horn,mobile-music,0.00029746114,0.009355867,0.00010734909,0.000853852,5.9149e-05,0.9867466,0.0025235885,5.607586e-05
1,2,community-radio,construction-site,0.0024454957,0.2533302,0.50885266,0.02884678,0.0050553544,0.11547302,0.02617533,0.059821147
4,4,generator,generator,0.0052539315,0.0011691343,0.0018739232,0.007890689,0.93761826,0.00044957348,0.044708382,0.0010361753
1,1,community-radio,community-radio,2.0003515e-06,0.9994823,5.41631e-06,4.0570292e-05,6.987415e-06,0.0004286475,6.1836686e-06,2.7836184e-05
2,2,construction-site,construction-site,6.618926e-06,6.411084e-05,0.9988569,0.0007232159,8.5795604e-05,9.990238e-06,3.829771e-05,0.0002149937
0,3,car-alarm,crowd-noise,0.0032084507,0.10608417,0.0016598256,0.86594397,0.0034649365,0.004026065,0.011840634,0.0037719945
4,4,generator,generator,0.00018473862,4.4420813e-05,0.0012910514,0.00025602497,0.97978187,0.0008153643,0.016215207,0.0014112241
2,2,construction-site,construction-site,0.008181272,0.108905256,0.45822,0.2399027,0.008925292,0.011301064,0.15659732,0.00796709
0,0,car-alarm,car-alarm,0.9983052,0.00027161188,3.313081e-05,4.6772533e-05,1.8081847e-06,0.00015265307,0.00029027092,0.0008985804
2,2,construction-site,construction-site,0.029806668,0.0072962893,0.5807614,0.09183526,0.05192433,0.0029958934,0.22817081,0.0072093597
1,1,community-radio,community-radio,0.00013319409,0.7581415,0.0003845925,0.0026561064,0.00015994647,0.23736891,0.0009187179,0.0002369747
7,7,motorvehicle-siren,motorvehicle-siren,3.8376842e-05,0.0003102653,0.0010802133,0.00014279656,8.4122876e-05,8.0713224e-05,0.0006693714,0.99759406
4,4,generator,generator,2.234102e-05,5.0955616e-05,0.00018106474,7.4438394e-05,0.9992624,2.3456521e-05,0.00038016643,5.1287016e-06
3,3,crowd-noise,crowd-noise,7.628303e-07,0.00038892945,0.0004070775,0.998483,0.0004985656,0.00014842702,3.0235118e-05,4.301184e-05
3,3,crowd-noise,crowd-noise,0.0005548291,0.019210989,0.049433026,0.90918064,0.002557084,0.016038802,0.0012063901,0.0018181808
0,0,car-alarm,car-alarm,0.9997515,1.2990418e-05,2.438987e-06,3.9649913e-06,9.986121e-08,3.8754993e-06,8.9389745e-05,0.00013568095
5,5,mobile-music,mobile-music,1.3224953e-06,0.0009580427,8.3719937e-07,7.503036e-06,2.0750626e-06,0.9989825,4.004003e-05,7.566312e-06
4,4,generator,generator,2.4283601e-05,0.00037204367,0.00016724697,0.0026203855,0.9960057,0.0006762082,7.457696e-05,5.94775e-05
1,1,community-radio,community-radio,3.764614e-05,0.9521891,0.00011635596,0.0006141457,0.00013021845,0.046666358,0.00014900716,9.7103686e-05
4,4,generator,generator,1.2123196e-06,1.6245349e-05,1.995997e-05,6.951354e-06,0.9999269,7.414823e-06,2.073178e-05,6.286409e-07
3,6,crowd-noise,motorvehicle-horn,0.08115572,0.0018509135,0.05358351,0.023566222,0.06062792,0.00133964,0.77193516,0.005940924
1,1,community-radio,community-radio,0.0023181315,0.9163415,0.003619382,0.009938098,0.04965484,0.007779997,0.007710848,0.0026372143
3,3,crowd-noise,crowd-noise,6.1906053e-07,7.6371565e-05,9.065284e-05,0.9995778,0.0001899588,3.2729396e-05,1.45957e-05,1.7112701e-05
4,4,generator,generator,5.6935273e-06,7.044678e-05,6.0036986e-05,3.3567456e-05,0.9996804,6.9699665e-05,7.7200995e-05,2.8603472e-06
0,0,car-alarm,car-alarm,0.9997048,2.2976142e-06,1.3354479e-06,1.2677805e-06,5.731327e-08,2.9236193e-07,1.8428345e-05,0.00027152977
2,2,construction-site,construction-site,3.3108313e-06,2.9836552e-05,0.99960774,0.00020891608,6.563888e-05,1.5042861e-05,4.404971e-05,2.5346599e-05
7,3,motorvehicle-siren,crowd-noise,0.00056841946,0.07779954,0.0012403646,0.87374115,0.0013936368,0.042962823,0.001485454,0.0008087033
0,6,car-alarm,motorvehicle-horn,0.19350487,0.0057316376,0.0060174386,0.012670322,0.0036522239,0.0022055735,0.7641382,0.012079577
2,2,construction-site,construction-site,0.009723025,0.09671029,0.32586446,0.07427888,0.033038836,0.1498726,0.24897,0.06154193
4,4,generator,generator,0.013753816,0.05914856,0.1618943,0.040549222,0.5464723,0.010822169,0.1607255,0.006634078
7,7,motorvehicle-siren,motorvehicle-siren,6.6447756e-05,1.2707467e-05,4.3531295e-06,6.047199e-06,2.0412761e-05,1.3920909e-06,0.00013994842,0.99974865
3,3,crowd-noise,crowd-noise,2.4673436e-05,0.034678135,0.0016647559,0.9573018,0.0009838836,0.0034644054,0.0003056939,0.0015767087
5,5,mobile-music,mobile-music,3.8026923e-05,0.0045492765,0.00015786334,0.00010450789,2.3164994e-05,0.9948856,0.00022952708,1.2042932e-05
6,6,motorvehicle-horn,motorvehicle-horn,0.39413613,0.0022353593,0.003413614,0.0078124986,0.0034487688,0.0014929316,0.5797493,0.0077113765
4,4,generator,generator,4.9903824e-06,3.364959e-05,6.552673e-05,1.7936762e-05,0.99981624,1.1876286e-05,4.8549864e-05,1.284894e-06
7,7,motorvehicle-siren,motorvehicle-siren,0.011932803,0.0001440437,0.034402587,0.0011136298,0.012207815,0.00015528165,0.12104329,0.8190006
6,6,motorvehicle-horn,motorvehicle-horn,0.18895318,0.0483028,0.027058959,0.051889483,0.020899177,0.13132524,0.52242833,0.0091428375
4,4,generator,generator,5.6601366e-06,5.2600855e-05,8.5478845e-05,2.6100519e-05,0.9997341,2.0495325e-05,7.326197e-05,2.2920415e-06
7,7,motorvehicle-siren,motorvehicle-siren,0.0003083081,9.413387e-06,2.505864e-05,1.845183e-05,0.00010320293,9.983492e-07,0.00070339977,0.9988312
7,7,motorvehicle-siren,motorvehicle-siren,0.00035956324,0.005601123,0.00013092552,0.01214322,0.0010659309,0.00033008234,0.00017213922,0.98019695
2,2,construction-site,construction-site,2.2687496e-05,0.00023947474,0.99686193,0.0007149471,0.0009410757,0.00029807806,0.00089550496,2.6305634e-05
3,3,crowd-noise,crowd-noise,4.966494e-06,0.00015202553,8.512982e-05,0.99928206,0.00029199637,0.00010908038,5.0669452e-05,2.4096134e-05
4,4,generator,generator,3.3679448e-06,1.1454065e-05,6.512182e-05,1.2532685e-05,0.9998216,5.324806e-06,7.97903e-05,7.9590865e-07
0,6,car-alarm,motorvehicle-horn,0.066598065,0.0033474055,0.004486076,0.011216078,0.0017588196,0.00064039737,0.9036251,0.008328086
0,0,car-alarm,car-alarm,0.99948055,4.0796185e-05,1.5877242e-05,2.2069662e-05,7.7881265e-07,6.161e-06,0.0001299709,0.00030376346
0,0,car-alarm,car-alarm,0.9964743,0.00074093504,0.0005964019,0.00033113488,1.7985105e-05,8.305853e-05,0.0003746177,0.0013815616
1,1,community-radio,community-radio,0.0003765077,0.9441671,0.000459225,0.0028628684,0.008455194,0.04160298,0.00028394067,0.0017921771
6,6,motorvehicle-horn,motorvehicle-horn,0.38948637,0.012707839,0.027846988,0.028078392,0.014377635,0.008268092,0.50845176,0.010782941
3,3,crowd-noise,crowd-noise,4.214595e-06,0.00013785015,7.605748e-05,0.9990086,0.00044159123,0.00026070722,3.760754e-05,3.3332355e-05
5,5,mobile-music,mobile-music,1.9205885e-05,0.0025055099,2.1879241e-05,0.00023833108,4.0635445e-05,0.9970637,8.369089e-05,2.6956619e-05
0,6,car-alarm,motorvehicle-horn,0.30234933,0.0014966307,0.005328511,0.0074969004,0.008676207,0.00075592886,0.6660493,0.007847252
2,2,construction-site,construction-site,0.000122005695,0.0024291177,0.9434139,0.0016760313,0.0022278775,0.046154212,0.0036046177,0.0003721941
4,4,generator,generator,1.7786575e-06,1.6398291e-05,1.5097754e-05,7.18286e-06,0.99991417,1.2853257e-05,3.145496e-05,9.700682e-07
0,0,car-alarm,car-alarm,0.99457717,0.00022142261,5.541127e-05,2.7441556e-05,2.7103947e-06,2.2344495e-05,0.0017402789,0.0033532265
7,7,motorvehicle-siren,motorvehicle-siren,0.0032374235,0.0012252739,0.0048901215,0.00047437605,0.0006069336,4.269576e-05,0.0026730748,0.98685014
7,7,motorvehicle-siren,motorvehicle-siren,9.962072e-06,1.6316735e-05,1.8664363e-06,1.7951432e-06,3.0517317e-06,6.247463e-07,3.5507853e-06,0.9999628
0,0,car-alarm,car-alarm,0.9997116,1.07667765e-05,2.2764038e-06,4.1577764e-06,9.90824e-08,3.4368343e-06,7.928894e-05,0.00018835784
6,6,motorvehicle-horn,motorvehicle-horn,0.025709596,0.0034455913,0.004995814,0.00570242,0.0041443384,0.0032693557,0.9461178,0.006615097
1,1,community-radio,community-radio,0.0006142173,0.98159045,0.00029162242,0.008974468,7.706663e-05,0.0054039243,0.0011910405,0.001857244
6,6,motorvehicle-horn,motorvehicle-horn,0.0072912094,0.00013833995,0.0012151459,0.0007474409,0.0004391335,0.00039787777,0.98849106,0.0012797856
3,1,crowd-noise,community-radio,0.0054256413,0.43692905,0.011178343,0.43587664,0.0062399493,0.0023491639,0.08963539,0.012365785
5,5,mobile-music,mobile-music,0.0011074023,0.009245283,0.024599219,0.0051212357,0.00403143,0.9185544,0.036713365,0.00062766374
5,5,mobile-music,mobile-music,0.0011766065,0.007900346,0.0036045713,0.019080989,0.0010521044,0.9634442,0.0029872872,0.0007539793
4,4,generator,generator,7.89305e-06,3.0539046e-05,7.724379e-05,3.5013258e-05,0.9996929,1.52251505e-05,0.00013865455,2.5817462e-06
5,5,mobile-music,mobile-music,3.399548e-06,0.00022257201,3.6373522e-06,6.3191794e-05,5.1870143e-06,0.99967897,1.699453e-05,6.013273e-06
4,4,generator,generator,0.00013198334,0.00062271813,0.0013635521,0.0010750989,0.9931161,0.0009494059,0.0025325688,0.00020854287
6,2,motorvehicle-horn,construction-site,0.022466462,0.058194324,0.40096164,0.31916797,0.020972174,0.046924952,0.1198577,0.011454795
7,7,motorvehicle-siren,motorvehicle-siren,7.067856e-05,4.4662276e-05,1.171944e-05,1.1543733e-05,6.394294e-05,4.0481764e-06,0.00028169074,0.9995117
4,4,generator,generator,3.573733e-07,5.381116e-06,7.1677196e-06,3.308482e-06,0.99996984,3.0016247e-06,1.0676581e-05,1.9125021e-07
7,7,motorvehicle-siren,motorvehicle-siren,1.2124301e-05,8.106396e-06,6.813146e-06,7.123808e-07,9.924405e-07,3.6864054e-07,4.886893e-06,0.999966
1,1,community-radio,community-radio,0.0030773357,0.75638044,0.0008527892,0.19655046,0.0023285875,0.002209696,0.024366565,0.014234071
7,7,motorvehicle-siren,motorvehicle-siren,3.1904863e-05,8.810194e-06,1.6721728e-05,1.0185116e-06,7.6107443e-07,2.9661277e-07,8.559043e-06,0.99993193
2,2,construction-site,construction-site,3.9064353e-06,2.0762353e-05,0.9995522,0.00014840298,0.00010868853,2.573094e-05,7.568112e-05,6.458623e-05
5,5,mobile-music,mobile-music,2.2989332e-05,0.00043572532,5.5317363e-05,0.00013895328,3.429104e-05,0.9991666,0.00012314432,2.2980104e-05
0,0,car-alarm,car-alarm,0.9994456,1.551497e-05,1.2596753e-05,8.969832e-06,4.989111e-07,7.6264923e-06,7.779281e-05,0.00043130384
1,1,community-radio,community-radio,0.0021613177,0.94638747,0.0017847578,0.011615801,0.0010248323,0.011177622,0.017185608,0.008662714
5,5,mobile-music,mobile-music,5.5591092e-05,0.0030141713,4.441887e-05,0.0024539838,0.00013197112,0.99416405,6.530745e-05,7.0623755e-05
6,6,motorvehicle-horn,motorvehicle-horn,0.010954421,0.0004929186,0.005809183,0.0049529374,0.00079705176,0.00096493954,0.9735327,0.0024957813
0,6,car-alarm,motorvehicle-horn,0.46820635,0.005109843,0.0068391105,0.014449157,0.0032664463,0.0010248345,0.4881683,0.012935941
2,2,construction-site,construction-site,1.8760331e-05,0.00055973773,0.997282,0.0017168171,0.00011423561,5.7082874e-05,0.0001105571,0.00014068277
2,2,construction-site,construction-site,3.577308e-05,0.0003514866,0.9939698,0.0032318593,0.0011404861,0.00011176182,0.0010759076,8.298293e-05
3,3,crowd-noise,crowd-noise,1.6328602e-06,4.7002297e-05,6.483633e-05,0.99966705,0.000111760564,7.0501366e-05,2.2606688e-05,1.4618889e-05
3,3,crowd-noise,crowd-noise,0.00022449304,0.004969311,0.00063406496,0.99125683,0.00038236452,0.0011814021,0.0011089222,0.00024258097
6,6,motorvehicle-horn,motorvehicle-horn,0.2001186,0.11526709,0.013575141,0.07454423,0.014426511,0.0023208247,0.5224752,0.057272404
0,6,car-alarm,motorvehicle-horn,0.39003557,0.0018128626,0.0036342412,0.005942139,0.00139981,0.0010902542,0.59056914,0.005516
5,2,mobile-music,construction-site,0.004697182,0.2304221,0.40636638,0.13237272,0.0064523243,0.19829185,0.015298283,0.0060991007
1,5,community-radio,mobile-music,0.0022723232,0.33983633,0.025784208,0.0056135813,0.07496426,0.53371936,0.017289007,0.00052091415
0,0,car-alarm,car-alarm,0.9988991,4.876916e-05,7.1854297e-06,8.667249e-06,5.7618473e-07,9.108128e-06,0.0005783503,0.00044819666
3,3,crowd-noise,crowd-noise,5.6776735e-06,6.2463616e-05,0.0002761117,0.999286,0.00013311015,0.0001805653,3.6961028e-05,1.9235626e-05
3,3,crowd-noise,crowd-noise,4.1963344e-06,0.00012204196,0.00031558907,0.999141,0.00011414639,0.00023585123,4.7004854e-05,2.0091702e-05
3,3,crowd-noise,crowd-noise,1.3823781e-06,6.1167986e-05,6.444179e-05,0.9996201,0.00013781777,7.548356e-05,1.9027677e-05,2.0492325e-05
3,3,crowd-noise,crowd-noise,0.00049456325,0.004634572,0.02615515,0.9538927,0.006236439,0.005449402,0.0021990086,0.0009380817
6,6,motorvehicle-horn,motorvehicle-horn,0.38054517,0.0013462607,0.0016070291,0.0036993336,0.001035239,0.00054709456,0.6062566,0.0049633095
3,3,crowd-noise,crowd-noise,2.1088574e-06,9.672721e-05,0.00023122228,0.9993863,0.00014418623,0.00010574846,2.10018e-05,1.2650116e-05
2,2,construction-site,construction-site,2.1198874e-05,0.00011404956,0.9956359,0.0005765585,3.3990265e-05,9.863847e-06,3.623103e-05,0.0035722258
1,1,community-radio,community-radio,0.0023670087,0.7368498,0.0013905787,0.22673053,0.0047700778,0.00295621,0.01909909,0.005836668
0,0,car-alarm,car-alarm,0.9994679,1.0620691e-05,1.1901656e-05,9.912355e-06,5.922271e-07,2.168598e-06,0.00012294648,0.0003739644
0,0,car-alarm,car-alarm,0.9992879,4.8599204e-06,6.581916e-06,2.6553985e-06,1.9850526e-07,9.717135e-07,3.01689e-05,0.0006665821
4,4,generator,generator,0.00017835775,0.00010493825,0.00045674588,0.00010487762,0.9975382,0.00015617139,0.0014403458,2.0359004e-05
1,1,community-radio,community-radio,0.00028084384,0.9892028,8.9740235e-05,0.007698546,0.00019396078,0.00053753174,0.0012141662,0.0007823816
2,2,construction-site,construction-site,0.00032250455,0.0033938305,0.91231143,0.07623736,0.004088624,0.001272522,0.0014670249,0.00090672064
3,1,crowd-noise,community-radio,0.0013482447,0.5341387,0.0140824625,0.40937316,0.0035521106,0.029218048,0.0063489336,0.0019384038
1,3,community-radio,crowd-noise,0.00056962436,0.2637159,0.005491367,0.7116286,0.0015514075,0.011700836,0.0026988152,0.0026433463
7,7,motorvehicle-siren,motorvehicle-siren,4.401809e-05,0.00018064218,3.2777225e-05,2.3644241e-05,6.720674e-05,0.0004927728,0.00035927762,0.99879956
3,3,crowd-noise,crowd-noise,3.3635945e-06,9.564913e-05,4.9662114e-05,0.9995467,0.00015870384,0.00010847007,2.2172326e-05,1.5230143e-05
3,3,crowd-noise,crowd-noise,1.7127066e-06,7.0936156e-05,6.405584e-05,0.99964595,9.620361e-05,9.0657886e-05,1.8158225e-05,1.22892125e-05
2,2,construction-site,construction-site,5.8876685e-06,0.00043167738,0.99619234,0.0030669346,9.509913e-05,0.00010339386,4.6989433e-05,5.7695557e-05
1,1,community-radio,community-radio,0.00023146388,0.9578933,0.00020233956,0.023839826,0.008224606,0.0045566065,0.00047675238,0.0045750774
4,4,generator,generator,3.5273773e-05,0.00020422829,0.00020412839,0.00015597486,0.99882,7.9860634e-05,0.0004793426,2.1184607e-05
6,6,motorvehicle-horn,motorvehicle-horn,0.23853064,0.0029412236,0.008826292,0.0140277585,0.0051534446,0.0021197903,0.72254527,0.0058555384
2,2,construction-site,construction-site,2.336582e-05,0.00017645581,0.99528825,0.00021596305,6.6403496e-05,0.0013503678,0.0028621126,1.7010654e-05
3,3,crowd-noise,crowd-noise,3.818955e-06,0.00010506956,4.017345e-05,0.99948394,0.00021586998,9.412871e-05,3.3341505e-05,2.3609166e-05
3,3,crowd-noise,crowd-noise,2.875993e-05,0.0010314004,0.0028161388,0.99473274,0.00040461746,0.00042631323,0.000398662,0.00016142133
3,3,crowd-noise,crowd-noise,6.3076927e-06,0.00018033638,0.0006689207,0.99873716,9.656321e-05,0.0002185286,6.161332e-05,3.056903e-05
5,5,mobile-music,mobile-music,0.00013117537,0.024334772,0.0003157697,0.0030606152,0.00022860029,0.9714624,0.00017642403,0.00029014956
1,1,community-radio,community-radio,0.0050151683,0.7000635,0.0024667592,0.21939579,0.0029448557,0.044364303,0.020092132,0.0056574857
6,2,motorvehicle-horn,construction-site,0.009651362,0.014057668,0.40463275,0.013935707,0.03087505,0.26931384,0.20792182,0.049611803
5,5,mobile-music,mobile-music,0.0006495997,0.0706974,0.0005449733,0.0058855624,0.000419724,0.92055905,0.0005066656,0.0007370806
7,7,motorvehicle-siren,motorvehicle-siren,7.4484175e-05,0.00010013616,3.6043912e-06,8.799557e-06,7.632148e-06,4.6424993e-05,2.5895646e-05,0.9997329
2,2,construction-site,construction-site,4.5410055e-05,0.00021184211,0.9942913,0.00061950565,0.00028357425,0.0023640327,0.0021402533,4.4037537e-05
2,2,construction-site,construction-site,0.00032507005,0.0023606187,0.9506012,0.0315957,0.007934314,0.0017381014,0.0035686763,0.001876345
0,0,car-alarm,car-alarm,0.6138755,0.0065127336,0.0048847743,0.0071126167,0.002730264,0.0018319204,0.35578352,0.007268678
6,6,motorvehicle-horn,motorvehicle-horn,0.046146125,0.00039789514,0.0026647008,0.0010997789,0.0010551258,0.00022699483,0.9461914,0.0022180749
5,2,mobile-music,construction-site,0.017535878,0.018425832,0.40945062,0.068297334,0.015191069,0.22236663,0.23998432,0.008748295
4,4,generator,generator,5.8027967e-06,0.00029280657,0.00075182813,0.000227411,0.99830616,0.00015186043,0.00024458815,1.944846e-05
3,3,crowd-noise,crowd-noise,3.1012864e-06,0.00010121489,7.385919e-05,0.999476,0.00019196846,9.983375e-05,3.2637392e-05,2.1462787e-05
5,5,mobile-music,mobile-music,0.0053181835,0.07064556,0.0021454047,0.005879337,0.0003029581,0.8583707,0.05688548,0.00045230216
2,2,construction-site,construction-site,6.6281646e-06,7.0361806e-05,0.99882597,0.0007425008,0.00015586308,3.3710934e-05,4.9357506e-05,0.00011550198
6,6,motorvehicle-horn,motorvehicle-horn,0.096988365,0.02234365,0.021708457,0.02103538,0.0021746322,0.011013046,0.8203659,0.0043705464
6,6,motorvehicle-horn,motorvehicle-horn,0.025690278,0.001648173,0.13079108,0.009251795,0.0083563235,0.0013921071,0.8161224,0.006747878
6,6,motorvehicle-horn,motorvehicle-horn,0.0015910732,4.603828e-05,0.005722509,0.00036669665,0.00058475335,0.00014204434,0.9912087,0.00033810767
7,7,motorvehicle-siren,motorvehicle-siren,0.00012144073,2.5421905e-05,4.4214707e-06,4.0186683e-06,8.5573765e-06,5.4497996e-06,0.00023068402,0.9996
5,2,mobile-music,construction-site,0.0004476157,0.00093988294,0.9774649,0.0024670714,0.0005453993,0.006345562,0.011516258,0.00027322327
7,7,motorvehicle-siren,motorvehicle-siren,0.0008490686,2.2244576e-05,0.00011198196,4.7865456e-06,8.899599e-06,1.6475797e-06,4.5084744e-05,0.9989562
1,5,community-radio,mobile-music,0.0003208589,0.30544487,0.0003347582,0.0047857217,0.00015037192,0.686822,0.0015859834,0.00055541476
6,6,motorvehicle-horn,motorvehicle-horn,0.038415138,0.02377841,0.01011553,0.14779107,0.021849273,0.010447113,0.7354466,0.012156981
6,6,motorvehicle-horn,motorvehicle-horn,0.18790673,0.0010864749,0.0015391991,0.004914891,0.0007926443,0.000763785,0.8001074,0.0028887726
6,6,motorvehicle-horn,motorvehicle-horn,0.047717895,0.025572106,0.0205725,0.048770268,0.0055211247,0.002314558,0.83221644,0.017314965
1,1,community-radio,community-radio,0.00023766451,0.9926664,0.00014820675,0.0014706587,0.00019689933,0.0035679953,0.00091757876,0.00079445686
6,6,motorvehicle-horn,motorvehicle-horn,0.0040975227,0.0003498879,0.013914362,0.0005781939,0.000427836,0.0004214979,0.980079,0.00013169061
1,1,community-radio,community-radio,0.0026699868,0.507681,0.020258805,0.34361568,0.008318272,0.0011325702,0.07693007,0.039393596
5,3,mobile-music,crowd-noise,0.0034140144,0.053822976,0.42325667,0.48034567,0.010929109,0.012020051,0.010088696,0.0061228387
4,4,generator,generator,1.5648582e-05,3.4522043e-05,0.000103576065,4.5979796e-05,0.99951184,4.7863246e-05,0.0002353731,5.241683e-06
4,4,generator,generator,3.2273738e-07,1.001717e-05,8.012161e-06,3.145631e-06,0.9999652,5.5297382e-06,7.466254e-06,2.668401e-07
2,5,construction-site,mobile-music,4.9735998e-05,0.00052183535,0.0012885322,0.00038022158,0.0003228373,0.9962006,0.00075542036,0.00048078428
5,5,mobile-music,mobile-music,8.213191e-06,0.020245671,9.241251e-05,0.0001542932,2.842015e-05,0.9794042,4.993508e-05,1.6824257e-05
4,2,generator,construction-site,0.000513622,0.002622169,0.5563231,0.02606068,0.35594928,0.00077078753,0.05570867,0.0020516645
1,1,community-radio,community-radio,2.3950588e-05,0.95503604,0.0004540266,0.0021759705,0.0005857964,0.041205153,0.0002794581,0.000239564
2,2,construction-site,construction-site,4.9881837e-06,0.0001490243,0.99873835,0.00033940162,0.00045324818,3.1835887e-05,0.00026282825,2.0293499e-05
1,5,community-radio,mobile-music,0.0024248606,0.35803702,0.029027598,0.08845301,0.049118247,0.44356456,0.025016863,0.004357839
1,1,community-radio,community-radio,0.00016031081,0.9879996,8.357277e-05,0.0089589385,0.00028104556,0.00082116754,0.0013647598,0.00033065872
1,1,community-radio,community-radio,6.2239895e-05,0.8909674,0.00043405037,0.032548767,0.0013479178,0.07377762,0.00020500604,0.00065686763
6,6,motorvehicle-horn,motorvehicle-horn,0.008802043,6.633424e-05,0.0054569696,0.00076640263,0.00095629,0.00010074389,0.98228455,0.0015667024
2,2,construction-site,construction-site,0.0003136803,0.006258568,0.9625269,0.021473946,0.0032244257,0.0017097617,0.00090539164,0.003587297
6,6,motorvehicle-horn,motorvehicle-horn,0.029681059,0.014640677,0.0023366814,0.022957819,0.0028140848,0.001703786,0.84291625,0.08294975
1,1,community-radio,community-radio,8.300599e-05,0.98790216,2.0532027e-05,0.00033735775,6.6446564e-06,0.010867576,0.0002917893,0.00049101346
7,7,motorvehicle-siren,motorvehicle-siren,9.022591e-06,8.601824e-06,1.5082627e-05,4.925538e-06,3.0544563e-06,2.113837e-07,3.1038417e-06,0.999956
3,6,crowd-noise,motorvehicle-horn,0.046083316,0.027886156,0.22669382,0.13898161,0.023906697,0.0084961625,0.50872225,0.01922997
3,3,crowd-noise,crowd-noise,2.407347e-06,9.122239e-05,0.00010284873,0.999605,6.0682665e-05,8.315785e-05,3.6494406e-05,1.8263001e-05
1,0,community-radio,car-alarm,0.9060372,0.041920394,0.0020247323,0.0054489444,0.001577193,0.0053796796,0.026552029,0.011059745
6,6,motorvehicle-horn,motorvehicle-horn,0.005984568,5.2003503e-05,0.0006745725,0.00039628355,0.00073274056,4.4292712e-05,0.9820061,0.01010953
0,0,car-alarm,car-alarm,0.99959093,9.5685045e-06,4.885581e-06,8.5527545e-06,8.159262e-07,2.7545416e-06,0.00015309974,0.00022936508
5,5,mobile-music,mobile-music,0.025200851,0.011854203,9.031835e-05,0.0013857282,0.00018593586,0.52102095,0.013401096,0.42686087
2,2,construction-site,construction-site,0.001686181,0.01999843,0.87409633,0.05031672,0.011049971,0.0016836737,0.03914289,0.0020259032
6,6,motorvehicle-horn,motorvehicle-horn,0.064756714,0.004367855,0.0033293057,0.014918096,0.0043874495,0.0011165169,0.80834967,0.09877445
1,1,community-radio,community-radio,3.549641e-05,0.99868435,2.3514021e-05,0.0004850103,7.604417e-05,0.0004430798,0.00012783102,0.000124632
1,2,community-radio,construction-site,0.00055317936,0.116604604,0.5086545,0.33570966,0.021934584,0.0049016057,0.0038305449,0.007811353
2,2,construction-site,construction-site,7.227311e-06,0.00027829007,0.99879444,0.00059404736,5.3659747e-05,2.6803798e-05,0.00018766584,5.7884885e-05
1,1,community-radio,community-radio,0.0003036191,0.9893686,0.00012965426,0.0013649295,0.00031616734,0.0053700926,0.00029495484,0.0028519395
5,5,mobile-music,mobile-music,2.6181968e-05,0.13843456,4.760782e-05,0.00024466251,5.0950704e-05,0.8605878,0.00044760894,0.00016069647
2,2,construction-site,construction-site,0.0003959124,0.0017158594,0.9718633,0.010790075,0.0032015152,0.0070041614,0.0044185356,0.0006106555
5,5,mobile-music,mobile-music,4.587136e-06,0.001405251,1.0072235e-05,2.9902189e-05,1.5069945e-05,0.9985037,1.9329462e-05,1.2080873e-05
0,0,car-alarm,car-alarm,0.9995778,2.967772e-06,1.4876074e-06,1.5550391e-06,9.4325664e-08,3.6823607e-07,2.8758888e-05,0.00038687597
3,3,crowd-noise,crowd-noise,0.0022550605,0.23943685,0.0005901965,0.74439,0.00056078425,0.007878914,0.0033748571,0.001513216
2,2,construction-site,construction-site,0.004536042,0.007922591,0.811298,0.04643363,0.06278674,0.011048825,0.05217814,0.0037960238
0,0,car-alarm,car-alarm,0.9993562,2.0108546e-05,2.5377703e-05,2.04218e-05,1.4599835e-06,3.814543e-06,0.00019929497,0.0003733863
1,1,community-radio,community-radio,0.0002248932,0.98791444,8.332777e-05,0.006453014,7.229604e-05,0.0010330816,0.0027907398,0.0014282095
1,1,community-radio,community-radio,0.0014828726,0.95750636,0.00034918668,0.01569745,0.0005250115,0.014481331,0.002984767,0.0069730715
4,4,generator,generator,1.4200465e-05,0.0012573946,0.0014871305,0.000552541,0.9961444,0.00024273011,0.00027176266,2.969957e-05
7,7,motorvehicle-siren,motorvehicle-siren,3.0873736e-05,3.519116e-05,1.1993531e-05,3.0607414e-06,1.5577636e-05,4.4294634e-06,2.1660888e-05,0.9998772
2,6,construction-site,motorvehicle-horn,0.11976618,0.15448049,0.0772383,0.1596365,0.0037666466,0.022812514,0.42889535,0.033403926
1,6,community-radio,motorvehicle-horn,0.07880095,0.07028204,0.09652663,0.1608898,0.015504527,0.007929439,0.548613,0.021453533
5,1,mobile-music,community-radio,0.0003198679,0.7956358,8.446639e-05,0.015435341,0.000105239276,0.18633337,0.00087237364,0.0012135486
1,1,community-radio,community-radio,0.00011513477,0.9865465,0.00012051438,0.0014963461,4.0585204e-05,0.0109495865,0.00045285828,0.00027859389
1,1,community-radio,community-radio,0.000130398,0.9908641,5.9017457e-05,0.0043528723,0.000104791725,0.00210773,0.0019932333,0.00038786163
7,7,motorvehicle-siren,motorvehicle-siren,3.5619432e-05,0.0006748573,0.0018965281,0.0005777852,0.00035765854,1.2657659e-05,8.1005885e-05,0.99636394
4,4,generator,generator,9.489959e-07,9.654443e-06,1.945178e-05,4.3530213e-06,0.9999536,2.7289525e-06,8.90987e-06,3.5290606e-07
2,4,construction-site,generator,0.00016893538,0.0019368547,0.34649616,0.0019978643,0.6450268,0.00012867709,0.004041004,0.0002036555
1,1,community-radio,community-radio,0.0035349708,0.94325066,0.0013689136,0.030434681,0.002511242,0.014694245,0.0022668173,0.0019385916
5,5,mobile-music,mobile-music,5.6651053e-05,0.0012247282,9.885624e-05,0.00072482927,0.00014504592,0.9975043,0.00016895775,7.680686e-05
6,0,motorvehicle-horn,car-alarm,0.4968326,0.001940076,0.0017631571,0.0046991766,0.0012026898,0.00070084905,0.4887676,0.004093884
7,7,motorvehicle-siren,motorvehicle-siren,3.42309e-05,2.4424953e-05,1.2700685e-06,3.5697863e-06,5.3861368e-06,4.2594397e-06,0.0001260108,0.99980086
0,0,car-alarm,car-alarm,0.99975604,2.5860766e-06,1.8488959e-06,1.7278351e-06,1.1639237e-07,6.4765027e-07,2.5896688e-05,0.00021113465
4,4,generator,generator,3.9890574e-06,5.6365006e-05,6.777593e-05,2.7308111e-05,0.99977094,1.7151595e-05,5.478783e-05,1.8296116e-06
3,3,crowd-noise,crowd-noise,0.0001524306,0.2302108,0.0068087406,0.7135693,0.018148383,0.027344732,0.0008912061,0.0028743611
5,5,mobile-music,mobile-music,0.0038111152,0.0047411914,0.00023387405,0.00026991844,0.00039085408,0.73943204,0.10004982,0.15107118
4,4,generator,generator,0.014919479,0.0005749646,0.0037866111,0.0029854185,0.8906361,0.0033160166,0.083036244,0.00074515876
4,4,generator,generator,8.2052486e-07,4.8716924e-05,8.710771e-06,1.1283815e-05,0.9998791,2.3540604e-05,1.25677825e-05,1.5172569e-05
4,4,generator,generator,1.4817569e-05,5.0036968e-05,7.043535e-05,4.052291e-05,0.99954385,4.0686748e-05,0.00023226638,7.4832137e-06
6,6,motorvehicle-horn,motorvehicle-horn,0.21342684,0.0023288408,0.0032049834,0.0062245936,0.0018722756,0.001102141,0.7658718,0.0059685647
4,4,generator,generator,0.00016668216,0.00063244236,0.00022129886,0.0017061752,0.99655944,0.000111079484,0.00021303019,0.000389892
5,5,mobile-music,mobile-music,0.0005987551,0.4683293,0.0002521345,0.004851688,0.0015927862,0.52261245,0.0006420636,0.0011208104
6,6,motorvehicle-horn,motorvehicle-horn,0.044607755,0.0010072112,0.0076635885,0.009737038,0.006914867,0.0020739846,0.92142063,0.0065748515
2,2,construction-site,construction-site,0.00044504117,0.0066670417,0.96312654,0.021405827,0.0020826946,0.0016429772,0.0024611917,0.0021687238
6,1,motorvehicle-horn,community-radio,0.00015066133,0.9846372,0.0002990737,0.0110280765,0.0003195443,0.00058267097,0.002414321,0.0005684248
6,0,motorvehicle-horn,car-alarm,0.6321926,0.009051574,0.0032831312,0.0073157283,0.002524096,0.0012489242,0.33285913,0.011524825
3,3,crowd-noise,crowd-noise,0.0037258852,0.0520204,0.4174418,0.46882883,0.0058340062,0.0040648887,0.04665303,0.0014311934
0,0,car-alarm,car-alarm,0.99820626,3.7623756e-06,3.5822557e-06,2.5210106e-06,2.0932218e-07,2.4681404e-07,1.7722146e-05,0.0017656998
4,1,generator,community-radio,0.0037439445,0.47224176,0.0053366246,0.32700768,0.12516727,0.026027296,0.025338724,0.015136662
3,4,crowd-noise,generator,1.4980531e-05,0.010156186,0.0021841824,0.0056205103,0.98132503,0.00027065034,0.00036097193,6.740323e-05
6,2,motorvehicle-horn,construction-site,0.0016430637,0.0011814111,0.9619916,0.0016964272,0.0012735138,0.003068325,0.028240366,0.00090525486
1,1,community-radio,community-radio,3.3116103e-06,0.99928147,2.0128608e-05,0.000269392,7.445352e-05,0.00031125578,1.8871966e-05,2.1104357e-05
3,3,crowd-noise,crowd-noise,0.0002755852,0.004903361,0.037851814,0.94035566,0.0111282,0.003498985,0.001067519,0.00091887504
0,3,car-alarm,crowd-noise,0.025605056,0.038808934,0.1384206,0.46943322,0.14725322,0.0029414406,0.11396679,0.063570805
3,3,crowd-noise,crowd-noise,1.1571325e-05,0.0006824667,0.0005321847,0.995939,0.00240391,0.00033276193,4.735749e-05,5.0662984e-05
2,4,construction-site,generator,0.00020005646,0.34271276,0.10897863,0.071678355,0.46569365,0.0057828915,0.0030240528,0.0019295259
1,1,community-radio,community-radio,4.624923e-05,0.89287615,8.6056425e-05,0.0009303836,0.00013193059,0.10554239,0.00016522052,0.00022163922
5,5,mobile-music,mobile-music,1.4722765e-05,0.00037723212,3.6175315e-05,0.0001815478,4.1849835e-05,0.99925846,6.693251e-05,2.3056244e-05
4,4,generator,generator,1.9276678e-07,5.1187835e-06,3.994958e-06,1.7759195e-06,0.9999815,2.600603e-06,4.531593e-06,1.3495152e-07
0,0,car-alarm,car-alarm,0.9931797,0.00096840615,0.00030160855,0.0007332912,7.1137947e-06,0.0012644611,0.0021045264,0.0014409393
0,0,car-alarm,car-alarm,0.99125177,1.7361315e-05,5.4600143e-05,1.7064514e-05,1.3984795e-06,6.435746e-07,0.00010283537,0.008554387
7,7,motorvehicle-siren,motorvehicle-siren,8.625253e-06,4.738285e-06,3.9786804e-07,6.8943774e-07,8.1468755e-07,1.8121693e-07,2.636496e-06,0.9999819
5,5,mobile-music,mobile-music,5.4307966e-05,0.0013566294,4.1798627e-05,0.00043081702,2.717944e-05,0.99793196,0.00012435498,3.284578e-05
6,6,motorvehicle-horn,motorvehicle-horn,0.03943867,0.0030207117,0.012451255,0.004771319,0.0013500842,0.0018284625,0.9207684,0.016371127
2,2,construction-site,construction-site,0.001774579,0.0063950345,0.8704815,0.07460015,0.014217797,0.00059763645,0.026308928,0.0056244754
2,4,construction-site,generator,0.0064194784,0.22211374,0.108971976,0.09428816,0.38451457,0.0124756005,0.15840808,0.0128084
6,6,motorvehicle-horn,motorvehicle-horn,0.06288193,0.004274157,0.0007243853,0.0073751505,0.0005577644,0.003614572,0.9176615,0.00291049
2,2,construction-site,construction-site,2.6255145e-06,4.203769e-05,0.99904805,0.00011820192,0.00026011007,0.00020019688,0.00032251663,6.2913664e-06
1,1,community-radio,community-radio,7.729857e-05,0.9954997,0.0001019148,0.0023917386,6.017155e-05,0.00084566884,0.00052316283,0.0005003655
6,0,motorvehicle-horn,car-alarm,0.6176862,0.004202343,0.0034113757,0.0065419003,0.0016209312,0.00078314444,0.35380295,0.011951193
1,1,community-radio,community-radio,0.00040069892,0.98304105,0.00026518677,0.0070224963,0.0003669289,0.0019067826,0.0029958235,0.0040009543
2,2,construction-site,construction-site,3.8714293e-06,2.7944665e-05,0.99947804,0.00024616378,6.863333e-05,7.761107e-06,3.973946e-05,0.00012778727
2,2,construction-site,construction-site,0.00086499663,0.028507564,0.8756659,0.07491253,0.0059947283,0.0051004556,0.0069074784,0.0020462892
0,0,car-alarm,car-alarm,0.9990029,2.9413302e-06,2.7987119e-06,2.0817945e-06,1.2016e-07,3.1647772e-07,2.2361752e-05,0.0009665087
2,2,construction-site,construction-site,1.3745508e-06,4.4967865e-06,0.99981457,2.8858103e-05,6.079894e-06,1.3467042e-06,8.946296e-06,0.00013426428
5,5,mobile-music,mobile-music,0.00010839327,0.018384846,0.00012574872,0.0026893646,0.00062615384,0.9775573,0.00012960809,0.0003784553
6,6,motorvehicle-horn,motorvehicle-horn,0.06363379,0.035993952,0.15683846,0.08784947,0.044654872,0.00717692,0.58751684,0.016335761
3,3,crowd-noise,crowd-noise,1.06135885e-05,0.000404376,0.00029887992,0.99856794,0.0003804939,0.00021667677,7.880511e-05,4.226279e-05
0,0,car-alarm,car-alarm,0.61465865,0.24545053,0.001664145,0.055917386,0.0023182565,0.011573264,0.015294501,0.05312323
0,6,car-alarm,motorvehicle-horn,0.12495631,0.001668846,0.0029006032,0.0051603788,0.0017111837,0.00094425044,0.85277504,0.009883438
2,6,construction-site,motorvehicle-horn,0.031483855,0.0012027448,0.14776498,0.0036838194,0.021172108,0.0004330963,0.6355443,0.158715
4,4,generator,generator,2.7950391e-05,0.04880638,0.0064360555,0.017465707,0.92038643,0.005350891,0.0012758565,0.00025077694
5,5,mobile-music,mobile-music,5.2836585e-06,0.0007368448,1.4303805e-05,4.0108327e-05,1.864764e-05,0.9991283,4.296254e-05,1.3616895e-05
2,2,construction-site,construction-site,0.00047363862,0.0042986562,0.8929634,0.07012006,0.018432964,0.0009371058,0.009395403,0.0033787051
0,0,car-alarm,car-alarm,0.9992078,2.7343714e-05,7.983943e-06,1.0226158e-05,6.7369115e-07,5.985671e-06,0.0003149487,0.00042504814
2,2,construction-site,construction-site,0.00039904393,0.0018470556,0.94461805,0.012645608,0.033380676,0.0011271874,0.004434259,0.0015481453
5,5,mobile-music,mobile-music,0.002245254,0.38187358,0.0001285066,0.0049699186,9.695581e-05,0.608361,0.0012840228,0.001040762
1,1,community-radio,community-radio,0.00034139372,0.6027544,0.0006848904,0.00402193,0.025176553,0.36417833,0.002089486,0.0007529948
3,1,crowd-noise,community-radio,0.0025937068,0.9222122,0.0005427732,0.045884784,0.0013505438,0.0019314622,0.019384727,0.0060997824
5,5,mobile-music,mobile-music,0.0025609147,0.038112454,0.038797483,0.19365275,0.01773471,0.6974359,0.009477311,0.0022284607
6,6,motorvehicle-horn,motorvehicle-horn,0.361244,0.0033790877,0.012865499,0.009419937,0.0036620402,0.0008642646,0.6003286,0.008236503
3,3,crowd-noise,crowd-noise,1.4398552e-05,0.00062670803,4.3354237e-05,0.9989631,4.5738212e-05,0.00011916363,0.00014247323,4.5164325e-05
6,3,motorvehicle-horn,crowd-noise,0.1324553,0.05347269,0.033949543,0.5352386,0.015992537,0.005834928,0.1567255,0.06633089
0,6,car-alarm,motorvehicle-horn,0.17407817,0.026813334,0.046638746,0.045070354,0.007734843,0.011368583,0.6700087,0.018287284
0,0,car-alarm,car-alarm,0.98016113,0.0020592732,0.00021512223,0.0022263613,0.00019907473,0.00019168653,0.009852626,0.005094702
1,1,community-radio,community-radio,8.953597e-05,0.99510276,6.8453744e-05,0.0026029157,7.170908e-05,0.0006098819,0.0013555051,9.920979e-05
0,0,car-alarm,car-alarm,0.9997396,1.9011113e-06,1.950169e-06,1.4976413e-06,1.1129359e-07,5.763968e-07,3.392514e-05,0.00022046277
1,1,community-radio,community-radio,2.1820546e-05,0.97593904,7.0034956e-05,0.0014335472,0.0013622426,0.021016184,5.968652e-05,9.73482e-05
0,0,car-alarm,car-alarm,0.9997371,2.325928e-06,1.3371733e-06,1.6623817e-06,1.0105404e-07,8.012858e-07,3.8551087e-05,0.00021813119
3,3,crowd-noise,crowd-noise,0.001571632,0.029762575,0.28296557,0.66006464,0.011152206,0.0024854846,0.009891569,0.002106363
3,3,crowd-noise,crowd-noise,1.5881408e-06,5.317937e-05,4.5180328e-05,0.999705,0.00010051378,6.577267e-05,1.8560864e-05,1.0128236e-05
0,0,car-alarm,car-alarm,0.99806696,3.9761303e-06,5.352581e-06,3.2097557e-06,2.8152198e-07,2.1839246e-07,2.9084205e-05,0.0018910607
4,4,generator,generator,1.8307995e-06,1.617177e-05,2.122583e-05,7.1074846e-06,0.9999126,1.0497622e-05,2.9869228e-05,6.558205e-07
4,4,generator,generator,1.4457836e-06,9.080463e-06,2.1231273e-05,7.51533e-06,0.9999249,5.0057733e-06,3.0374455e-05,4.3781944e-07
4,4,generator,generator,2.5255977e-07,4.375942e-06,6.6265e-06,2.9567764e-06,0.9999771,1.6979549e-06,6.8643794e-06,1.4799836e-07
2,2,construction-site,construction-site,1.1090107e-06,9.274729e-06,0.9999062,4.185213e-05,5.3034537e-06,3.6887363e-06,8.963018e-06,2.362164e-05
0,0,car-alarm,car-alarm,0.9992644,2.5032225e-06,1.3291332e-06,1.5576368e-06,7.458624e-08,3.715907e-07,2.4297273e-05,0.0007054714
2,2,construction-site,construction-site,0.015126343,0.0022735926,0.6004598,0.0065282807,0.010239382,0.00028038558,0.36214268,0.0029495393
4,4,generator,generator,5.631653e-05,0.030395396,0.00010521533,0.0076515614,0.9042768,0.002902112,0.00025333656,0.054359287
7,2,motorvehicle-siren,construction-site,0.0005213826,0.0025701094,0.50675327,0.006386612,0.09615045,0.35758054,0.025596429,0.0044412613
7,7,motorvehicle-siren,motorvehicle-siren,0.0045225467,4.9397153e-05,0.007900545,3.599341e-05,4.1915224e-05,1.0633424e-05,0.0004841434,0.98695487
3,3,crowd-noise,crowd-noise,3.7637248e-05,0.00075217494,6.813764e-05,0.9981477,5.359877e-05,0.0007198962,0.00018987378,3.0959673e-05
3,2,crowd-noise,construction-site,0.00023419132,0.0030119482,0.93256927,0.058695175,0.0017333275,0.0012932774,0.0017243746,0.00073849974
5,5,mobile-music,mobile-music,1.1676535e-06,0.0009122177,2.4437181e-06,1.3152448e-05,1.2072543e-05,0.9990415,1.1589099e-05,5.7380375e-06
4,4,generator,generator,1.8695806e-06,2.2887967e-05,1.4280165e-05,2.1432732e-05,0.99991894,6.28424e-06,1.2770941e-05,1.4328899e-06
2,2,construction-site,construction-site,0.00048473637,0.0011812984,0.93168235,0.05857318,0.003709144,0.0013163076,0.0011672208,0.0018857572
1,1,community-radio,community-radio,0.000118500815,0.9879836,0.0006349558,0.003669423,0.00013592537,0.0046874443,0.0025316798,0.00023849319
4,4,generator,generator,0.00013214126,6.213083e-05,0.00031597808,0.0002925094,0.9973386,0.00010691598,0.0016901906,6.1598956e-05
5,5,mobile-music,mobile-music,5.639084e-05,0.0319052,0.0001365633,0.002727861,0.024578014,0.93998957,0.00010216888,0.0005041007
2,2,construction-site,construction-site,0.00026676277,0.0006378961,0.8889079,0.00314048,0.00033325033,0.00011887348,0.00035933676,0.10623553
5,5,mobile-music,mobile-music,0.00038777656,0.1898172,0.003750355,0.26681212,0.0021634484,0.53568184,0.00076607364,0.00062117813
3,3,crowd-noise,crowd-noise,5.402605e-06,0.00011563579,8.3652325e-05,0.99935967,0.00023301179,0.00013126014,4.5376615e-05,2.608092e-05
2,2,construction-site,construction-site,0.0035223316,0.0030282598,0.90546626,0.029563775,0.010752821,0.005162077,0.04014395,0.0023604936
3,3,crowd-noise,crowd-noise,3.0224617e-05,0.0008876281,0.0063451612,0.99138534,0.0004334219,0.0006032648,0.00021973248,9.5226635e-05
2,2,construction-site,construction-site,3.412118e-05,0.0013969761,0.99350077,0.001317306,0.0010171108,0.0018395399,0.0008339449,6.0220944e-05
3,2,crowd-noise,construction-site,0.0028112817,0.032127824,0.72837996,0.19519742,0.02703492,0.010035542,0.00066685944,0.0037461426
6,6,motorvehicle-horn,motorvehicle-horn,0.35932794,0.0065299203,0.014392746,0.015395098,0.008237118,0.007525434,0.5818797,0.0067119724
2,2,construction-site,construction-site,0.00046582456,0.009562845,0.9276524,0.049572535,0.0032068775,0.0013498982,0.0032734505,0.0049161245
2,2,construction-site,construction-site,6.240204e-07,1.3142342e-06,0.9999255,1.3784153e-05,5.2950754e-06,2.853205e-07,4.829063e-06,4.8260084e-05
2,2,construction-site,construction-site,1.6058468e-05,0.0002460221,0.9972095,0.001218141,9.9723315e-05,0.00041897464,0.0007679423,2.3620361e-05
7,7,motorvehicle-siren,motorvehicle-siren,3.8671616e-05,1.7463224e-05,6.5976365e-06,3.4301088e-06,6.376963e-06,1.6159602e-06,1.975543e-05,0.99990606
0,0,car-alarm,car-alarm,0.99972934,5.4350317e-06,2.2326926e-06,2.2708912e-06,1.1185597e-07,1.4477399e-06,3.999605e-05,0.0002191792
6,6,motorvehicle-horn,motorvehicle-horn,0.084490865,0.009796071,0.0038295018,0.0056480523,0.00071135926,0.005014557,0.8776164,0.012893127
2,2,construction-site,construction-site,4.1512484e-07,3.8865214e-06,0.9999231,4.936274e-05,4.831359e-06,1.5329103e-06,2.9057362e-06,1.4018705e-05
2,2,construction-site,construction-site,0.000739765,0.017441273,0.6817336,0.28321543,0.006405971,0.0052071954,0.0023000732,0.0029566947
4,4,generator,generator,5.49523e-05,0.0015334177,0.005341667,0.0008819308,0.775206,0.21062665,0.00312578,0.0032295706
3,3,crowd-noise,crowd-noise,9.758563e-07,9.6488926e-05,0.00018411205,0.9994814,0.00015340476,3.7171285e-05,2.0953681e-05,2.5526628e-05
0,1,car-alarm,community-radio,0.18438447,0.4851933,0.067952245,0.07994373,0.031654984,0.047251403,0.09130648,0.012313479
5,6,mobile-music,motorvehicle-horn,0.027309828,0.029644106,0.09926041,0.07495089,0.1419055,0.2728983,0.34647435,0.0075566354
6,1,motorvehicle-horn,community-radio,0.018181125,0.55890685,0.022489237,0.2089952,0.018183518,0.004199075,0.1341173,0.034927737
6,6,motorvehicle-horn,motorvehicle-horn,0.34089282,0.0017056229,0.0032023068,0.0049497974,0.0029068973,0.00056126015,0.6393156,0.0064656734
6,6,motorvehicle-horn,motorvehicle-horn,0.33706048,0.003912885,0.016087351,0.010649073,0.009292322,0.0019411999,0.61346465,0.007591984
5,5,mobile-music,mobile-music,2.6491629e-05,0.0011159027,0.00019382329,0.00014102923,2.8839058e-05,0.99822515,0.00025063087,1.8072133e-05
1,1,community-radio,community-radio,0.0036844667,0.859174,0.00043087528,0.020006083,0.0018995288,0.020661075,0.03355482,0.060589146
1,1,community-radio,community-radio,0.007804924,0.47261405,0.0016606506,0.4664056,0.0034229467,0.024360387,0.015636878,0.008094623
3,3,crowd-noise,crowd-noise,0.00013204082,0.00080905337,0.010573119,0.9851223,0.0011744263,0.0015531995,0.00034609286,0.00028977444
1,3,community-radio,crowd-noise,0.0030743673,0.3266836,0.00089243747,0.6211098,0.001452853,0.020408286,0.020423276,0.0059553282
3,3,crowd-noise,crowd-noise,7.1826886e-05,0.0006054848,0.0014061788,0.9941497,0.0024070288,0.00063803943,0.0004526785,0.00026904777
4,4,generator,generator,5.1247207e-05,0.005099577,0.0075869495,0.004209699,0.98087674,0.0003175014,0.0016802961,0.00017804117
1,1,community-radio,community-radio,0.045694843,0.70980823,0.012831098,0.09731696,0.0045533427,0.06912666,0.049233783,0.01143505
2,2,construction-site,construction-site,0.0004580184,0.0020014963,0.955933,0.0278467,0.004041233,0.000477374,0.006111378,0.003130855
2,2,construction-site,construction-site,5.979877e-06,9.925344e-05,0.9987062,0.0002491997,0.0004904322,9.205743e-05,0.00034396892,1.28631955e-05
6,6,motorvehicle-horn,motorvehicle-horn,0.17736435,0.0010777925,0.0026624168,0.004426305,0.0009881757,0.0011149006,0.81005424,0.0023118565
4,4,generator,generator,0.0015691533,0.022043843,0.08795059,0.015010703,0.78020436,0.02427972,0.065724455,0.003217155
6,6,motorvehicle-horn,motorvehicle-horn,0.013325738,0.101205476,0.017329607,0.15956268,0.15551303,0.0063847234,0.4381643,0.10851448
2,6,construction-site,motorvehicle-horn,0.046251167,0.050571438,0.14468946,0.08186812,0.019039603,0.03976171,0.6133564,0.004462069
4,4,generator,generator,3.7022787e-07,1.1489685e-05,4.361417e-06,3.0133306e-06,0.9999664,6.212986e-06,7.920193e-06,2.9662553e-07
3,3,crowd-noise,crowd-noise,1.855853e-06,5.6382458e-05,6.376102e-05,0.99969244,8.244737e-05,7.371803e-05,1.828063e-05,1.1141599e-05
4,4,generator,generator,5.980075e-07,1.01130145e-05,1.4772447e-05,7.206467e-06,0.999951,3.3560393e-06,1.2701194e-05,3.411216e-07
3,3,crowd-noise,crowd-noise,2.7808017e-06,0.00018561234,0.00025773654,0.99925166,0.00013792697,8.768928e-05,4.6259356e-05,3.0394762e-05
6,6,motorvehicle-horn,motorvehicle-horn,0.17799534,0.008132483,0.009811584,0.018134732,0.030735007,0.0013453373,0.74726003,0.006585483
2,2,construction-site,construction-site,0.0006878342,0.039489172,0.54677516,0.21366322,0.08829604,0.00054452656,0.022488415,0.088055626
1,5,community-radio,mobile-music,0.00034151645,0.42191058,3.3106986e-05,0.016574511,6.246201e-05,0.5516856,0.0003141232,0.00907813
3,3,crowd-noise,crowd-noise,5.7092802e-05,0.0026207531,8.477954e-05,0.9958197,8.619464e-05,0.0008920904,0.00023177048,0.0002075387
6,6,motorvehicle-horn,motorvehicle-horn,0.20959164,0.000677478,0.0014002504,0.0039025168,0.0007168322,0.0002050983,0.7788553,0.00465091
3,3,crowd-noise,crowd-noise,0.00014187982,0.010740895,0.041066997,0.94130415,0.0041840128,0.0013364047,0.00040412883,0.00082149974
5,5,mobile-music,mobile-music,4.2187105e-07,5.521686e-05,7.7230663e-07,3.410737e-06,1.5068229e-06,0.9999312,4.842529e-06,2.6542614e-06
7,6,motorvehicle-siren,motorvehicle-horn,0.40504465,0.002010432,0.002422117,0.0053717643,0.004117755,0.00028891364,0.4262005,0.15454382
0,0,car-alarm,car-alarm,0.99805826,5.04026e-05,1.0589329e-05,7.742998e-06,9.0419945e-07,4.7472495e-06,0.0004999379,0.0013673384
2,2,construction-site,construction-site,0.00011151976,0.005656168,0.7921885,0.19672577,0.0021436107,0.0019401632,0.0007398293,0.00049440697
0,6,car-alarm,motorvehicle-horn,0.10484659,0.0012860126,0.0053177364,0.0068324013,0.004434886,0.0011148314,0.85894746,0.017220058
2,2,construction-site,construction-site,4.4718217e-06,0.000118032905,0.99612707,0.00054190203,0.0024490142,8.660871e-06,0.0007290824,2.1848018e-05
0,0,car-alarm,car-alarm,0.9994899,3.8393073e-06,2.2429083e-06,2.0749446e-06,9.712071e-08,3.8207466e-07,1.9027575e-05,0.0004823124
5,5,mobile-music,mobile-music,1.0259185e-05,0.0007821926,2.4568437e-05,7.603869e-05,3.432124e-05,0.9989667,8.391101e-05,2.205697e-05
3,3,crowd-noise,crowd-noise,6.6735754e-07,2.9159395e-05,7.1371986e-05,0.99977344,7.304105e-05,3.2286454e-05,1.29387245e-05,6.995526e-06
0,6,car-alarm,motorvehicle-horn,0.3909344,0.0061516976,0.003040997,0.019044999,0.0017268707,0.00095283083,0.4768441,0.10130419
1,1,community-radio,community-radio,0.0001424101,0.82577384,0.0013666828,0.1425125,0.0011630106,0.02437711,0.0012465024,0.0034180123
7,7,motorvehicle-siren,motorvehicle-siren,4.5010875e-05,1.37964835e-05,3.071071e-05,2.2606796e-06,3.2331118e-06,7.0398943e-07,2.3919965e-05,0.9998803
5,5,mobile-music,mobile-music,0.0024283275,0.01474489,0.43397066,0.035047423,0.031154186,0.46250337,0.017777463,0.0023736402
7,7,motorvehicle-siren,motorvehicle-siren,8.2985745e-05,3.9157803e-05,0.00014598564,4.1493327e-05,1.9419824e-05,5.1294717e-07,2.1051732e-05,0.9996494
3,3,crowd-noise,crowd-noise,1.6543845e-06,0.00015104815,0.00013583661,0.9993105,0.00027645574,8.84895e-05,1.8358765e-05,1.7580818e-05
1,1,community-radio,community-radio,1.4355502e-05,0.99829954,3.4656812e-05,0.0008209011,2.1457527e-05,0.0003918869,0.000361171,5.6004967e-05
3,3,crowd-noise,crowd-noise,3.5619776e-06,0.00010322294,0.00015403071,0.99939454,0.0001557106,0.00013614102,3.6872832e-05,1.5971107e-05
0,0,car-alarm,car-alarm,0.9997348,6.6264874e-06,2.0993173e-06,2.1763944e-06,9.575013e-08,1.7581634e-06,3.6167577e-05,0.00021627678
2,2,construction-site,construction-site,2.2392842e-07,1.9570905e-06,0.9999312,4.511278e-05,5.4946827e-06,6.817507e-07,2.1858943e-06,1.31447305e-05
4,4,generator,generator,0.004287969,0.0031870618,0.017282242,0.0039492603,0.93504804,0.004294394,0.030642448,0.0013085102
3,1,crowd-noise,community-radio,0.0020414225,0.7292246,0.00819883,0.10379001,0.016814126,0.055801913,0.068866216,0.015262829
3,3,crowd-noise,crowd-noise,1.0256875e-05,0.00027811722,0.00020640637,0.99856454,0.00060557673,0.00022992434,6.5688924e-05,3.9525843e-05
6,6,motorvehicle-horn,motorvehicle-horn,0.31700563,0.0048704185,0.0016233606,0.014006796,0.0012006294,0.001146492,0.648203,0.011943612
3,3,crowd-noise,crowd-noise,2.1448561e-06,6.250804e-05,3.6201593e-05,0.9996954,0.000102093516,6.845885e-05,2.1383437e-05,1.1798913e-05
4,4,generator,generator,0.00011974485,0.00013173555,0.00076257123,0.00044640683,0.99723744,2.7032764e-05,0.0012050433,7.004173e-05
5,5,mobile-music,mobile-music,0.00076182646,0.019197397,0.00066279457,0.0086105075,0.00021485658,0.96983576,0.0005302969,0.00018658841
2,6,construction-site,motorvehicle-horn,0.01746052,0.0033095765,0.012181193,0.023614349,0.08334089,0.0019982546,0.8326546,0.02544059
4,4,generator,generator,1.3019043e-05,0.00017006944,6.3456435e-05,3.8050614e-05,0.9996257,4.0117888e-05,3.7053404e-05,1.2640085e-05
0,0,car-alarm,car-alarm,0.99957556,5.422765e-06,4.2680263e-06,3.768676e-06,1.7650218e-07,7.704587e-07,3.4976547e-05,0.00037515032
1,1,community-radio,community-radio,3.4605264e-06,0.9995454,7.2389007e-06,8.346816e-05,2.1683249e-05,0.0002961284,1.2731301e-05,2.9831022e-05
1,1,community-radio,community-radio,0.0029162876,0.9160851,0.00031888296,0.05235618,0.011488857,0.0042600003,0.002035493,0.010539229
4,4,generator,generator,2.6579844e-05,3.681567e-05,0.0016630967,0.00015852482,0.9954833,0.00075179717,0.0015282478,0.0003517547
3,3,crowd-noise,crowd-noise,7.7709214e-05,0.0017402527,5.4029202e-05,0.99436355,8.64541e-05,0.0032691865,0.00027112395,0.00013772125
2,5,construction-site,mobile-music,0.00024298184,0.015600145,0.00018205841,0.0012304992,0.00017568417,0.981743,0.00040566415,0.00041999837
2,7,construction-site,motorvehicle-siren,0.00033631953,4.6570087e-05,9.0306115e-05,3.5631787e-05,0.0023384618,1.1623551e-05,0.0029766976,0.9941644
4,3,generator,crowd-noise,0.00049680006,0.027069692,0.04691475,0.90907943,0.005380121,0.001168406,0.0012672642,0.008623637
1,1,community-radio,community-radio,0.0042175236,0.9324427,0.00078678003,0.033683635,0.004439895,0.013549286,0.0056173,0.005262762
3,3,crowd-noise,crowd-noise,1.226677e-06,4.4033502e-05,3.289159e-05,0.9997794,7.2259056e-05,4.6554218e-05,1.536767e-05,8.335304e-06
2,2,construction-site,construction-site,5.4080152e-05,0.00045235394,0.99369836,0.004068541,0.0006210318,0.00012134844,0.00025800028,0.00072622113
0,0,car-alarm,car-alarm,0.9994343,5.040737e-06,2.5959569e-06,1.2235191e-06,8.284134e-08,8.8018083e-07,4.3497676e-05,0.0005123267
7,7,motorvehicle-siren,motorvehicle-siren,0.0077026226,0.0033757014,5.0845407e-05,0.0002795908,7.486763e-06,0.00016502185,0.00064034597,0.9877785
0,6,car-alarm,motorvehicle-horn,0.119975224,0.016161397,0.0056104525,0.059484236,0.0037775312,0.0022176336,0.7366335,0.05614
6,6,motorvehicle-horn,motorvehicle-horn,0.35448527,0.0034399703,0.007179695,0.011378365,0.006798591,0.002306447,0.6049047,0.009506876
6,6,motorvehicle-horn,motorvehicle-horn,0.23668121,0.0012966675,0.0017982069,0.0062894,0.0018799909,0.00063807686,0.74091065,0.0105058765
7,7,motorvehicle-siren,motorvehicle-siren,7.1634044e-05,5.030051e-06,4.3227274e-06,5.982758e-06,2.8522943e-06,5.150408e-07,5.5003038e-05,0.99985456
6,6,motorvehicle-horn,motorvehicle-horn,0.019774312,0.05268151,0.0055881725,0.017802874,0.00082997186,0.009821987,0.8817753,0.011725846
6,6,motorvehicle-horn,motorvehicle-horn,0.08254413,0.0010197199,0.0051157535,0.0076135113,0.0013889944,0.0006523833,0.8971234,0.004542116
5,5,mobile-music,mobile-music,0.00020317933,0.059460126,0.00027693802,0.0011899915,0.00034357625,0.93756074,0.000733441,0.00023199094
6,6,motorvehicle-horn,motorvehicle-horn,0.02502402,0.008104668,0.013512252,0.0395834,0.013631503,0.0023309512,0.8850184,0.012794815
6,6,motorvehicle-horn,motorvehicle-horn,0.0006640347,4.9510218e-05,0.17170261,0.0011721049,0.066316865,0.00050918304,0.7587917,0.0007940719
2,2,construction-site,construction-site,7.8739085e-06,5.03307e-05,0.9978175,0.0002387673,0.0002883868,1.429852e-05,0.00011836815,0.0014644184
5,5,mobile-music,mobile-music,0.0009074101,0.008385211,0.00011569605,0.00042664874,0.00017004872,0.97471017,0.0024685364,0.012816417
5,5,mobile-music,mobile-music,1.8123217e-05,0.006309484,5.3530737e-05,6.547256e-05,1.4279567e-05,0.99342716,7.5604774e-05,3.6334564e-05
0,0,car-alarm,car-alarm,0.952444,0.014139047,0.0013731598,0.0021905405,0.00019804345,0.0010946386,0.024050066,0.0045105405
5,5,mobile-music,mobile-music,3.1435226e-05,0.0006468656,4.784517e-05,0.00015503417,3.9732768e-05,0.9989152,0.00013496772,2.8894132e-05
3,3,crowd-noise,crowd-noise,1.1440523e-05,0.00018253447,0.00025915142,0.9973737,0.0018700203,0.00011379886,0.000112530885,7.68324e-05
0,0,car-alarm,car-alarm,0.95716286,0.0010876808,0.0003249484,0.00077260373,0.00014597384,0.00019456209,0.038046405,0.0022649884
2,2,construction-site,construction-site,4.476038e-05,0.00043213894,0.9900871,0.00550003,0.0018050782,0.00013710085,0.0011434675,0.0008503301
0,0,car-alarm,car-alarm,0.99381655,0.0013955162,0.00011118143,0.00019982678,3.848762e-06,0.00077453034,0.00036716915,0.0033313981
2,2,construction-site,construction-site,5.7912376e-07,7.4034933e-06,0.9998951,5.223094e-05,7.2032954e-06,2.6195585e-06,5.028768e-06,2.990288e-05
2,2,construction-site,construction-site,0.00064185215,0.0005775438,0.91227543,0.0025715523,0.001285989,0.047244582,0.035109945,0.00029305893
4,4,generator,generator,2.575619e-06,4.327732e-05,2.180408e-05,1.1820342e-05,0.99987054,1.81958e-05,3.0402507e-05,1.3439055e-06
1,2,community-radio,construction-site,0.011322604,0.066175565,0.40228477,0.2666211,0.04033159,0.004224309,0.18771985,0.021320228
2,2,construction-site,construction-site,4.4177068e-07,2.5095173e-06,0.99990654,1.9686902e-05,5.583815e-06,4.6486525e-07,3.4519821e-06,6.124313e-05
6,6,motorvehicle-horn,motorvehicle-horn,0.044696942,0.00981123,0.012886925,0.051612493,0.03165671,0.00267617,0.82129115,0.025368335
0,0,car-alarm,car-alarm,0.9995845,5.1840716e-06,8.859669e-07,1.163931e-06,9.865684e-08,7.4666616e-07,4.2880005e-05,0.00036460868
0,6,car-alarm,motorvehicle-horn,0.4619732,0.0012264001,0.0039890236,0.0034798393,0.0019371178,0.00034120333,0.51802504,0.009028237
6,6,motorvehicle-horn,motorvehicle-horn,0.095712796,0.008877196,0.032988124,0.08340779,0.069584675,0.004124181,0.66868246,0.03662288
6,6,motorvehicle-horn,motorvehicle-horn,0.011786113,5.0072915e-05,0.0004460057,5.9292495e-05,4.5164088e-05,0.0001498048,0.97962785,0.00783571
3,3,crowd-noise,crowd-noise,9.491598e-07,0.00011827241,7.09741e-05,0.9995771,0.00015849827,4.864804e-05,1.2995524e-05,1.2524795e-05
3,1,crowd-noise,community-radio,0.006576898,0.38815805,0.06249909,0.31852588,0.101780534,0.011060647,0.09671129,0.014687554
4,3,generator,crowd-noise,0.0044558933,0.08114382,0.21592616,0.5020358,0.06419193,0.0015147572,0.12120832,0.009523352
0,0,car-alarm,car-alarm,0.99971503,8.020179e-06,3.571213e-06,5.710653e-06,4.8835483e-07,2.7107383e-06,0.00010820459,0.00015628026
3,3,crowd-noise,crowd-noise,1.17920035e-05,0.00216944,0.0002580625,0.9969304,0.0002136628,0.00020111751,0.000116740295,9.881265e-05
3,3,crowd-noise,crowd-noise,0.0004482162,0.08758704,0.13366161,0.76154304,0.0021960996,0.009946498,0.0036947704,0.000922688
5,5,mobile-music,mobile-music,0.0009374512,0.17598441,0.00035205382,0.007536886,0.00056624494,0.81079096,0.0002634459,0.0035685522
6,6,motorvehicle-horn,motorvehicle-horn,0.124706194,0.016327834,0.042924955,0.039460238,0.01807499,0.0012814169,0.6271684,0.130056
3,3,crowd-noise,crowd-noise,1.6805577e-06,7.59368e-05,5.4486514e-05,0.99966145,0.000102044585,7.3841125e-05,1.870671e-05,1.1833806e-05
0,0,car-alarm,car-alarm,0.9993728,2.5249462e-06,2.0433856e-06,1.824646e-06,8.433963e-08,3.5723383e-07,2.085001e-05,0.00059956044
2,2,construction-site,construction-site,7.212015e-06,0.0005118051,0.9968298,0.00038946833,0.0011868431,0.00036713324,0.0006987683,9.07677e-06
0,0,car-alarm,car-alarm,0.99942493,4.294217e-06,4.5621337e-06,3.8445896e-06,2.1209023e-07,6.564215e-07,4.1384195e-05,0.0005200297
3,3,crowd-noise,crowd-noise,0.0008172056,0.04090664,0.18869293,0.71430653,0.0053088064,0.039163757,0.009776647,0.0010275086
4,1,generator,community-radio,0.0032114768,0.64012086,0.03285514,0.20336804,0.0005646798,0.045161482,0.06839621,0.0063220067
5,5,mobile-music,mobile-music,4.7381764e-06,0.00017633,5.618011e-06,4.557488e-05,6.017287e-06,0.9997453,9.03039e-06,7.3168558e-06
3,3,crowd-noise,crowd-noise,2.0473399e-06,6.461937e-05,0.0001166102,0.99954164,0.00014767265,8.751977e-05,2.3763097e-05,1.6092585e-05
5,5,mobile-music,mobile-music,5.265935e-07,0.000335799,1.5740922e-06,9.294467e-06,4.5283455e-06,0.99963367,8.450531e-06,6.0787306e-06
6,6,motorvehicle-horn,motorvehicle-horn,0.0050961664,0.00069328846,0.009303064,0.0115627125,0.011689981,0.0032807132,0.9576478,0.0007262497
4,4,generator,generator,9.432186e-05,7.849952e-05,0.000293957,0.00017794537,0.9981071,2.9121544e-05,0.0012040824,1.4964417e-05
3,3,crowd-noise,crowd-noise,3.292393e-06,0.00010004365,9.859976e-05,0.9994392,0.00021600159,8.281904e-05,3.783749e-05,2.2159858e-05
3,4,crowd-noise,generator,0.0022679733,0.1361591,0.034830444,0.22000821,0.4997661,0.004012131,0.030314932,0.072641164
5,5,mobile-music,mobile-music,0.00023634873,0.011038687,0.00022959386,0.00080061425,0.00041994313,0.98649395,0.00065339025,0.00012746386
0,6,car-alarm,motorvehicle-horn,0.27720597,0.0012219481,0.006491828,0.0037001565,0.0069553885,0.0006767417,0.69342285,0.010325075
5,3,mobile-music,crowd-noise,0.008788148,0.047520198,0.0011140851,0.90402186,0.0015762399,0.023306333,0.009933586,0.0037395214
2,2,construction-site,construction-site,1.9498906e-05,0.0011289261,0.9883908,0.007428011,0.0013668614,5.5430155e-05,0.00035594674,0.0012545944
4,4,generator,generator,1.1108256e-05,0.00010823881,8.3076055e-05,6.4667925e-05,0.9995192,6.239341e-05,0.00014400379,7.2735043e-06
7,7,motorvehicle-siren,motorvehicle-siren,4.7267236e-05,5.5715213e-06,1.4879389e-06,6.14487e-07,8.2714524e-07,1.1391359e-07,1.0151106e-05,0.99993396
4,4,generator,generator,1.0367345e-06,0.00013558405,8.223915e-06,1.3758511e-05,0.99978393,3.164157e-05,8.8309525e-06,1.7005685e-05
6,6,motorvehicle-horn,motorvehicle-horn,0.2400307,0.014183986,0.016129721,0.03244444,0.006598632,0.0031107874,0.656507,0.03099471
6,6,motorvehicle-horn,motorvehicle-horn,0.007009532,0.00019282033,0.0032561854,0.0016928613,0.0008255597,0.0011505107,0.9856192,0.0002534196
7,7,motorvehicle-siren,motorvehicle-siren,0.029741798,0.00835495,0.00020655943,0.0002700561,3.0129077e-05,0.0016650668,0.015308662,0.9444228
7,7,motorvehicle-siren,motorvehicle-siren,0.00018124627,5.8457957e-05,0.00011428944,1.8724813e-05,2.762591e-05,3.8674384e-06,0.00012676121,0.9994691
0,6,car-alarm,motorvehicle-horn,0.4332506,0.003931697,0.0026133512,0.007764278,0.0013625296,0.00077129866,0.54317373,0.007132513
6,6,motorvehicle-horn,motorvehicle-horn,0.16602954,0.019974966,0.005764955,0.027416559,0.0013787977,0.0030887832,0.7649312,0.011415227
0,0,car-alarm,car-alarm,0.9995413,7.3037695e-06,1.0254122e-06,3.3135739e-06,9.7143115e-08,1.4303436e-06,0.00014511732,0.00030050144
4,4,generator,generator,7.6874176e-07,1.1486178e-05,1.6987147e-05,5.9539343e-06,0.9999424,5.003217e-06,1.702828e-05,3.9609498e-07
1,1,community-radio,community-radio,0.0039574155,0.85592294,0.0034082255,0.099602096,0.001960738,0.01668138,0.015537892,0.0029294232
0,6,car-alarm,motorvehicle-horn,0.24005261,0.01535689,0.002294391,0.025353543,0.004222076,0.0071364464,0.675175,0.030409066
0,0,car-alarm,car-alarm,0.9996099,1.2806065e-05,1.6371296e-06,4.020739e-06,2.737437e-07,1.8880552e-06,0.00013818288,0.00023144543
4,4,generator,generator,1.9040363e-06,4.3352843e-06,0.00010506387,1.1158713e-05,0.99956423,2.9147068e-05,0.0002810824,3.0500003e-06
5,5,mobile-music,mobile-music,1.1717867e-06,0.000100989964,2.6461303e-06,3.1432577e-05,1.16663805e-05,0.9998147,2.4682116e-05,1.28114e-05
2,2,construction-site,construction-site,0.001240384,0.048782323,0.37070742,0.12681352,0.17487372,0.0040078326,0.013555911,0.26001883
2,2,construction-site,construction-site,1.6998583e-05,3.0011197e-05,0.9979721,0.00024647685,8.6492226e-05,2.127317e-05,0.00016649126,0.0014602637
5,1,mobile-music,community-radio,0.0020528093,0.46784928,0.0067198873,0.40050575,0.0018696712,0.11068912,0.00471556,0.0055979034
3,3,crowd-noise,crowd-noise,8.737275e-06,0.000134783,0.00014174757,0.99924195,0.00018445963,0.00020812049,5.257094e-05,2.7583044e-05
0,0,car-alarm,car-alarm,0.99976295,7.0843885e-06,1.9503466e-06,3.2864723e-06,1.0344821e-07,2.0512803e-06,5.1881314e-05,0.00017061397
6,6,motorvehicle-horn,motorvehicle-horn,0.19784155,0.0015606935,0.022465276,0.006839422,0.011580809,0.0012480929,0.7519186,0.0065454757
6,6,motorvehicle-horn,motorvehicle-horn,0.03396604,0.0031190715,0.00068282697,0.01013035,0.00036276187,0.000807126,0.94444567,0.006486147
6,6,motorvehicle-horn,motorvehicle-horn,0.15655781,0.004153601,0.0013826254,0.008074153,0.0006188891,0.0010886813,0.82167137,0.0064527746
4,1,generator,community-radio,0.0037092965,0.3421144,0.018067852,0.32976842,0.004594621,0.28690213,0.008842283,0.0060010026
0,0,car-alarm,car-alarm,0.99943465,1.1638582e-05,1.05571135e-05,7.516848e-06,3.4713725e-07,2.2980382e-06,7.169648e-05,0.00046131792
3,3,crowd-noise,crowd-noise,6.1253684e-07,3.844239e-05,6.558451e-05,0.9997632,7.8644094e-05,3.5133395e-05,1.1748824e-05,6.704795e-06
2,2,construction-site,construction-site,2.0620562e-05,0.0016292445,0.9934098,0.0023044092,0.0016690696,0.0004968569,0.00039654106,7.352393e-05
1,1,community-radio,community-radio,0.00043757903,0.8696662,5.5258202e-05,0.0020943868,0.0010028414,0.12293683,0.0001328034,0.003674013
1,1,community-radio,community-radio,1.2910239e-05,0.98085874,8.223278e-06,0.00013384034,0.0003902928,0.018493457,1.30026265e-05,8.9439454e-05
4,4,generator,generator,5.496987e-07,1.0515064e-05,2.608733e-05,1.0726351e-05,0.9999229,6.1922674e-06,1.0408538e-05,1.264968e-05
4,4,generator,generator,2.0030266e-06,7.3956844e-06,7.118335e-05,8.893979e-06,0.999495,0.00014658259,0.00022547391,4.338779e-05
0,6,car-alarm,motorvehicle-horn,0.46831036,0.0014082469,0.001834199,0.0031950476,0.0016457051,0.00026225945,0.5167137,0.0066304617
2,3,construction-site,crowd-noise,0.007014955,0.03464961,0.103753544,0.57231474,0.19321434,0.003178877,0.03374563,0.052128274
3,3,crowd-noise,crowd-noise,3.5940408e-05,0.011552007,0.014140486,0.97146434,0.0010101788,0.00057554466,0.00052669254,0.00069469376
3,3,crowd-noise,crowd-noise,0.00015242472,0.18533206,0.0035812096,0.74678975,0.04862896,0.013151744,0.0011771098,0.0011867166
2,2,construction-site,construction-site,6.256772e-06,4.858012e-05,0.99917126,0.00051080284,5.9853235e-05,8.633875e-06,1.0881794e-05,0.00018381479
2,2,construction-site,construction-site,2.2024285e-05,0.005786876,0.9916626,0.0018876074,0.0002815892,0.0001935161,8.937538e-05,7.6472345e-05
5,1,mobile-music,community-radio,0.00010069185,0.52743745,0.0027957626,0.0054317345,0.00035963938,0.46275428,0.0007141446,0.0004062325
4,4,generator,generator,3.7693208e-06,3.178453e-05,5.701139e-05,1.8592375e-05,0.99977905,2.4227738e-05,8.3611165e-05,1.8959211e-06
7,7,motorvehicle-siren,motorvehicle-siren,0.000101589096,0.00015293571,0.015944766,0.00014293796,0.0002777004,1.3156984e-05,0.00015970293,0.9832072
2,2,construction-site,construction-site,4.026124e-06,6.426789e-05,0.9990345,0.000164958,0.00035082703,4.4156946e-05,0.00032907844,8.148156e-06
3,3,crowd-noise,crowd-noise,2.8082368e-06,0.00014408522,8.042957e-05,0.99942756,0.00019875077,0.0001032234,2.612977e-05,1.7078044e-05
4,4,generator,generator,3.8043388e-06,2.9552293e-05,4.696112e-05,1.8786463e-05,0.9998319,1.1923763e-05,5.5807614e-05,1.2935218e-06
1,1,community-radio,community-radio,0.0016921855,0.85845554,0.0017504734,0.09914947,0.002204797,0.020763211,0.011645499,0.004338769
3,3,crowd-noise,crowd-noise,6.1846805e-07,8.214957e-05,7.048989e-05,0.9996264,0.00016004923,3.683527e-05,1.06724565e-05,1.2905264e-05
1,1,community-radio,community-radio,0.0034778898,0.96929026,0.0005563445,0.012152238,0.00029806452,0.009359511,0.003102163,0.0017634444
1,1,community-radio,community-radio,0.0010845251,0.59822077,0.019603774,0.32956454,0.022810902,0.020915568,0.0035394612,0.004260467
1,1,community-radio,community-radio,9.916168e-05,0.9914818,1.9175179e-05,0.0024773125,9.728059e-06,0.0054376167,0.00033763607,0.00013760503
4,4,generator,generator,1.6298391e-06,7.4784007e-06,2.7338005e-05,8.131892e-06,0.99991226,3.982456e-06,3.8731054e-05,4.4412192e-07
3,3,crowd-noise,crowd-noise,6.1991336e-06,0.00020048345,7.0945796e-05,0.9991547,0.00039147687,0.00011020172,4.1499377e-05,2.448954e-05
1,1,community-radio,community-radio,0.002841934,0.5224222,0.02344292,0.4242269,0.005027929,0.010068394,0.00799488,0.0039748214
6,6,motorvehicle-horn,motorvehicle-horn,0.0018792658,7.05313e-05,0.0011177107,0.000114771865,0.00013790827,8.7578606e-05,0.9945095,0.0020826438
0,6,car-alarm,motorvehicle-horn,0.018156476,7.7966295e-05,0.0011938352,0.00055369246,0.00045058902,7.019827e-05,0.97656703,0.0029302528
7,7,motorvehicle-siren,motorvehicle-siren,0.0025265578,0.00023898028,0.016969804,0.0014174224,0.021667928,3.0863248e-05,0.007393235,0.94975525
4,4,generator,generator,4.0990747e-07,5.461271e-06,5.360975e-06,2.4997726e-06,0.99997354,3.2572752e-06,9.293337e-06,1.6980468e-07
5,5,mobile-music,mobile-music,3.923791e-06,0.000914235,2.3319382e-05,3.612989e-05,8.165258e-06,0.9989741,3.3417935e-05,6.7180954e-06
6,6,motorvehicle-horn,motorvehicle-horn,0.028810203,0.1626947,0.004850608,0.03111341,0.0016993583,0.0030290203,0.759108,0.008694741
7,1,motorvehicle-siren,community-radio,0.06655841,0.7369807,0.0012223566,0.013232952,0.00039876392,0.015283865,0.0018301073,0.16449282
7,7,motorvehicle-siren,motorvehicle-siren,3.2343585e-05,4.8162874e-06,2.834282e-07,8.1605094e-07,7.5564054e-07,2.7131682e-07,1.0039355e-05,0.99995065
4,4,generator,generator,2.2229508e-06,1.5059615e-05,2.4045768e-05,9.341824e-06,0.9999112,1.1017293e-05,2.3829605e-05,3.2361638e-06
2,2,construction-site,construction-site,2.018175e-05,0.0004913824,0.9975883,0.0007827845,0.00029557786,0.0003668223,0.00040348913,5.147559e-05
3,4,crowd-noise,generator,0.000876944,0.021052284,0.075433284,0.06722468,0.8109143,0.0027597912,0.018637141,0.00310159
7,7,motorvehicle-siren,motorvehicle-siren,4.366291e-06,5.6733265e-06,5.5786535e-07,9.441757e-07,1.1751802e-06,2.0126677e-07,4.343668e-06,0.9999827
5,5,mobile-music,mobile-music,7.419534e-06,0.0010123516,4.4915355e-06,2.6522728e-05,8.303804e-06,0.99888235,1.7894477e-05,4.057898e-05
5,3,mobile-music,crowd-noise,0.26088133,0.06743312,0.12080212,0.32159585,0.005976158,0.18278751,0.015558657,0.024965174
4,4,generator,generator,1.4412603e-06,4.648403e-05,6.7749706e-06,8.722483e-05,0.9998136,1.923723e-05,1.8661232e-05,6.602905e-06
6,6,motorvehicle-horn,motorvehicle-horn,0.07267294,0.04674219,0.011406844,0.020242313,0.015145185,0.110993855,0.7131124,0.009684321
5,5,mobile-music,mobile-music,2.5985662e-05,0.0017613845,4.6769328e-05,0.0002675576,7.139358e-05,0.99773335,6.5034226e-05,2.8491288e-05
4,4,generator,generator,2.1568236e-07,3.217545e-06,4.76183e-06,1.3919904e-06,0.99998343,1.5073888e-06,5.334289e-06,8.649088e-08
1,1,community-radio,community-radio,5.752505e-06,0.9987047,1.8238115e-05,0.000103330094,3.2165517e-06,0.0010810868,3.6713e-05,4.693247e-05
0,0,car-alarm,car-alarm,0.99963796,1.3725326e-05,3.836432e-06,3.587079e-06,2.6672274e-07,1.6519622e-06,4.204462e-05,0.00029695674
4,4,generator,generator,3.4855334e-06,0.00022348382,2.1665308e-05,4.5899986e-05,0.99947876,9.548039e-05,3.1404434e-05,9.996197e-05
2,2,construction-site,construction-site,0.00022204904,0.010218104,0.7098692,0.27003726,0.004002698,0.0043821028,0.0008342264,0.00043440817
1,3,community-radio,crowd-noise,0.0021587887,0.07065485,0.0017366759,0.8863798,0.0017445732,0.031832986,0.0034631707,0.0020291456
0,0,car-alarm,car-alarm,0.9996991,2.1603216e-06,1.4034175e-06,1.7578574e-06,1.4606202e-07,7.7985857e-07,5.0187216e-05,0.00024443917
2,2,construction-site,construction-site,0.00052642915,0.0003726282,0.89823955,0.0014259338,0.0026208106,0.050847907,0.045276314,0.0006904241
4,4,generator,generator,2.4776614e-06,2.2160624e-05,8.0194324e-05,1.9654322e-05,0.9998228,6.7279466e-06,4.488394e-05,1.148895e-06
6,6,motorvehicle-horn,motorvehicle-horn,0.18001166,0.0049953763,0.013694028,0.012451985,0.0059749545,0.0018755562,0.7684685,0.012527967
7,7,motorvehicle-siren,motorvehicle-siren,1.003052e-05,1.0138927e-05,7.808815e-07,1.8249765e-06,2.4595386e-06,3.473187e-07,5.931822e-06,0.9999685
0,6,car-alarm,motorvehicle-horn,0.08019114,0.006157572,0.0017849813,0.017887082,0.0010074109,0.00054674176,0.8627076,0.029717479
7,2,motorvehicle-siren,construction-site,6.222962e-06,0.00015640116,0.9772134,0.00097326987,0.00056493806,8.5607535e-06,0.0001271889,0.02094999
6,0,motorvehicle-horn,car-alarm,0.4973199,0.002003215,0.0019213448,0.004353544,0.0008977319,0.00096317765,0.48761973,0.004921399
4,4,generator,generator,0.009398718,0.013592193,0.015771462,0.034505706,0.6594649,0.002078823,0.09545787,0.16973029
3,3,crowd-noise,crowd-noise,9.820697e-05,0.0116563905,0.00017394964,0.98625016,0.00046449655,0.00082131324,0.00040698613,0.00012847311
6,6,motorvehicle-horn,motorvehicle-horn,0.19583382,0.0046660607,0.0036084314,0.017685857,0.0020872143,0.002030553,0.7659721,0.008116025
0,0,car-alarm,car-alarm,0.9996232,5.9756885e-06,3.7076832e-06,4.192302e-06,2.1891329e-07,2.4176222e-06,5.311288e-05,0.00030717498
2,2,construction-site,construction-site,1.1158602e-05,1.4560795e-05,0.9988034,0.00043238446,8.1290535e-05,3.7551993e-06,2.013823e-05,0.0006333845
2,2,construction-site,construction-site,7.618968e-07,2.6576736e-06,0.99975306,4.028407e-05,5.4929965e-06,7.3414145e-07,2.7818282e-06,0.00019435446
0,0,car-alarm,car-alarm,0.999398,2.6399218e-06,1.8842593e-06,1.886032e-06,1.0359859e-07,3.4872713e-07,2.2640188e-05,0.000572479
6,6,motorvehicle-horn,motorvehicle-horn,0.05418828,0.0041701957,0.08363654,0.018243885,0.10230747,0.004196805,0.72662055,0.006636226
4,4,generator,generator,2.4717665e-05,0.0068217306,0.0038830019,0.005556857,0.98136157,0.0019689724,0.00020670796,0.00017641527
5,5,mobile-music,mobile-music,9.578868e-06,0.00033017955,3.367484e-05,0.00011471343,2.0687987e-05,0.999426,4.2381922e-05,2.2924969e-05
1,1,community-radio,community-radio,0.0008553443,0.97241104,0.00010218963,0.014181708,0.00068395026,0.009149303,0.00053854776,0.0020780258
5,5,mobile-music,mobile-music,0.0006138642,0.030576184,0.0055676154,0.012806316,0.0011435772,0.9482863,0.0004458255,0.0005602516
1,1,community-radio,community-radio,0.0021254662,0.8851796,0.00039913523,0.014773914,0.00043136688,0.091006525,0.003070849,0.003013124
7,6,motorvehicle-siren,motorvehicle-horn,0.32011133,0.022088153,0.04392831,0.046570748,0.022255339,0.004769939,0.516775,0.02350114
1,1,community-radio,community-radio,0.0013613444,0.97988105,8.313842e-05,0.0047163763,0.0006622904,0.011524182,0.00094282464,0.0008287423
6,6,motorvehicle-horn,motorvehicle-horn,0.3368631,0.0023406576,0.0061836867,0.0110112885,0.0068463883,0.0016806991,0.62729126,0.007782844
2,2,construction-site,construction-site,0.003375711,0.01768396,0.8495744,0.046327084,0.003122552,0.06298784,0.015107253,0.0018212643
1,1,community-radio,community-radio,0.010531748,0.79738003,0.0009637401,0.108188875,0.016178884,0.011728795,0.04123896,0.0137889795
3,3,crowd-noise,crowd-noise,0.00023238851,0.007342611,0.011462309,0.9335737,0.046012852,0.00047070498,0.00045677106,0.00044874183
6,1,motorvehicle-horn,community-radio,0.003752971,0.5681656,0.011585386,0.256529,0.010065083,0.0034032518,0.11033197,0.03616675
3,3,crowd-noise,crowd-noise,0.00012045664,0.002649988,0.009569157,0.9481786,0.035253607,0.0030518197,0.0007256606,0.00045081318
0,6,car-alarm,motorvehicle-horn,0.19117264,0.00039730105,0.0015361032,0.0018675048,0.0011485828,0.00017974191,0.7997769,0.003921174
0,0,car-alarm,car-alarm,0.99976534,8.936664e-06,2.8539305e-06,4.541818e-06,1.5597462e-07,3.3674953e-06,9.4403804e-05,0.00012046654
3,3,crowd-noise,crowd-noise,0.00014425085,0.007912455,0.000117549775,0.98852986,0.0003694234,0.0010279608,0.00029117556,0.0016073304
4,4,generator,generator,0.0003003041,0.0004309315,0.18152839,0.0011339618,0.7950175,0.0013060804,0.019893201,0.00038962933
6,6,motorvehicle-horn,motorvehicle-horn,0.025572041,0.00031604373,0.0010872099,0.0032948991,0.0018851759,0.0003344004,0.9672659,0.00024424645
6,6,motorvehicle-horn,motorvehicle-horn,0.3899312,0.0069364146,0.0065085036,0.011737253,0.002529746,0.0057403883,0.5723934,0.004223129
3,3,crowd-noise,crowd-noise,6.0553255e-05,0.00060649635,0.0064966795,0.9902047,0.0012226054,0.0009516608,0.00025410255,0.00020321553
7,7,motorvehicle-siren,motorvehicle-siren,0.00011041854,0.0028748414,0.00049836485,0.008002776,0.00021156522,4.4334723e-05,0.00015654908,0.9881011
2,6,construction-site,motorvehicle-horn,0.009481744,0.00033852024,0.05882934,0.0019652755,0.001224137,0.0042666625,0.9229281,0.0009662762
1,1,community-radio,community-radio,0.004586508,0.7652715,0.0046300935,0.14732523,0.0008971677,0.004689275,0.02985028,0.042750057
6,6,motorvehicle-horn,motorvehicle-horn,0.015084348,0.010846194,0.15518014,0.051685914,0.0199026,0.0038489487,0.735956,0.007495802
4,4,generator,generator,1.8865582e-06,0.00032470652,0.0009883256,0.0011949285,0.9973381,2.4512576e-05,9.668993e-05,3.078171e-05
3,3,crowd-noise,crowd-noise,1.0263992e-05,0.00014293143,0.00010739622,0.9990459,0.00038557203,0.00021976022,5.633144e-05,3.1926793e-05
1,1,community-radio,community-radio,0.0007315087,0.9450186,0.00051463867,0.038305327,0.0013580451,0.005697623,0.0063691614,0.0020050537
2,2,construction-site,construction-site,1.4865727e-05,0.00028350373,0.99783856,0.0006670453,0.00035996857,0.0003385496,0.0004583172,3.928733e-05
1,1,community-radio,community-radio,6.6299384e-05,0.8916599,0.0019911812,0.016836248,0.033427425,0.05478012,0.00044694144,0.000791939
6,6,motorvehicle-horn,motorvehicle-horn,0.025985684,0.00012234216,0.0009921059,0.0005934457,0.00029094514,0.00015580659,0.970869,0.0009907746
2,2,construction-site,construction-site,1.1144561e-05,0.00015253226,0.9975674,0.0007136591,0.00072663184,3.265544e-05,0.00077027123,2.57881e-05
7,7,motorvehicle-siren,motorvehicle-siren,3.714688e-06,5.656331e-06,5.866847e-06,3.874917e-06,2.0398768e-06,1.10658796e-07,2.6736482e-06,0.99997604
0,0,car-alarm,car-alarm,0.94818705,0.0007204602,7.324073e-05,0.0010935747,5.088277e-05,7.0821276e-05,0.04763831,0.0021656845
1,1,community-radio,community-radio,3.3549735e-05,0.9937038,0.00026677272,0.001518716,0.00036311685,0.0025094054,0.0014840727,0.00012056436
7,2,motorvehicle-siren,construction-site,0.00089596945,0.0020508564,0.82569003,0.0005704581,0.025825093,0.0023522784,0.07656549,0.066049755
6,6,motorvehicle-horn,motorvehicle-horn,0.1596584,0.0075055766,0.010763954,0.032997362,0.003662387,0.00709079,0.77074844,0.0075730546
0,6,car-alarm,motorvehicle-horn,0.09651441,0.013882163,0.04116891,0.033354316,0.008568284,0.007097557,0.79537255,0.0040417816
1,1,community-radio,community-radio,0.012056143,0.8873689,0.014598009,0.048054338,0.0014239163,0.01885188,0.012263139,0.005383658
4,4,generator,generator,1.1496148e-06,1.8597919e-05,8.905067e-06,4.889767e-06,0.9999304,1.6195101e-05,1.9127077e-05,6.925092e-07
4,6,generator,motorvehicle-horn,0.006728708,0.09727437,0.021710051,0.16415362,0.12742756,0.01642158,0.5045092,0.06177489
6,6,motorvehicle-horn,motorvehicle-horn,0.008453711,0.00020209169,0.00032498938,0.0017376525,0.000883237,0.001237398,0.9868786,0.00028245017
4,4,generator,generator,0.00018765041,9.326474e-05,0.0005475558,0.00028913774,0.996698,0.00012751145,0.002015647,4.124181e-05
3,3,crowd-noise,crowd-noise,1.0539947e-06,7.3684685e-05,0.00010159482,0.9995758,0.00016348349,5.1090883e-05,1.7621498e-05,1.5718537e-05
5,5,mobile-music,mobile-music,0.00011615192,0.0039481656,9.5139796e-05,0.0005739306,0.00012346514,0.99495655,9.934128e-05,8.725867e-05
6,6,motorvehicle-horn,motorvehicle-horn,0.04156359,0.00014348434,0.000483871,0.0010219413,0.00043814775,0.00016919248,0.95450294,0.0016770022
1,1,community-radio,community-radio,0.00025048593,0.98631096,0.0014392657,0.0023882776,0.00057619484,0.0080668805,0.00066005584,0.00030786506
6,1,motorvehicle-horn,community-radio,0.016434012,0.6340796,0.01597241,0.123282135,0.010971678,0.17870642,0.017306384,0.0032474159
5,6,mobile-music,motorvehicle-horn,0.021689596,0.0064333226,0.0111083295,0.01175102,0.004026669,0.0054895324,0.93396753,0.0055338326
1,1,community-radio,community-radio,2.2321556e-05,0.9967507,1.8606139e-05,0.0017960076,5.531829e-05,0.0010766832,0.00021717596,6.32252e-05
1,1,community-radio,community-radio,1.7029293e-05,0.98779756,0.0004927982,0.0048904237,0.004362448,0.0021324006,0.000188613,0.000118699485
4,4,generator,generator,4.3208408e-07,5.7294246e-06,8.248348e-06,2.864648e-06,0.9999697,3.091273e-06,9.658382e-06,1.866918e-07
0,0,car-alarm,car-alarm,0.9992969,2.1965593e-06,1.8821112e-06,1.6627007e-06,1.0861823e-07,2.4907055e-07,1.9524732e-05,0.00067738694
3,3,crowd-noise,crowd-noise,0.00021083214,0.005612839,0.009011346,0.9794718,0.0032112303,0.001148107,0.000784184,0.0005495664
1,1,community-radio,community-radio,0.0007361949,0.9848498,0.00020119656,0.008392097,0.00020173221,0.0023052949,0.0010919365,0.0022217238
0,0,car-alarm,car-alarm,0.999696,7.5965536e-06,2.3734183e-06,3.7904913e-06,1.1754635e-07,2.45899e-06,0.00012218897,0.00016545177
1,4,community-radio,generator,0.0122822765,0.14496656,0.004858693,0.0136543745,0.7192599,0.048578247,0.049614992,0.006784929
2,2,construction-site,construction-site,0.003054497,0.024100924,0.8640064,0.04367873,0.011116047,0.006693705,0.031110764,0.016238984
6,1,motorvehicle-horn,community-radio,0.00064062356,0.45949495,0.31176502,0.013609932,0.078758374,0.028927796,0.10327457,0.0035286515
3,3,crowd-noise,crowd-noise,0.0010814512,0.06408218,0.034069497,0.5084395,0.29309076,0.09211164,0.0031707175,0.003954268
3,3,crowd-noise,crowd-noise,0.29019338,0.060168233,0.10509785,0.38108474,0.008102395,0.11746178,0.02074808,0.017143507
6,6,motorvehicle-horn,motorvehicle-horn,0.016185887,0.0002861594,0.00093534467,0.001265709,0.00046126317,0.00030609238,0.97844666,0.0021127795
2,2,construction-site,construction-site,0.0006552181,0.0051603457,0.9426547,0.042409938,0.0029261513,0.0014912601,0.0018220309,0.0028803432
4,4,generator,generator,4.704957e-06,0.0006679259,0.0006363755,8.2952036e-05,0.99559265,0.0015984044,0.0014075352,9.386302e-06
7,7,motorvehicle-siren,motorvehicle-siren,2.8425547e-05,1.7251805e-05,4.0110635e-06,2.8962247e-06,8.194916e-06,1.2428941e-06,1.4877007e-05,0.9999231
3,3,crowd-noise,crowd-noise,1.0754818e-06,7.2804905e-05,8.863233e-05,0.9996432,0.00011275405,5.3765558e-05,1.4026172e-05,1.3688392e-05
5,5,mobile-music,mobile-music,0.00018090529,0.021043282,0.0015469564,0.0014228958,0.00025895354,0.97470367,0.0006397581,0.00020361622
4,4,generator,generator,5.2127666e-07,4.699765e-06,7.630164e-05,5.6011904e-06,0.9998357,2.6669848e-05,4.710519e-05,3.4339716e-06
4,6,generator,motorvehicle-horn,0.0014991438,0.0004970807,0.3362624,0.0009859173,0.23543708,0.00034698052,0.42192993,0.003041523
6,6,motorvehicle-horn,motorvehicle-horn,0.004915862,0.00028137604,0.0052929884,0.003122652,0.07356837,0.00087973167,0.8716674,0.040271584
0,0,car-alarm,car-alarm,0.9956989,5.3507083e-06,2.7376103e-05,6.2834088e-06,1.3982179e-06,1.5083747e-06,0.00037252295,0.0038866585
0,0,car-alarm,car-alarm,0.99969065,3.17137e-06,1.5202098e-06,1.5008592e-06,6.374488e-08,3.0534022e-07,2.0257774e-05,0.00028252063
4,4,generator,generator,1.06959305e-05,8.410851e-05,0.00012958386,4.1052044e-05,0.99956614,4.0238723e-05,0.00012391443,4.300226e-06
7,7,motorvehicle-siren,motorvehicle-siren,8.847436e-06,3.4548468e-06,4.5224942e-07,5.2925685e-07,6.0568067e-07,8.107574e-08,2.52615e-06,0.99998355
4,4,generator,generator,6.266135e-07,5.138417e-05,5.0804247e-06,7.486959e-06,0.9999087,1.6677528e-05,5.8053424e-06,4.259599e-06
2,2,construction-site,construction-site,0.00012336767,0.0012631343,0.9914233,0.00084938883,0.0010245121,0.0007083599,0.0043431194,0.00026487667
7,7,motorvehicle-siren,motorvehicle-siren,0.00016849702,2.47077e-06,2.9248435e-05,4.7207013e-06,2.3008768e-06,1.726983e-07,1.526194e-05,0.99977726
5,5,mobile-music,mobile-music,0.0016506864,0.10176504,0.0002934317,0.035765838,0.0005327426,0.8538584,0.0049982816,0.0011355977
6,6,motorvehicle-horn,motorvehicle-horn,0.038739067,0.00054542936,0.014063422,0.005237018,0.011255067,0.0011930736,0.92204624,0.00692079
6,6,motorvehicle-horn,motorvehicle-horn,0.022966975,0.00018251948,0.0028401755,0.00088759814,0.0016511676,0.00018459206,0.96153134,0.009755682
0,0,car-alarm,car-alarm,0.99676967,8.861141e-05,1.2138402e-05,9.039509e-06,9.599698e-07,7.0927163e-06,0.00092404266,0.0021884204
0,6,car-alarm,motorvehicle-horn,0.36753798,0.0021740284,0.004166399,0.004605773,0.0018774839,0.0005689925,0.61124444,0.007824914
3,3,crowd-noise,crowd-noise,0.00036925095,0.15410836,0.0012983825,0.8349343,0.004162772,0.00068046857,0.0034566324,0.0009898362
1,1,community-radio,community-radio,0.00050595513,0.9814171,0.0006383404,0.010844314,0.0002777476,0.00082834595,0.0018011815,0.0036870714
6,6,motorvehicle-horn,motorvehicle-horn,0.026100406,0.0008352579,0.0011735995,0.0019104552,0.0012950251,0.0011680828,0.9599262,0.007590965
0,0,car-alarm,car-alarm,0.99891937,1.9800294e-05,7.528292e-06,5.510417e-06,5.1968055e-07,2.7473488e-06,0.00042590057,0.0006187056
4,3,generator,crowd-noise,0.01280164,0.10825797,0.049999706,0.40890598,0.3492001,0.01865672,0.04195446,0.010223484
4,4,generator,generator,9.647124e-06,0.00019256142,1.2024545e-05,8.119998e-06,0.99948347,0.00023720608,3.541093e-05,2.1550137e-05
3,3,crowd-noise,crowd-noise,3.6565928e-06,0.00010581121,9.8509205e-05,0.99945205,0.000114153845,0.00017809053,3.150925e-05,1.6246106e-05
2,2,construction-site,construction-site,5.2269595e-05,0.0039243326,0.9905585,0.0013016659,0.0011637026,0.0025045623,0.00018894332,0.00030602323
0,6,car-alarm,motorvehicle-horn,0.44194168,0.00036578372,0.0011670002,0.0013691927,0.00230732,0.00016739167,0.54411227,0.008569326
3,3,crowd-noise,crowd-noise,0.0007667499,0.06584782,0.009997067,0.8944941,0.0035825328,0.017366698,0.007159024,0.0007859557
1,1,community-radio,community-radio,6.466537e-05,0.9970987,2.9533716e-05,0.0014510695,4.167671e-05,0.00030473585,0.00025327734,0.0007563592
4,6,generator,motorvehicle-horn,0.02153495,0.0019474139,0.041475035,0.011409459,0.24703914,0.007082822,0.66551745,0.003993653
1,1,community-radio,community-radio,2.358973e-05,0.9522251,0.0009915852,0.004628997,0.011026685,0.029046597,0.0017085689,0.00034898488
2,1,construction-site,community-radio,0.010143927,0.7204759,0.008190959,0.11110198,0.0043009357,0.0114126485,0.089132786,0.045240805
3,3,crowd-noise,crowd-noise,1.3315163e-06,3.244515e-05,4.4542277e-05,0.9997843,4.9977123e-05,6.192215e-05,1.73845e-05,8.136916e-06
4,4,generator,generator,9.214834e-07,5.831315e-05,8.650613e-06,1.0702415e-05,0.99986315,2.9707051e-05,1.45514105e-05,1.38800215e-05
3,6,crowd-noise,motorvehicle-horn,0.035841666,0.0231735,0.2102555,0.16635737,0.029090887,0.0065912083,0.50085443,0.027835451
2,2,construction-site,construction-site,4.6219675e-06,0.00010106312,0.99285865,0.0006628245,6.930173e-05,3.396293e-06,1.4335096e-05,0.0062857503
1,1,community-radio,community-radio,0.00012104657,0.9933262,0.0006126887,0.002272363,0.00011337326,0.002076919,0.0012744328,0.00020290712
5,5,mobile-music,mobile-music,8.36921e-07,0.0015878602,8.429106e-06,1.3888382e-05,1.0506495e-06,0.99837047,8.577234e-06,8.899268e-06
6,6,motorvehicle-horn,motorvehicle-horn,0.059858028,0.00043040642,0.0009786559,0.0026707419,0.0005367862,0.0006512406,0.93336326,0.0015108276
5,5,mobile-music,mobile-music,0.00015835754,0.024875008,0.0002708828,0.002591131,0.00032222536,0.97137636,0.0001513126,0.0002548264
4,4,generator,generator,0.006329258,0.00084605743,0.0037562896,0.0030249646,0.9419269,0.0033252612,0.040060334,0.0007309134
6,6,motorvehicle-horn,motorvehicle-horn,0.047814187,0.13402826,0.0033517021,0.3040456,0.0020459655,0.007553635,0.4788136,0.022347165
5,1,mobile-music,community-radio,0.0006948207,0.80668867,0.00037488394,0.005982199,0.000141982,0.18432875,0.0006570286,0.0011317164
4,4,generator,generator,2.7833853e-06,2.3029164e-05,1.8733293e-05,9.909387e-06,0.9998807,2.1059233e-05,4.2986572e-05,8.747126e-07
3,3,crowd-noise,crowd-noise,0.022931078,0.20399521,0.011651541,0.6361241,0.08727976,0.008970873,0.02178671,0.0072607063
6,6,motorvehicle-horn,motorvehicle-horn,0.357092,0.049306218,0.015144604,0.053250004,0.007149095,0.01245444,0.4847364,0.020867268
3,3,crowd-noise,crowd-noise,0.0002635032,0.0046341266,0.00018247201,0.9863898,0.00028371808,0.0070355,0.0007964515,0.0004143802
4,4,generator,generator,1.987969e-05,9.214095e-05,0.004025511,0.00017821036,0.99368143,0.00079283764,0.001168873,4.1088177e-05
7,7,motorvehicle-siren,motorvehicle-siren,0.00017460003,7.5275834e-06,1.0019654e-05,1.5131283e-06,1.7793811e-06,3.2455816e-07,6.97583e-05,0.99973446
0,0,car-alarm,car-alarm,0.99973553,6.534742e-06,3.852032e-06,5.799656e-06,3.596182e-07,2.342873e-06,7.098277e-05,0.00017463304
1,1,community-radio,community-radio,0.00024673878,0.56601393,0.00015514468,0.001554242,7.5594384e-05,0.42859563,0.0025515335,0.00080731
2,2,construction-site,construction-site,8.190861e-05,0.0009218981,0.99381727,0.0021022013,0.0011680896,0.00041932144,0.00071226165,0.0007770924
0,0,car-alarm,car-alarm,0.99724835,0.00013744358,0.00010490396,0.00016810192,6.4353762e-06,6.543364e-05,0.0003901158,0.0018792448
4,4,generator,generator,2.1023028e-07,5.0008657e-06,3.8238563e-06,1.4720364e-06,0.9999815,3.1902628e-06,4.5938027e-06,1.346046e-07
4,4,generator,generator,2.1371527e-06,1.2015289e-05,2.3406727e-05,8.268721e-06,0.9999074,6.92083e-06,3.9242164e-05,6.1325886e-07
1,1,community-radio,community-radio,0.0006852101,0.92957836,0.004258398,0.034353636,0.0034349211,0.012092959,0.0073329215,0.008263545
7,7,motorvehicle-siren,motorvehicle-siren,1.2823346e-05,5.44372e-06,3.3641381e-06,1.7914473e-06,1.7308761e-06,1.1707846e-07,3.342016e-06,0.9999714
1,1,community-radio,community-radio,0.0013279252,0.6201469,0.06552374,0.025415078,0.0029158036,0.2803459,0.0035804918,0.00074425887
1,6,community-radio,motorvehicle-horn,0.0121340705,0.005720499,0.0051291278,0.02745076,0.0076396167,0.0029190197,0.9121346,0.026872376
1,5,community-radio,mobile-music,0.01372234,0.34325403,0.0020814743,0.08410099,0.004705799,0.5411682,0.0061047846,0.0048623313
6,2,motorvehicle-horn,construction-site,0.0077508027,0.04176274,0.2716249,0.26339608,0.19860195,0.032454457,0.17425552,0.01015361
7,7,motorvehicle-siren,motorvehicle-siren,0.0001022485,3.650915e-05,1.5277374e-05,7.705829e-06,1.8816469e-05,9.828947e-06,0.00014105531,0.9996685
3,3,crowd-noise,crowd-noise,0.00010580196,0.0010865588,0.034751333,0.9558677,0.0059118997,0.0011197403,0.00072149956,0.00043545596
0,0,car-alarm,car-alarm,0.9518717,0.0021536122,0.0006931763,0.0034330213,0.0002409139,0.0007080138,0.037697606,0.0032020768
1,2,community-radio,construction-site,0.003128599,0.13015091,0.5025559,0.14943731,0.14923978,0.007496914,0.054961134,0.0030294314
6,6,motorvehicle-horn,motorvehicle-horn,0.47049677,0.0030409168,0.005784298,0.005720677,0.0015576178,0.00078463164,0.50507796,0.007537149
1,1,community-radio,community-radio,0.00043408838,0.97950244,0.0008241168,0.010655054,0.0004780572,0.001966642,0.0040780487,0.0020614772
1,1,community-radio,community-radio,0.00049575476,0.98389727,0.00054744683,0.0061302227,0.00019375203,0.0045738476,0.002583857,0.0015777646
2,2,construction-site,construction-site,0.00023577079,0.0013152196,0.95269835,0.0017132851,0.0038877097,0.029775748,0.010170661,0.00020314036
6,6,motorvehicle-horn,motorvehicle-horn,0.0076437546,2.1199943e-05,0.00024463583,0.00033469003,6.6528686e-05,5.1804593e-05,0.99108183,0.00055547536
5,5,mobile-music,mobile-music,9.697264e-06,0.008827789,7.191748e-05,0.0001541405,2.1416594e-05,0.99048036,0.00039846695,3.6152585e-05
2,7,construction-site,motorvehicle-siren,0.0004621262,0.00015372704,0.29679182,0.00014576934,0.00013547204,1.375282e-05,0.00052707054,0.70177025
0,0,car-alarm,car-alarm,0.99978906,8.371792e-06,1.9134013e-06,3.4671846e-06,1.0593287e-07,2.4352782e-06,8.332886e-05,0.00011133621
7,6,motorvehicle-siren,motorvehicle-horn,0.19396625,0.0052344548,0.0037870167,0.023736782,0.0026478728,0.0011142406,0.75556654,0.01394687
4,4,generator,generator,1.5161793e-06,1.8556864e-05,1.3561752e-05,1.0621762e-05,0.9999138,1.062397e-05,2.2540313e-05,8.667204e-06
6,6,motorvehicle-horn,motorvehicle-horn,0.08996483,0.0044415435,0.009740006,0.009343657,0.0050949655,0.0033932244,0.8696394,0.008382332
5,5,mobile-music,mobile-music,6.999161e-05,0.003546441,3.6076299e-06,3.2704138e-05,1.0128198e-05,0.99620557,7.7040364e-05,5.4427503e-05
6,2,motorvehicle-horn,construction-site,0.034409907,0.10471916,0.37269416,0.089698575,0.02511314,0.017829308,0.34815687,0.007378807
5,5,mobile-music,mobile-music,8.9644045e-06,0.0009569635,8.065798e-06,0.00023194874,6.719791e-05,0.9986683,3.080502e-05,2.7862176e-05
2,2,construction-site,construction-site,3.1305142e-06,0.00024594992,0.9979843,0.00049779745,0.0009216805,2.0171361e-05,0.00030154423,2.526791e-05
3,3,crowd-noise,crowd-noise,1.5599071e-05,0.0007771463,0.00019819025,0.9975569,0.0003628893,0.0009988658,5.6649562e-05,3.3687662e-05
5,5,mobile-music,mobile-music,0.008428331,0.2549712,0.10733298,0.106467865,0.06674618,0.33290318,0.1185124,0.004637887
6,2,motorvehicle-horn,construction-site,0.00013009034,0.00033306584,0.9921814,0.00050747645,0.0002346835,0.0008929887,0.005587097,0.00013322716
3,3,crowd-noise,crowd-noise,1.684928e-06,4.896845e-05,4.55808e-05,0.99972266,8.676716e-05,6.648007e-05,1.7972718e-05,9.897187e-06
2,2,construction-site,construction-site,0.00018110842,0.00033378034,0.9663825,0.0010966506,0.0004539755,0.020028254,0.011418266,0.00010542354
6,6,motorvehicle-horn,motorvehicle-horn,0.15984811,0.0008575913,0.0013643475,0.0032719919,0.00045477168,0.00088311563,0.8307873,0.0025327709
0,0,car-alarm,car-alarm,0.9983814,3.7323239e-06,5.056942e-06,2.7602703e-06,2.2746683e-07,2.8158084e-07,2.3998839e-05,0.0015826272
2,5,construction-site,mobile-music,0.0033023246,0.025086729,0.3776573,0.009062316,0.14799874,0.41112736,0.018286629,0.007478505
1,2,community-radio,construction-site,0.0004082729,0.017319802,0.894584,0.058277793,0.018590199,0.0022151207,0.0073758704,0.0012289882
5,1,mobile-music,community-radio,0.00022489161,0.8378476,0.0005548634,0.093929164,0.0006719065,0.062325925,0.0012680109,0.0031776018
5,5,mobile-music,mobile-music,1.0455668e-05,0.0012359389,1.2491976e-05,0.00012578198,2.4486952e-05,0.9985328,3.5279405e-05,2.2829616e-05
4,4,generator,generator,9.6624935e-06,3.5125086e-05,5.2407097e-05,2.335481e-05,0.999703,3.4949524e-05,0.00013708787,4.468081e-06
2,5,construction-site,mobile-music,3.582259e-05,0.00094819086,0.0018448676,0.0001854437,8.337466e-05,0.9954651,0.0014171549,2.0111505e-05
2,2,construction-site,construction-site,3.7291838e-06,2.642488e-05,0.99943155,7.136289e-05,0.0002453707,8.736217e-06,0.0001775947,3.5166115e-05
1,1,community-radio,community-radio,0.001730271,0.8975544,8.20018e-05,0.089014344,0.00025216723,0.0092914365,0.0010628458,0.0010126069
1,1,community-radio,community-radio,6.1844426e-06,0.99797195,6.1926403e-06,0.00019581462,6.217462e-05,0.0017010956,1.2014447e-05,4.453185e-05
7,7,motorvehicle-siren,motorvehicle-siren,0.000113007416,0.00023203433,0.021369224,0.0018130294,0.00016517671,4.568175e-06,7.191935e-05,0.97623104
4,4,generator,generator,2.0974726e-06,1.4095193e-05,1.7244103e-05,1.106507e-05,0.999899,7.4341433e-06,4.7954818e-05,9.768358e-07
7,5,motorvehicle-siren,mobile-music,0.0029776667,0.33477768,0.002918055,0.020030957,0.0026088667,0.3712466,0.030733295,0.23470692
1,1,community-radio,community-radio,1.427032e-05,0.9819356,4.9119324e-05,0.0003105248,0.00010686851,0.017443351,4.4584824e-05,9.580298e-05
1,1,community-radio,community-radio,0.0020507497,0.88345736,0.00043037304,0.008323821,0.00065904495,0.10144576,0.0028180939,0.0008147453
0,0,car-alarm,car-alarm,0.9995908,8.8547295e-06,7.9896245e-06,7.064361e-06,3.3843733e-07,1.6620306e-06,8.193626e-05,0.00030126786
0,0,car-alarm,car-alarm,0.9997582,2.3992854e-06,1.2858895e-06,1.44483e-06,6.6664356e-08,3.0075861e-07,2.2024735e-05,0.00021419613
1,1,community-radio,community-radio,7.2928297e-06,0.99848676,2.1696142e-06,6.32027e-05,3.0271123e-05,0.0013463107,5.3525146e-06,5.8512614e-05
4,4,generator,generator,0.000110413464,7.825211e-05,0.00063607865,0.000103840146,0.998544,3.0404533e-05,0.00048740715,9.623066e-06
3,3,crowd-noise,crowd-noise,7.608942e-06,0.00025524513,0.00012869832,0.9989274,0.00041762012,0.00017833535,5.3417913e-05,3.166881e-05
7,7,motorvehicle-siren,motorvehicle-siren,0.004032893,0.00077128294,0.018533584,0.0006085782,0.0011992952,0.00042904133,0.0048097917,0.96961546
3,3,crowd-noise,crowd-noise,0.0016662946,0.37995312,0.15822339,0.40667725,0.024585076,0.0036668484,0.022179069,0.0030490365
4,5,generator,mobile-music,0.0012425164,0.24908118,0.02500809,0.060626447,0.1301104,0.5241062,0.007055152,0.0027700043
0,1,car-alarm,community-radio,0.006784346,0.6005115,0.0014519909,0.35480857,0.0033371644,0.016857233,0.010489063,0.0057601947
0,0,car-alarm,car-alarm,0.99974054,8.113625e-06,2.1557764e-06,3.3957006e-06,1.7397504e-07,9.374886e-07,4.44199e-05,0.00020029763
5,5,mobile-music,mobile-music,2.5519377e-05,0.11873235,0.00060099654,0.0023795478,0.008356269,0.8696541,6.438003e-05,0.00018684527
4,4,generator,generator,0.00013104032,0.002082018,0.00010796469,8.631963e-05,0.9849686,0.00031505048,0.0002312925,0.012077816
7,7,motorvehicle-siren,motorvehicle-siren,7.145765e-05,6.715717e-06,2.0122534e-06,9.1570837e-07,8.781959e-07,1.087389e-06,3.6708014e-05,0.9998802
1,1,community-radio,community-radio,7.432515e-06,0.9914445,1.7179958e-05,0.0011358742,0.00021965172,0.0070796036,3.1241543e-05,6.45235e-05
7,7,motorvehicle-siren,motorvehicle-siren,9.439898e-05,3.0112737e-05,4.3293334e-05,1.2054258e-05,4.290938e-05,3.2349735e-06,0.00015715639,0.99961686
2,6,construction-site,motorvehicle-horn,0.06345874,0.0056786384,0.028304303,0.044326097,0.051496465,0.003585933,0.79471105,0.008438805
5,5,mobile-music,mobile-music,1.771868e-06,0.00031260317,2.9589023e-06,2.1232841e-05,5.295333e-06,0.99964404,7.937455e-06,4.174683e-06
5,5,mobile-music,mobile-music,0.00010694091,0.0029319772,9.672277e-05,0.0021965809,0.00023034737,0.9940356,0.0002650248,0.0001367846
3,3,crowd-noise,crowd-noise,1.2878461e-05,0.0020581589,2.6354748e-05,0.99727446,4.6069606e-05,0.00045677405,9.526446e-05,3.0110756e-05
6,6,motorvehicle-horn,motorvehicle-horn,0.024966178,0.008431245,0.32124984,0.019622996,0.009151624,0.0005521625,0.6029226,0.013103333
6,6,motorvehicle-horn,motorvehicle-horn,0.11862332,0.00021629938,0.00042397002,0.0013920248,0.00019726931,0.00014864831,0.87784696,0.0011516209
7,7,motorvehicle-siren,motorvehicle-siren,1.936438e-05,4.843267e-05,0.00026257525,1.4893301e-05,8.768046e-06,3.2074718e-07,1.259181e-05,0.9996331
6,6,motorvehicle-horn,motorvehicle-horn,0.0903488,0.0046900837,0.008737092,0.01231751,0.0034119228,0.0021031778,0.8592507,0.01914066
4,4,generator,generator,1.6919024e-05,1.6131733e-05,5.2269905e-05,1.57331e-05,0.99972254,1.4376157e-05,0.00016075194,1.3039447e-06
2,2,construction-site,construction-site,0.00062427943,0.0015063045,0.9713879,0.016212014,0.0018501825,0.0028625762,0.0036200762,0.0019365541
4,4,generator,generator,0.00034403437,0.0019368405,9.4057716e-05,0.00018300512,0.9921504,0.0029531375,0.0005190857,0.0018194325
6,6,motorvehicle-horn,motorvehicle-horn,0.09664947,0.0035466598,0.0009273149,0.00472503,0.00038506047,0.0010474557,0.87207234,0.020646691
0,0,car-alarm,car-alarm,0.99948406,3.5626397e-06,2.3183866e-06,2.4453532e-06,1.1920524e-07,4.78433e-07,2.8104443e-05,0.0004788694
4,4,generator,generator,5.2107557e-06,1.580047e-05,1.2966125e-05,8.892394e-06,0.9999062,1.45856175e-05,2.8653307e-05,7.737289e-06
3,3,crowd-noise,crowd-noise,0.00016474194,0.0026699957,0.008871741,0.98266995,0.002235044,0.0014816697,0.00057259644,0.0013342621
6,2,motorvehicle-horn,construction-site,0.063335024,0.007023137,0.4283829,0.07520766,0.07372252,0.009165472,0.33544615,0.0077170935
3,3,crowd-noise,crowd-noise,5.9411946e-07,5.848014e-05,5.1522828e-05,0.99967957,0.00014234988,4.665085e-05,9.597494e-06,1.1340266e-05
4,4,generator,generator,0.00055039267,0.0024607917,0.014262948,0.0023412388,0.93844557,0.0088671455,0.032482006,0.0005899423
0,0,car-alarm,car-alarm,0.9948743,0.00027341527,8.7049484e-05,0.00091967743,0.000120607765,0.000103874554,0.0014380744,0.0021829063
1,0,community-radio,car-alarm,0.88625264,0.039050713,0.002739501,0.014941806,0.0014432714,0.011508656,0.035856914,0.008206492
2,2,construction-site,construction-site,3.3312497e-06,1.0697374e-05,0.9990225,2.4541005e-05,5.1580055e-06,1.2958724e-06,5.6381577e-06,0.0009269458
2,2,construction-site,construction-site,1.6696891e-06,0.000106741245,0.9989015,0.00039000518,0.0004775187,1.3165765e-05,9.174813e-05,1.7758763e-05
3,3,crowd-noise,crowd-noise,0.076531455,0.018495029,0.0494959,0.80548525,0.012157136,0.023718312,0.0028263007,0.011290528
3,6,crowd-noise,motorvehicle-horn,0.18458585,0.14171807,0.022187524,0.21879254,0.0126302745,0.023434626,0.36262098,0.034030065
1,6,community-radio,motorvehicle-horn,0.018694341,0.014556156,0.006920466,0.038076162,0.0032792636,0.0030270698,0.899238,0.016208597
4,4,generator,generator,3.6093152e-06,3.353423e-05,3.964384e-05,1.0010064e-05,0.9992854,0.0003780909,0.00023187726,1.7906666e-05
0,0,car-alarm,car-alarm,0.999741,8.028023e-06,2.737881e-06,4.3402047e-06,1.515633e-07,2.8662391e-06,9.764916e-05,0.0001433127
4,4,generator,generator,4.9594737e-06,3.951966e-05,4.67006e-05,1.6886532e-05,0.99980026,2.8171198e-05,6.176808e-05,1.7243493e-06
0,0,car-alarm,car-alarm,0.85016763,2.8083983e-05,3.777344e-05,3.727058e-05,5.264419e-06,2.829668e-06,0.00027581045,0.14944538
6,6,motorvehicle-horn,motorvehicle-horn,0.08778231,0.008971347,0.043758363,0.038976815,0.05660624,0.005941721,0.7034918,0.054471415
6,5,motorvehicle-horn,mobile-music,0.0068296217,0.08427929,0.041055057,0.21914588,0.008890566,0.61789995,0.02076184,0.0011378123
3,3,crowd-noise,crowd-noise,0.00018475277,0.0067866454,0.037155382,0.95024985,0.0016885943,0.0020576392,0.0014488978,0.00042835035
1,1,community-radio,community-radio,0.0007193636,0.8706966,0.0016105775,0.042263668,0.0026767638,0.003943622,0.008819954,0.0692695
0,0,car-alarm,car-alarm,0.9697762,0.0068965345,0.00038638778,0.0030596445,0.0002569373,0.001281043,0.015491616,0.0028516385
4,4,generator,generator,2.0614618e-06,8.153395e-06,1.9063926e-05,8.373975e-06,0.99990773,5.423553e-06,4.8655915e-05,5.5688014e-07
7,7,motorvehicle-siren,motorvehicle-siren,0.00060880324,0.00015360006,4.167559e-05,9.450007e-06,8.285245e-06,6.376547e-06,0.00016404841,0.9990079
3,3,crowd-noise,crowd-noise,0.0028499574,0.04532811,0.0105748745,0.9152813,0.004745336,0.004501588,0.0008747141,0.01584417
0,0,car-alarm,car-alarm,0.9993631,1.4633412e-05,2.1211434e-05,1.7376231e-05,1.9849267e-06,4.854274e-06,0.000125503,0.00045116703
3,3,crowd-noise,crowd-noise,7.3989377e-06,0.00018558466,0.0010006164,0.99822074,0.0002582849,0.00020640103,7.1707334e-05,4.9257647e-05
3,3,crowd-noise,crowd-noise,4.4100216e-06,0.00013961145,7.3597155e-05,0.9993981,0.00021011976,0.00011237016,4.011453e-05,2.1700698e-05
2,2,construction-site,construction-site,5.77672e-05,0.0014819441,0.97282535,0.02183753,0.0015144313,0.00020245025,0.0014837252,0.00059673097
1,1,community-radio,community-radio,6.613342e-05,0.9928134,4.8425463e-05,0.005118213,0.0001393936,0.00071846216,0.00071070023,0.00038516356
4,4,generator,generator,1.4079336e-06,1.7658038e-05,3.141207e-05,1.111304e-05,0.9999039,7.427179e-06,2.644057e-05,6.621559e-07
1,1,community-radio,community-radio,1.0817784e-05,0.9971596,1.2744119e-05,0.00012455118,0.00013487758,0.0025048226,1.3750442e-05,3.8783037e-05
1,1,community-radio,community-radio,0.00031590927,0.9805855,0.00012332501,0.0031007808,9.346831e-05,0.013119212,0.0022642752,0.0003975651
1,3,community-radio,crowd-noise,0.0031632057,0.24416083,0.00040812968,0.6573532,0.07824239,0.008640481,0.0020434586,0.005988292
3,3,crowd-noise,crowd-noise,3.3322958e-06,9.84835e-05,0.00015482123,0.99940765,0.0001851943,9.09754e-05,3.765968e-05,2.1876385e-05
6,6,motorvehicle-horn,motorvehicle-horn,0.03189329,0.0895494,0.01184009,0.012860155,0.03011947,0.07202843,0.73295087,0.01875822
2,2,construction-site,construction-site,0.0009886657,0.0038966315,0.8498131,0.02281729,0.06337943,0.002102813,0.054927424,0.0020747024
3,3,crowd-noise,crowd-noise,0.00036468264,0.016814273,0.0005489642,0.9782351,0.00080662227,0.00119758,0.001450687,0.00058198866
6,6,motorvehicle-horn,motorvehicle-horn,0.028034147,0.0037579963,0.0010519016,0.012205345,0.005231347,0.0021080035,0.63735473,0.31025654
5,1,mobile-music,community-radio,0.0016477392,0.8349819,0.008427608,0.11658158,0.001068045,0.010495756,0.011823924,0.014973513
2,2,construction-site,construction-site,4.7980916e-07,3.1996021e-06,0.9999044,5.6492114e-05,1.00287e-05,1.2153564e-06,4.731073e-06,1.9408852e-05
7,7,motorvehicle-siren,motorvehicle-siren,1.109006e-05,1.054769e-05,6.5217423e-06,1.3093037e-06,3.1456673e-06,3.4851107e-07,6.525724e-06,0.99996054
6,6,motorvehicle-horn,motorvehicle-horn,0.07200024,0.037411265,0.24963939,0.028556123,0.15581548,0.013778287,0.44045195,0.00234734
2,2,construction-site,construction-site,0.000187009,0.00020876992,0.98042136,0.0017771083,0.000883182,0.0064154854,0.0099362945,0.00017070647
0,0,car-alarm,car-alarm,0.63018376,0.0023026038,0.0050829346,0.006854022,0.0028728112,0.00094241183,0.34272578,0.009035635
6,6,motorvehicle-horn,motorvehicle-horn,0.2777659,0.0038104118,0.01053292,0.016145932,0.0018366191,0.0012359485,0.67952293,0.009149348
4,6,generator,motorvehicle-horn,0.05169613,0.024431052,0.16290405,0.14215259,0.10717656,0.018691318,0.47528368,0.01766459
4,4,generator,generator,3.0935175e-07,6.959548e-06,5.473104e-06,2.4400367e-06,0.99997497,3.286138e-06,6.3156067e-06,1.853216e-07
7,7,motorvehicle-siren,motorvehicle-siren,1.2937192e-05,1.7929184e-05,2.3876096e-06,1.4431247e-06,6.601706e-06,1.5627801e-06,5.569414e-06,0.9999515
3,3,crowd-noise,crowd-noise,0.00032171467,0.0036562847,0.010816929,0.96933293,0.0084311,0.004837521,0.0014151181,0.001188419
1,1,community-radio,community-radio,2.4823821e-05,0.9980654,2.8005916e-05,0.00051614083,8.177015e-06,0.0011620076,0.0001422327,5.3124004e-05
0,0,car-alarm,car-alarm,0.9995747,1.2751213e-05,5.3889767e-06,5.8877936e-06,4.4447188e-07,2.2873005e-06,9.09605e-05,0.0003075048
2,2,construction-site,construction-site,0.0002442443,0.0027719059,0.98493516,0.0062904325,0.0026309395,0.0012333706,0.00096730207,0.0009266075
1,1,community-radio,community-radio,0.23863854,0.6692443,0.0020669973,0.012727463,0.0027412374,0.04156985,0.011616045,0.021395601
5,5,mobile-music,mobile-music,2.9712971e-06,0.00020560955,9.816261e-06,1.9239145e-05,3.6017145e-06,0.99973005,2.5712825e-05,3.0002782e-06
3,3,crowd-noise,crowd-noise,5.3085915e-07,5.4557255e-05,0.00025285766,0.99954283,8.440642e-05,3.685081e-05,1.5760723e-05,1.2273211e-05
3,3,crowd-noise,crowd-noise,0.00022048265,0.0055112443,0.00036670425,0.9859401,0.0017079884,0.005171248,0.00059835543,0.00048384242
5,5,mobile-music,mobile-music,0.00038025205,0.015680028,0.0021363453,0.004435647,0.0027821783,0.9710183,0.0030684303,0.0004987988
1,1,community-radio,community-radio,0.0007704944,0.98369664,0.00016132198,0.004966362,0.00014044691,0.002861728,0.004922223,0.0024807525
7,7,motorvehicle-siren,motorvehicle-siren,7.198691e-06,1.9627878e-05,3.15528e-05,3.876161e-06,4.5770626e-06,1.5890564e-07,4.027174e-06,0.99992895
1,1,community-radio,community-radio,0.0009870605,0.9574363,0.00047492178,0.0026528968,0.00013242428,0.03481454,0.0013777192,0.0021241773
0,6,car-alarm,motorvehicle-horn,0.18070038,0.059884205,0.003524529,0.08774477,0.0029729058,0.003989684,0.6053096,0.055873893
3,3,crowd-noise,crowd-noise,1.6001292e-06,8.16399e-05,5.6345954e-05,0.99966276,0.000101036654,6.838777e-05,1.7716215e-05,1.0436023e-05
7,7,motorvehicle-siren,motorvehicle-siren,0.0003498317,0.00035412508,0.0022644764,0.00011808437,4.3480017e-05,1.1823327e-05,0.00019427459,0.99666387
5,5,mobile-music,mobile-music,5.239281e-06,0.0017671012,1.4663621e-05,3.4816185e-05,1.97785e-05,0.9981177,2.803178e-05,1.2736245e-05
0,0,car-alarm,car-alarm,0.9993692,2.9546236e-06,2.1568198e-06,1.9306449e-06,1.0704689e-07,2.7432998e-07,2.0526315e-05,0.0006029033
3,3,crowd-noise,crowd-noise,0.008829901,0.335921,0.047300354,0.5351478,0.01056861,0.009773505,0.025651144,0.026807752
7,7,motorvehicle-siren,motorvehicle-siren,2.9923902e-05,4.0044666e-05,3.35136e-05,2.0451907e-06,3.041916e-06,3.443855e-07,1.123095e-05,0.99987984
5,5,mobile-music,mobile-music,8.080625e-07,0.00044191908,6.20077e-06,1.6642744e-05,7.635673e-06,0.99951184,1.1180819e-05,3.7560499e-06
3,3,crowd-noise,crowd-noise,1.8080405e-05,0.00081604585,0.0037712567,0.9936848,0.0010873547,0.00032346495,0.00015318592,0.000145753
2,2,construction-site,construction-site,1.4197806e-05,0.00020226385,0.9960245,0.0024044719,0.0007726767,5.291077e-05,0.00042758806,0.00010136719
1,1,community-radio,community-radio,2.9051782e-05,0.98728925,0.000110732915,0.001299534,0.00074699085,0.0100887045,0.00034418263,9.150267e-05
4,4,generator,generator,3.2766437e-07,6.0503994e-06,7.1783566e-06,2.7870178e-06,0.99997175,3.623393e-06,8.130987e-06,2.1334506e-07
1,1,community-radio,community-radio,0.0008436979,0.94397867,0.0020938197,0.006482174,0.01693573,0.023884045,0.004038781,0.0017430477
0,7,car-alarm,motorvehicle-siren,0.00048233455,0.02321791,0.0010462271,0.107972465,0.0014498727,0.0016351345,0.00025699128,0.86393917
1,1,community-radio,community-radio,4.15009e-06,0.999006,3.7451427e-05,0.00022009686,2.0990306e-05,0.0006531394,3.1039413e-05,2.7214166e-05
0,0,car-alarm,car-alarm,0.99942374,7.5536736e-06,5.77662e-06,6.8527734e-06,3.866059e-07,1.3673836e-06,8.3823885e-05,0.00047051013
3,3,crowd-noise,crowd-noise,0.00040517922,0.025003057,0.045521673,0.91894853,0.0014550711,0.006152917,0.0017175464,0.0007959312
5,3,mobile-music,crowd-noise,0.0031766586,0.28995207,0.019552605,0.60865843,0.03400301,0.0019900617,0.032598104,0.010069051
1,1,community-radio,community-radio,0.00043017088,0.96896464,0.0005318222,0.009997196,0.002523834,0.009531638,0.0036544772,0.0043661413
5,5,mobile-music,mobile-music,2.4982737e-06,0.0002323625,3.823892e-06,1.1187884e-05,2.3859236e-06,0.9997248,1.9817924e-05,3.0850888e-06
1,1,community-radio,community-radio,0.00022998893,0.97615165,0.0001263757,0.019421605,0.0012587641,0.0008252181,0.0007509939,0.0012353812
6,6,motorvehicle-horn,motorvehicle-horn,0.00088249095,1.7055883e-05,0.00046924534,4.3987013e-05,0.00012313189,0.00018608823,0.99817634,0.00010162156
7,7,motorvehicle-siren,motorvehicle-siren,0.00011575705,3.2640935e-05,6.879094e-06,4.0313075e-06,2.3342304e-06,3.084543e-07,1.2234634e-05,0.9998259
3,3,crowd-noise,crowd-noise,0.0012842539,0.42143086,0.004976189,0.521019,0.0007302345,0.038786463,0.0071002697,0.0046726875
4,4,generator,generator,1.2974149e-06,2.4112176e-05,3.3483942e-05,1.2125947e-05,0.9998977,1.0411752e-05,1.9983558e-05,7.588401e-07
1,1,community-radio,community-radio,6.449807e-05,0.9945682,3.6720776e-05,0.004094452,4.0120998e-05,0.00040604564,0.0005457835,0.00024417785
6,6,motorvehicle-horn,motorvehicle-horn,0.3351181,0.004223253,0.0028609582,0.0038952339,0.00056626095,0.0008750725,0.6458922,0.006568934
3,3,crowd-noise,crowd-noise,9.167804e-06,0.0010235689,0.00036340233,0.9977449,0.00047107638,0.00022772964,0.00011220482,4.803265e-05
0,0,car-alarm,car-alarm,0.9991115,2.6701039e-06,2.525565e-06,1.8653631e-06,1.0300251e-07,2.5991417e-07,2.1596688e-05,0.00085945934
5,5,mobile-music,mobile-music,2.9193475e-06,0.0001913611,4.3613163e-06,2.4499852e-05,6.6941443e-06,0.9997489,1.1016136e-05,1.01584465e-05
5,5,mobile-music,mobile-music,0.0001928059,0.0036116717,0.0002015379,0.0012834368,0.00023544804,0.993768,0.0005165317,0.00019063962
7,7,motorvehicle-siren,motorvehicle-siren,3.6610858e-05,2.9514935e-05,1.5532318e-05,5.087373e-06,2.3000091e-05,2.8346865e-06,1.87107e-05,0.99986875
4,4,generator,generator,3.4473723e-07,1.0184108e-05,5.3189715e-06,3.0133695e-06,0.99996877,4.6262644e-06,7.488344e-06,2.6514326e-07
3,3,crowd-noise,crowd-noise,0.0028456827,0.02576993,0.21659273,0.6867677,0.03200468,0.006105216,0.017053608,0.012860461
0,0,car-alarm,car-alarm,0.999408,4.512138e-06,4.5580646e-06,2.952772e-06,1.4359235e-07,7.240746e-07,4.1138785e-05,0.0005379668
3,6,crowd-noise,motorvehicle-horn,0.023131324,0.11478109,0.0039328155,0.35534742,0.019689187,0.0046823733,0.40528366,0.0731521
6,0,motorvehicle-horn,car-alarm,0.5790626,0.002299741,0.002019336,0.0036832984,0.00080165535,0.00035136504,0.40708116,0.004700865
3,3,crowd-noise,crowd-noise,7.983421e-06,0.00024045332,8.029498e-05,0.99917287,0.00021765927,0.00020356936,5.0880015e-05,2.6196958e-05
5,5,mobile-music,mobile-music,5.262871e-05,0.025969187,9.7436045e-05,0.012131456,0.0009871852,0.9603785,0.00011462436,0.00026891826
2,2,construction-site,construction-site,5.82049e-05,0.00010466776,0.99545383,0.0015513849,0.0006560788,4.4603978e-05,0.002026417,0.00010492171
1,1,community-radio,community-radio,4.615628e-05,0.9969578,3.719047e-05,0.0006214885,1.8590546e-05,0.002059938,8.0270154e-05,0.00017864318
1,6,community-radio,motorvehicle-horn,0.13185178,0.05402051,0.02173217,0.2579641,0.017815059,0.009041829,0.48413584,0.023438657
4,4,generator,generator,3.1274303e-07,0.00036092568,4.4188396e-06,5.3565578e-05,0.9995503,2.5277795e-05,3.4089567e-06,1.710173e-06
2,2,construction-site,construction-site,0.0002133444,0.0004902022,0.9730718,0.0011420266,0.00054157997,0.012832977,0.01148469,0.00022336542
0,0,car-alarm,car-alarm,0.99914443,4.0081253e-05,1.37380575e-05,2.2069038e-05,8.36706e-07,1.719683e-05,0.00015599695,0.00060569076
2,2,construction-site,construction-site,5.6810764e-05,0.0001864415,0.99538606,0.0007514685,0.00024522468,0.000657421,0.002664816,5.1807554e-05
2,2,construction-site,construction-site,9.540144e-05,0.0007427084,0.982209,0.011521722,0.0027886822,0.0005216216,0.0007936485,0.0013271978
5,5,mobile-music,mobile-music,7.8764235e-05,0.095628366,1.6217271e-05,7.2530995e-05,1.0464348e-05,0.9034716,0.00035495884,0.00036714156
5,5,mobile-music,mobile-music,0.0002922859,0.0126601765,0.0022897753,0.001235835,9.839728e-05,0.98167187,0.0016675701,8.405449e-05
2,3,construction-site,crowd-noise,0.0009879889,0.11260134,0.2495611,0.61103755,0.008253489,0.0022293334,0.0074642664,0.007864935
4,4,generator,generator,3.8783288e-05,0.030863741,0.049308762,0.008123085,0.9008773,0.01001658,0.00037197833,0.0003997893
6,6,motorvehicle-horn,motorvehicle-horn,0.39290702,0.013176723,0.020498719,0.018517004,0.023231123,0.011385839,0.510144,0.0101395575
5,5,mobile-music,mobile-music,2.4564517e-06,0.00016589656,2.9893092e-06,1.949451e-05,3.7658392e-06,0.9997924,7.4746386e-06,5.57137e-06
6,6,motorvehicle-horn,motorvehicle-horn,0.12263585,0.0010342773,0.006673432,0.003095803,0.0028807994,0.00061671,0.85951495,0.0035481376
4,4,generator,generator,8.19413e-06,0.00010993989,0.00018676203,4.8958118e-05,0.99948126,6.9301524e-05,9.167522e-05,3.904925e-06
0,0,car-alarm,car-alarm,0.999154,6.231029e-06,3.8608546e-06,2.7233632e-06,2.0699936e-07,5.762878e-07,2.2799812e-05,0.00080957444
0,0,car-alarm,car-alarm,0.9998068,4.948663e-06,1.1253184e-06,1.9981826e-06,7.3219475e-08,1.1570584e-06,5.7344787e-05,0.00012649992
5,5,mobile-music,mobile-music,0.0032255908,0.008692821,0.0860675,0.010327631,0.0011530522,0.8685569,0.020715756,0.0012607514
3,3,crowd-noise,crowd-noise,0.00029837678,0.0012260051,0.00052904204,0.9947273,0.00032182323,0.0017169415,0.0009971791,0.00018336288
2,2,construction-site,construction-site,2.8763343e-05,0.0007657464,0.99502724,0.0018280592,0.0011878972,0.00042343495,0.00063672353,0.0001021848
0,0,car-alarm,car-alarm,0.99971133,1.326534e-05,5.4847483e-06,4.6744144e-06,4.3869548e-07,1.4944344e-06,7.191378e-05,0.00019143698
0,6,car-alarm,motorvehicle-horn,0.3150141,0.052461907,0.0038585805,0.12826322,0.006901882,0.0062827882,0.34983093,0.13738659
4,6,generator,motorvehicle-horn,0.007663301,0.00028692427,0.0015450391,0.0035126829,0.075818665,0.00054429605,0.90719825,0.0034308766
2,4,construction-site,generator,0.0004697778,0.0027382018,0.046940736,0.021294845,0.9099493,0.0014494316,0.015877213,0.0012804086
1,1,community-radio,community-radio,0.00014187457,0.9831049,8.816471e-05,0.012471641,0.00021179322,0.0003174803,0.0028987217,0.0007654873
3,3,crowd-noise,crowd-noise,2.5348997e-06,8.611092e-05,6.6549874e-05,0.9996019,0.00011239328,8.692704e-05,3.0973868e-05,1.2613136e-05
3,3,crowd-noise,crowd-noise,2.3093478e-05,0.0028817668,0.00050306355,0.9939229,0.0011482785,0.0010500776,0.00032126412,0.00014962812
4,2,generator,construction-site,0.0013204841,0.0058914255,0.9100052,0.04806718,0.014514823,0.0063592005,0.007889183,0.0059525124
1,1,community-radio,community-radio,7.5368036e-05,0.99634224,4.357901e-05,0.0022529385,3.3168308e-05,0.0005826635,0.00029263465,0.00037729112
4,4,generator,generator,2.512513e-07,4.8775296e-06,5.215224e-06,2.2117297e-06,0.99997854,2.4789788e-06,6.220846e-06,1.5293861e-07
5,5,mobile-music,mobile-music,6.1304318e-06,0.00019337302,1.14285e-06,9.6229605e-06,1.7696489e-06,0.99971634,6.539725e-05,6.0722855e-06
3,3,crowd-noise,crowd-noise,0.000114547394,0.009247068,0.00020284453,0.98901445,0.0003129693,0.000488856,0.00043687221,0.00018233989
7,7,motorvehicle-siren,motorvehicle-siren,1.704857e-05,5.702985e-06,8.987586e-07,1.4021331e-06,2.959697e-06,5.1715614e-07,1.0311853e-05,0.99996114
6,6,motorvehicle-horn,motorvehicle-horn,0.021942846,0.00027096138,0.0010756603,0.0015688789,0.0010062676,0.00019690389,0.9711949,0.0027434884
7,7,motorvehicle-siren,motorvehicle-siren,0.00013426205,4.162702e-06,2.9035054e-06,7.0165925e-07,3.4528762e-07,8.2275584e-08,9.04551e-06,0.99984837
6,6,motorvehicle-horn,motorvehicle-horn,0.21988426,0.0015151454,0.0028383047,0.007891225,0.0015321906,0.0007891218,0.7601561,0.0053936094
2,2,construction-site,construction-site,6.7123487e-06,2.8726385e-05,0.9998135,6.819071e-05,2.8577191e-05,6.503102e-06,1.597989e-05,3.1803243e-05
3,2,crowd-noise,construction-site,0.0024856464,0.04067986,0.56381553,0.18090916,0.1657656,0.023696901,0.008269669,0.014377699
6,0,motorvehicle-horn,car-alarm,0.67788637,0.006988257,0.0027489557,0.009663823,0.001951207,0.0013445127,0.2876905,0.011726355
6,3,motorvehicle-horn,crowd-noise,0.021998344,0.1997759,0.032774664,0.33983973,0.012034233,0.0033169326,0.32709703,0.063163124
1,1,community-radio,community-radio,0.00010895956,0.9946983,8.8517634e-05,0.0014971416,0.00020155485,0.002648137,0.00048485,0.00027256482
4,4,generator,generator,3.988702e-06,3.066326e-05,0.00014186974,2.4362098e-05,0.999554,2.90374e-05,0.00020383568,1.2391761e-05
5,5,mobile-music,mobile-music,0.00024098445,0.12844649,0.0029819736,0.10567297,0.009436872,0.750789,0.00088237185,0.0015493338
2,2,construction-site,construction-site,0.00012789201,0.002621351,0.93026215,0.0026890687,0.0032405409,0.056902565,0.0038073563,0.0003490258
0,0,car-alarm,car-alarm,0.9995499,3.5123305e-06,3.3045264e-06,2.6019186e-06,1.6881708e-07,4.8316866e-07,3.658027e-05,0.0004034376
3,3,crowd-noise,crowd-noise,0.001662684,0.0640472,0.012742826,0.8754697,0.029675948,0.009459568,0.001917054,0.0050250744
4,4,generator,generator,3.779978e-06,6.11603e-05,1.7187716e-05,1.6320435e-05,0.99943537,5.832168e-05,6.36262e-05,0.00034422232
2,2,construction-site,construction-site,0.0001440883,0.00025684605,0.9980896,0.00016292921,9.3966824e-05,6.78051e-05,6.959978e-05,0.0011151348
2,2,construction-site,construction-site,2.1331721e-07,1.7848231e-06,0.99995184,1.8190842e-05,2.4455155e-06,4.299783e-07,1.6352378e-06,2.3425879e-05
3,3,crowd-noise,crowd-noise,1.2104911e-06,4.5176967e-05,2.9746801e-05,0.99977845,6.819008e-05,5.550305e-05,1.3529456e-05,8.2609795e-06
2,2,construction-site,construction-site,2.076601e-06,1.073602e-05,0.9997938,0.00012264797,1.791639e-05,7.171031e-06,1.1572856e-05,3.4083354e-05
0,6,car-alarm,motorvehicle-horn,0.4076268,0.00470059,0.0036605054,0.0072616865,0.0017962479,0.0038063868,0.56450105,0.00664672
6,6,motorvehicle-horn,motorvehicle-horn,0.05894485,0.033036407,0.004584903,0.036856227,0.0036790571,0.0019650543,0.851373,0.009560471
0,0,car-alarm,car-alarm,0.92791575,0.014755621,0.0006788449,0.0046726125,0.0007289718,0.012396327,0.03376229,0.0050895605
4,4,generator,generator,5.570721e-05,7.134267e-05,0.0006169885,0.00018066133,0.99801034,2.2211374e-05,0.0010282617,1.45313725e-05
6,6,motorvehicle-horn,motorvehicle-horn,0.20280331,0.009671444,0.062241167,0.05456781,0.041500583,0.0046065,0.59615105,0.028458156
3,3,crowd-noise,crowd-noise,8.637216e-06,0.00012761139,0.00067633466,0.9985442,0.00019023182,0.0003289878,7.521013e-05,4.875169e-05
0,0,car-alarm,car-alarm,0.99925166,3.0474214e-06,2.594151e-06,1.8301442e-06,8.044651e-08,4.685037e-07,1.46594775e-05,0.00072553667
7,7,motorvehicle-siren,motorvehicle-siren,1.18798525e-05,5.2393902e-06,8.2165394e-07,7.725898e-07,2.442564e-06,3.9751083e-07,4.112064e-06,0.99997437
1,3,community-radio,crowd-noise,0.0074108453,0.23480763,0.0050400496,0.6632876,0.0067657293,0.026526101,0.047846213,0.008315865
4,7,generator,motorvehicle-siren,0.043191385,0.0046579563,0.0074984403,0.0030301407,0.002646849,0.00015754523,0.09671927,0.8420984
5,5,mobile-music,mobile-music,2.545642e-06,0.0002904651,1.1564261e-05,2.4909104e-05,7.175142e-06,0.99964595,1.2922007e-05,4.5191036e-06
6,6,motorvehicle-horn,motorvehicle-horn,0.010804264,0.00017882006,0.0005893456,0.001967779,0.0014905048,0.0005767334,0.98382807,0.0005645041
4,4,generator,generator,1.1471578e-06,0.00019490157,0.00080441614,0.00024514773,0.99867296,4.1753337e-05,2.5937083e-05,1.3640836e-05
0,0,car-alarm,car-alarm,0.9998004,3.7181994e-06,1.1564023e-06,1.9643828e-06,6.563797e-08,8.984787e-07,6.696548e-05,0.00012472358
6,6,motorvehicle-horn,motorvehicle-horn,0.011494798,0.0005867086,0.0017131118,0.003023816,0.002265049,0.00036833755,0.9779056,0.0026426034
4,4,generator,generator,0.00032481021,0.003087116,0.009401749,0.0014205507,0.937269,0.022310367,0.02590506,0.0002814123
3,3,crowd-noise,crowd-noise,1.6527487e-06,6.939356e-05,7.898863e-05,0.99961805,0.00012580058,6.88232e-05,2.2926251e-05,1.4254414e-05
2,2,construction-site,construction-site,0.00026590028,0.0012046904,0.9880634,0.0018263195,0.00062271376,0.00089433737,0.0069442173,0.00017839616
7,7,motorvehicle-siren,motorvehicle-siren,0.00044784343,6.287314e-05,1.7477449e-05,7.560583e-06,8.410472e-06,7.684246e-06,0.00021154888,0.9992367
1,5,community-radio,mobile-music,0.00016375176,0.027299728,0.00016546065,0.002296854,0.0002592107,0.9684889,0.00037663747,0.0009495056
4,4,generator,generator,1.9633965e-06,3.2569194e-05,0.00043490017,3.4770288e-05,0.99941087,1.9137624e-05,5.336803e-05,1.2564137e-05
1,1,community-radio,community-radio,5.4507866e-05,0.9979876,3.7443773e-05,0.0006481787,7.24634e-05,0.0008508464,0.00017697892,0.00017182087
2,6,construction-site,motorvehicle-horn,0.16641232,0.03891694,0.038396448,0.088451594,0.057293504,0.012284994,0.5640072,0.03423699
7,7,motorvehicle-siren,motorvehicle-siren,0.000121886405,2.9886558e-05,3.3736804e-05,1.0393951e-05,6.742182e-06,8.211427e-07,2.8730032e-05,0.99976784
3,3,crowd-noise,crowd-noise,9.112702e-07,6.605713e-05,0.00011951788,0.99958223,0.0001556941,4.007725e-05,1.8728846e-05,1.6812797e-05
0,0,car-alarm,car-alarm,0.99874914,9.169428e-06,1.9072606e-05,1.4075506e-05,1.0153452e-06,6.689191e-06,0.00044004282,0.00076080015
6,6,motorvehicle-horn,motorvehicle-horn,0.4200479,0.0036624314,0.009148476,0.0073959157,0.0035419285,0.0016848468,0.544517,0.010001464
5,5,mobile-music,mobile-music,0.00047521797,0.091292925,6.625931e-05,0.11469232,0.00015307861,0.7878926,0.0012072092,0.0042203628
0,0,car-alarm,car-alarm,0.99970704,2.3937646e-06,1.5368015e-06,2.8934955e-06,2.0356312e-07,1.0053411e-06,9.5496376e-05,0.00018942323
1,2,community-radio,construction-site,0.016181067,0.023499075,0.33259165,0.22406542,0.06505532,0.0038214969,0.31443903,0.020346874
1,1,community-radio,community-radio,0.03250414,0.8483517,0.043250274,0.021101734,0.0054132934,0.012002183,0.0339154,0.0034612454
1,1,community-radio,community-radio,0.0001530173,0.9166442,2.4371277e-05,0.00034314726,3.3608474e-05,0.08213449,0.00031330128,0.00035385424
5,5,mobile-music,mobile-music,1.5958803e-06,0.00042177818,3.9687134e-06,9.134333e-06,2.799573e-06,0.9995503,6.4264805e-06,4.0111245e-06
6,6,motorvehicle-horn,motorvehicle-horn,0.13593549,0.017079532,0.036124725,0.11451425,0.017844656,0.011104742,0.6496901,0.01770651
4,4,generator,generator,8.585419e-05,5.9492264e-05,0.0003989656,0.00014137587,0.9978847,4.9809245e-05,0.001363739,1.6018877e-05
6,1,motorvehicle-horn,community-radio,0.0026408106,0.7513347,0.003256065,0.1977875,0.0017762717,0.0054021776,0.020959808,0.016842691
2,4,construction-site,generator,0.00029060786,0.010066628,0.37430596,0.07974823,0.49693713,0.00078704447,0.018991463,0.018872924
1,1,community-radio,community-radio,5.3143656e-05,0.9966376,6.0675062e-05,0.0015121226,3.6776164e-05,0.001039501,0.00042629518,0.0002339028
2,2,construction-site,construction-site,1.7212147e-05,0.00030504898,0.9974523,0.0009043915,0.0007279837,0.00013113237,0.00039523828,6.669917e-05
6,6,motorvehicle-horn,motorvehicle-horn,0.17237566,0.004804031,0.017383,0.01594955,0.003982757,0.00271428,0.7775761,0.0052147536
1,1,community-radio,community-radio,0.0001735955,0.88354474,5.9144622e-05,0.0013883032,0.00013606942,0.113894284,0.00036624455,0.00043766652
7,7,motorvehicle-siren,motorvehicle-siren,2.2462953e-05,4.5650095e-06,5.5874324e-07,9.3147025e-07,2.5741954e-06,4.7384933e-07,1.0707072e-05,0.9999577
1,1,community-radio,community-radio,6.209471e-05,0.99674535,7.4979194e-05,0.0018696998,5.2202588e-05,0.00050242874,0.00045959925,0.00023364271
4,0,generator,car-alarm,0.54467654,0.3505392,0.00061629206,0.026327195,0.007976044,0.02118047,0.013062977,0.03562121
7,7,motorvehicle-siren,motorvehicle-siren,2.3851169e-06,2.7439228e-06,2.3056182e-06,7.9755296e-07,7.308009e-07,1.4011239e-07,2.3967868e-06,0.99998844
4,4,generator,generator,1.0021543e-05,2.6800428e-05,5.6430377e-05,2.5731943e-05,0.99969983,1.9560845e-05,0.00015917822,2.4506207e-06
1,3,community-radio,crowd-noise,0.0028035203,0.3124271,0.0026575746,0.642208,0.0022182635,0.026393333,0.009372554,0.0019196692
1,1,community-radio,community-radio,0.0038172766,0.90635985,0.001533607,0.03257408,0.0014480432,0.0030664871,0.020606205,0.030594476
2,2,construction-site,construction-site,0.0008313149,0.023715954,0.88552356,0.057811026,0.0066261855,0.01356773,0.006758902,0.0051654223
7,7,motorvehicle-siren,motorvehicle-siren,6.283561e-05,0.00013491964,2.450269e-05,2.928924e-05,3.561596e-05,5.0625003e-06,4.217465e-05,0.9996655
6,0,motorvehicle-horn,car-alarm,0.6009933,0.001611823,0.004795586,0.005373023,0.008652454,0.0007421641,0.3717675,0.006064138
0,0,car-alarm,car-alarm,0.99978954,4.5902148e-06,1.6389953e-06,2.8903887e-06,2.5353066e-07,2.0641494e-06,5.473866e-05,0.00014426696
5,5,mobile-music,mobile-music,8.2651495e-06,0.0006883925,6.7278525e-05,3.247063e-05,8.176727e-05,0.998779,0.000329181,1.3630243e-05
4,4,generator,generator,4.174427e-07,9.347107e-06,3.5198558e-05,9.704478e-06,0.9999187,1.1671801e-05,1.0901271e-05,3.9094894e-06
2,2,construction-site,construction-site,0.0029641846,0.00464598,0.6158447,0.004996798,0.0058070077,0.3002322,0.06396456,0.0015445737
0,0,car-alarm,car-alarm,0.9997472,6.411645e-06,3.2884052e-06,4.8107727e-06,2.9250288e-07,2.9668997e-06,6.671836e-05,0.00016844536
2,2,construction-site,construction-site,6.0596743e-05,0.000489525,0.99599874,0.0020875384,0.00085684465,0.00013066335,0.0002130324,0.00016308793
0,0,car-alarm,car-alarm,0.99958867,2.1444297e-05,1.7830727e-06,4.465065e-06,8.4378286e-08,5.4320853e-06,0.00010174991,0.00027628176
3,2,crowd-noise,construction-site,0.0014410338,0.009358511,0.7558576,0.21491528,0.0041195555,0.009241048,0.0032828304,0.0017842194
5,5,mobile-music,mobile-music,2.1271273e-06,0.00013349082,2.1451033e-06,1.9691119e-05,4.7689605e-06,0.9998222,9.737034e-06,5.8063624e-06
2,2,construction-site,construction-site,2.4680392e-06,1.1036043e-05,0.99896276,8.651495e-05,5.2847263e-05,1.4746275e-06,2.6126463e-05,0.00085673016
3,3,crowd-noise,crowd-noise,0.00014120911,0.010075383,0.01747477,0.9481833,0.003565662,0.018600648,0.0011926655,0.00076636794
2,2,construction-site,construction-site,0.0001658827,0.0010770084,0.957835,0.0030591055,0.0030265022,0.031287793,0.0034129785,0.00013564981
0,0,car-alarm,car-alarm,0.99928975,7.767494e-06,2.1137426e-05,5.350253e-06,5.0755494e-07,2.145362e-06,4.105416e-05,0.00063228677
1,1,community-radio,community-radio,0.0007567184,0.9252081,0.0064055785,0.04100709,0.002971016,0.016112646,0.0045726965,0.0029662699
5,1,mobile-music,community-radio,0.002724964,0.8071385,0.026655529,0.0864097,0.018035311,0.02682018,0.018981434,0.013234355
2,2,construction-site,construction-site,7.07062e-07,6.604319e-06,0.99982834,5.9474874e-05,1.0345537e-05,1.4417902e-06,5.3000826e-06,8.774917e-05
0,6,car-alarm,motorvehicle-horn,0.059619818,0.0034301619,0.0015708102,0.004625047,0.0006071309,0.0012776792,0.9085948,0.020274447
0,6,car-alarm,motorvehicle-horn,0.07834102,0.0258788,0.18366496,0.10310423,0.023763236,0.016287906,0.5571231,0.011836704
1,1,community-radio,community-radio,0.009611218,0.8784577,0.0059781135,0.0084545165,0.0077184937,0.051528398,0.035307385,0.002944167
6,0,motorvehicle-horn,car-alarm,0.49510905,0.0017701433,0.01521513,0.0067102313,0.010195701,0.0006678888,0.46107757,0.009254323
1,1,community-radio,community-radio,6.305741e-06,0.9644657,0.00010126471,0.000269408,2.5744319e-05,0.035050403,6.2483006e-05,1.8702081e-05
0,0,car-alarm,car-alarm,0.99958557,2.3985965e-06,1.7602295e-06,3.7387933e-06,2.4846057e-07,2.7110784e-07,3.1781743e-05,0.0003743023
3,2,crowd-noise,construction-site,0.004354412,0.008875354,0.82087684,0.065653816,0.021134824,0.0060662883,0.06301406,0.010024308
2,2,construction-site,construction-site,4.2995935e-06,7.373395e-05,0.9922679,0.0003709855,0.00667001,1.4320406e-05,0.00058797037,1.0827542e-05
7,7,motorvehicle-siren,motorvehicle-siren,6.145743e-06,1.8227687e-05,3.2325868e-06,4.7357294e-06,5.5036476e-06,7.7845027e-07,1.07597625e-05,0.99995065
7,7,motorvehicle-siren,motorvehicle-siren,0.0077097113,0.22362742,0.00030296086,0.023014532,0.009687263,0.00016423706,0.005443361,0.7300505
1,1,community-radio,community-radio,0.00043581548,0.9646162,0.002543212,0.010118533,0.00021416826,0.019646065,0.0022784215,0.00014769754
6,6,motorvehicle-horn,motorvehicle-horn,0.08611793,0.00018044244,0.0006081404,0.0026437938,0.0008456381,0.00015895253,0.90579575,0.0036493558
2,2,construction-site,construction-site,1.823768e-06,0.00022046706,0.9989109,0.0003086013,0.00036912164,1.9675253e-05,0.00015477232,1.4613447e-05
6,6,motorvehicle-horn,motorvehicle-horn,0.1418827,0.005315309,0.038547046,0.025200052,0.048720207,0.0020688747,0.7175288,0.02073696
4,4,generator,generator,3.1264847e-07,4.6261102e-06,5.8404107e-06,2.1854657e-06,0.9999764,2.8633888e-06,7.4662453e-06,1.6918412e-07
1,1,community-radio,community-radio,0.0035327005,0.84518325,0.0013930111,0.033241108,0.00018509188,0.11193664,0.0024615861,0.002066568
1,1,community-radio,community-radio,1.7330434e-05,0.9987388,2.6912494e-05,0.00047677796,3.8528204e-05,0.00042206942,0.00017001515,0.00010957142
2,2,construction-site,construction-site,4.960818e-06,0.0013920332,0.99803907,0.0002625726,7.9615915e-05,0.00012658963,4.5311986e-05,4.987923e-05
6,0,motorvehicle-horn,car-alarm,0.7173926,0.012254385,0.0018090431,0.0090008015,0.0009860493,0.00026722526,0.24413775,0.014152232
0,0,car-alarm,car-alarm,0.9982509,2.9326584e-05,0.00019374216,6.2716426e-05,1.8615591e-06,1.4247467e-05,0.00013202585,0.0013150078
5,5,mobile-music,mobile-music,5.752006e-05,0.0012221324,9.146916e-05,0.00048729524,6.513843e-05,0.9979159,0.000116689655,4.383205e-05
7,7,motorvehicle-siren,motorvehicle-siren,0.0026744024,0.0016757137,0.00058297033,0.00011728901,0.000112852445,0.0015668094,0.009214119,0.98405576
3,3,crowd-noise,crowd-noise,7.34306e-05,0.0008285197,0.006370034,0.99026114,0.0012497609,0.0007725592,0.00018280961,0.00026172167
5,5,mobile-music,mobile-music,0.005501873,0.16656122,0.0032889156,0.014168673,0.010866285,0.78850764,0.0075102057,0.003595166
1,1,community-radio,community-radio,0.0018179644,0.6924646,0.008878224,0.21360135,0.02062144,0.0057956623,0.0126584135,0.044162355
4,4,generator,generator,5.5969827e-05,0.00039286158,0.00020424627,4.1255003e-05,0.9943012,0.0019598145,0.0029004524,0.00014421207
6,6,motorvehicle-horn,motorvehicle-horn,0.17471072,0.00873355,0.013421734,0.019255182,0.004621621,0.0014822871,0.7671915,0.010583281
7,7,motorvehicle-siren,motorvehicle-siren,2.3150025e-05,3.7419975e-06,1.5224588e-06,6.7771066e-07,5.849925e-07,3.9463578e-07,1.9782277e-05,0.99995005
6,6,motorvehicle-horn,motorvehicle-horn,0.14059356,0.013087394,0.04907348,0.03508645,0.062086128,0.028987499,0.6676968,0.0033886407
5,4,mobile-music,generator,0.0006116405,0.17382033,0.0008187402,0.0048134634,0.638648,0.17788196,0.00085900916,0.0025469363
6,6,motorvehicle-horn,motorvehicle-horn,0.014611117,0.0012518562,0.039429218,0.027456805,0.02794337,0.010132906,0.873537,0.005637822
1,1,community-radio,community-radio,6.1437386e-05,0.99467236,1.852705e-05,0.0033203617,0.0006721428,0.0004088645,0.00029405777,0.00055223453
0,0,car-alarm,car-alarm,0.9986558,3.2965934e-06,2.0788698e-06,1.8016459e-06,1.09957405e-07,2.5917055e-07,1.9682953e-05,0.001316883
3,1,crowd-noise,community-radio,0.00017544604,0.8965925,0.006657529,0.04781956,0.001684906,0.04314021,0.0019699018,0.0019599698
7,7,motorvehicle-siren,motorvehicle-siren,9.062784e-06,1.0526274e-05,1.0962324e-06,1.7334705e-06,1.8064648e-06,2.1665828e-07,2.7460399e-06,0.9999728
6,6,motorvehicle-horn,motorvehicle-horn,0.21198915,0.0040438646,0.0052471873,0.016334074,0.0013046642,0.00093502464,0.7508476,0.009298414
0,0,car-alarm,car-alarm,0.9987587,4.5138462e-05,5.948585e-05,4.458417e-05,2.209274e-06,1.3622689e-05,0.00028028138,0.000795888
2,2,construction-site,construction-site,1.5008004e-06,3.7639245e-05,0.99917585,0.00049010094,0.00010779429,2.074633e-06,2.1928141e-05,0.0001631084
7,7,motorvehicle-siren,motorvehicle-siren,2.974537e-05,5.6066438e-06,2.8455052e-05,4.9541773e-06,3.4772759e-06,2.2994209e-07,1.1271047e-05,0.9999162
3,3,crowd-noise,crowd-noise,1.3661282e-06,5.4858454e-05,4.1792737e-05,0.99973255,8.839434e-05,5.2052394e-05,1.8294932e-05,1.0689787e-05
6,6,motorvehicle-horn,motorvehicle-horn,0.088145964,0.0045570806,0.026695866,0.023781992,0.016899502,0.004791468,0.8271426,0.007985441
0,0,car-alarm,car-alarm,0.5335345,0.0036688629,0.002385421,0.006545329,0.0009611711,0.0004991926,0.44407797,0.00832753
7,7,motorvehicle-siren,motorvehicle-siren,9.114267e-06,4.4242108e-05,1.3597364e-05,8.589371e-06,1.006939e-05,2.010044e-06,3.1088337e-05,0.99988127
2,1,construction-site,community-radio,0.012316372,0.5006491,0.0062876847,0.2754225,0.008723583,0.0046806247,0.15817791,0.033742256
2,6,construction-site,motorvehicle-horn,0.00064951496,0.00017824839,0.21524566,0.0017430809,0.011902661,0.0005650424,0.76961535,0.00010046352
0,6,car-alarm,motorvehicle-horn,0.2307983,0.0016579757,0.0031319947,0.0054017715,0.0016149965,0.0011664683,0.75253016,0.0036982677
5,5,mobile-music,mobile-music,7.280697e-06,0.006954327,3.874132e-06,6.943478e-05,1.2362155e-05,0.99291575,2.9291528e-05,7.779928e-06
4,4,generator,generator,0.00089069386,0.00042647304,0.0018768366,0.00056949357,0.9833757,0.0005681583,0.0119216265,0.0003709506
1,1,community-radio,community-radio,8.01815e-06,0.9988028,3.8509747e-06,0.0005235623,1.1862483e-05,0.00047469826,0.000112796755,6.2315514e-05
6,6,motorvehicle-horn,motorvehicle-horn,0.0039820797,0.000725554,0.26866475,0.0032578707,0.0861652,0.0009556042,0.6337201,0.002528869
0,0,car-alarm,car-alarm,0.99833655,2.0028425e-05,0.00013352059,1.4535665e-05,1.9783772e-06,4.8779707e-06,8.2480234e-05,0.001406001
2,2,construction-site,construction-site,7.7071974e-07,3.649269e-06,0.9998684,8.502605e-05,8.95347e-06,1.7946519e-06,4.1675366e-06,2.720827e-05
3,4,crowd-noise,generator,0.000109829525,0.00081242464,0.002070239,0.007449148,0.98735553,0.0005079233,0.0014509456,0.00024400416
1,1,community-radio,community-radio,0.00034803938,0.9839998,0.00029329216,0.003167714,0.0013293856,0.006232022,0.0012899017,0.003339802
3,3,crowd-noise,crowd-noise,0.0017499839,0.014374762,0.0020450694,0.96956986,0.0020022138,0.002769677,0.0048652687,0.002623169
1,1,community-radio,community-radio,0.009815516,0.7669133,0.08641015,0.026582297,0.0170502,0.0033763095,0.04332776,0.04652447
7,7,motorvehicle-siren,motorvehicle-siren,5.4135503e-06,8.366658e-06,1.0114957e-06,1.0874733e-06,1.0486491e-06,3.4373895e-07,4.2395873e-06,0.99997854
2,2,construction-site,construction-site,5.5996778e-05,0.00074196234,0.99330574,0.00069057493,0.0003224436,0.0040344736,0.00071151427,0.0001372461
6,6,motorvehicle-horn,motorvehicle-horn,0.10229497,0.0022850176,0.020118708,0.008237176,0.0056297425,0.0029802974,0.8532721,0.0051820287
2,2,construction-site,construction-site,8.476605e-05,0.0003121834,0.9980465,0.00013684246,0.00029519407,9.4066545e-06,0.00028489562,0.00083011773
5,5,mobile-music,mobile-music,1.1356145e-05,0.0015377838,1.115062e-05,7.0216214e-05,5.1012034e-06,0.9982993,1.9550456e-05,4.5617937e-05
1,1,community-radio,community-radio,0.00013943661,0.9820196,1.6224203e-05,0.00046372387,4.4482586e-05,0.01706443,7.753241e-05,0.00017453945
6,6,motorvehicle-horn,motorvehicle-horn,0.14119294,0.047474533,0.04203002,0.047881823,0.055082962,0.008299865,0.6367874,0.02125044
6,6,motorvehicle-horn,motorvehicle-horn,0.07374516,0.00030351206,0.0030324114,0.0014518993,0.0014589074,0.00018663616,0.89110535,0.028716173
0,0,car-alarm,car-alarm,0.99912137,3.440003e-05,3.5006808e-06,2.4952901e-06,1.7237561e-07,6.7261317e-06,0.00024515,0.00058621203
7,7,motorvehicle-siren,motorvehicle-siren,4.7104554e-06,4.563175e-06,1.8561977e-06,2.3982552e-06,7.993628e-06,3.7984796e-07,8.507923e-06,0.9999696
3,3,crowd-noise,crowd-noise,1.2485149e-06,4.5343535e-05,6.879605e-05,0.9997117,8.243945e-05,5.7150173e-05,2.1086018e-05,1.2242316e-05
3,1,crowd-noise,community-radio,0.039086495,0.6379977,0.009418969,0.08934391,0.007300316,0.022210225,0.1775065,0.01713587
1,6,community-radio,motorvehicle-horn,0.09190354,0.051219437,0.0034911335,0.009919417,0.0013867058,0.027656926,0.7958149,0.01860796
2,5,construction-site,mobile-music,1.639311e-06,0.0012106518,8.1094895e-06,2.6833828e-05,6.4056817e-06,0.9987203,1.8484512e-05,7.541809e-06
0,0,car-alarm,car-alarm,0.9997745,6.8425456e-06,2.006015e-06,2.8105653e-06,9.6791034e-08,1.8919677e-06,8.267949e-05,0.00012907835
4,4,generator,generator,8.3650135e-05,8.41012e-05,0.0002979472,0.00015600325,0.99822575,5.2569194e-05,0.0010780853,2.1880312e-05
2,3,construction-site,crowd-noise,3.130715e-05,0.00048968423,0.00289303,0.9947856,0.0008618335,0.00046427807,0.0002310029,0.00024337116
1,1,community-radio,community-radio,4.7380825e-05,0.99308467,9.353762e-05,0.000958746,0.00017364704,0.0053487592,0.00011709656,0.00017624539
0,6,car-alarm,motorvehicle-horn,0.22638534,0.0007040218,0.0007856482,0.0038855146,0.0011340857,0.00022501213,0.76187336,0.005007048
0,6,car-alarm,motorvehicle-horn,0.11760849,0.000509779,0.0010072029,0.0041557685,0.00083360897,0.0001999008,0.871736,0.0039492412
3,3,crowd-noise,crowd-noise,4.1191433e-06,9.441613e-05,6.5077424e-05,0.9994659,0.00019241447,0.00013207553,2.8503115e-05,1.7521015e-05
5,2,mobile-music,construction-site,0.0026918927,0.021109588,0.6872301,0.0069159674,0.0048311446,0.1698646,0.10637711,0.0009795746
2,2,construction-site,construction-site,0.00050331565,0.002325565,0.87182754,0.10947271,0.010479379,0.001780484,0.002213606,0.0013974005
0,0,car-alarm,car-alarm,0.9996244,4.2628612e-06,2.7349574e-06,2.8818858e-06,1.5753413e-07,4.738848e-07,2.5044408e-05,0.00034009415
0,6,car-alarm,motorvehicle-horn,0.09399832,0.001119044,0.007471034,0.0060026003,0.0019209575,0.0010264773,0.88546175,0.0029998736
1,1,community-radio,community-radio,0.00012856691,0.991527,0.0002535224,0.0041449815,8.469178e-05,0.0025705448,0.0010315687,0.00025914772
6,6,motorvehicle-horn,motorvehicle-horn,0.054977223,0.026627751,0.009521631,0.007397103,0.0016791873,0.0038721713,0.88371724,0.012207707
0,0,car-alarm,car-alarm,0.9576243,0.008274915,0.0009096093,0.0028076933,0.0003931677,0.0014857918,0.023394423,0.005110099
0,0,car-alarm,car-alarm,0.9997631,1.2205076e-06,1.687273e-06,1.2555693e-06,8.125259e-08,4.9041506e-07,4.3237895e-05,0.0001888667
2,2,construction-site,construction-site,2.833945e-07,4.805512e-06,0.99987185,3.307961e-05,3.9935944e-06,7.8943754e-07,1.9597737e-06,8.323274e-05
4,4,generator,generator,1.0437631e-06,8.783648e-06,2.6791207e-05,7.741413e-06,0.99992406,3.519739e-06,2.7586453e-05,4.2948074e-07
1,1,community-radio,community-radio,0.0010303493,0.97787124,7.692568e-05,0.002928011,7.4344425e-05,0.015379115,0.0010189327,0.0016210915
1,1,community-radio,community-radio,0.0001366492,0.81389475,0.00026746478,0.013555342,0.1018707,0.06943609,0.00055334147,0.00028566155
7,7,motorvehicle-siren,motorvehicle-siren,4.6596022e-05,1.2251311e-05,1.45523845e-05,1.0826512e-06,1.4944906e-06,5.799615e-07,2.2775628e-05,0.9999006
1,1,community-radio,community-radio,9.0576395e-06,0.9981365,6.366655e-06,0.0003129508,1.3627101e-05,0.0013923651,2.258017e-05,0.00010652399
5,5,mobile-music,mobile-music,9.558953e-07,0.00041203745,1.611691e-05,1.8283677e-05,1.1420919e-05,0.9995215,1.6158278e-05,3.4871189e-06
2,2,construction-site,construction-site,0.0005833103,0.0014195972,0.95313025,0.02501352,0.007222181,0.0016183429,0.009580366,0.0014324228
7,7,motorvehicle-siren,motorvehicle-siren,0.0007510345,6.3409725e-06,2.384107e-06,2.2263705e-06,2.1976664e-06,6.989577e-07,0.00017321853,0.9990619
6,6,motorvehicle-horn,motorvehicle-horn,0.37662086,0.02527206,0.040311944,0.047454882,0.0063612466,0.005327235,0.4897426,0.008909171
5,5,mobile-music,mobile-music,0.0037327008,0.39680675,0.011036379,0.005696126,0.00030752568,0.577067,0.0035140668,0.0018394194
1,1,community-radio,community-radio,2.3526645e-05,0.9976418,2.3328139e-05,0.00026212513,2.5516047e-05,0.0017087548,0.00019880797,0.000116156036
5,3,mobile-music,crowd-noise,0.00305299,0.32580528,0.0017792069,0.6422952,0.0015203444,0.011663963,0.009734853,0.0041482225
6,0,motorvehicle-horn,car-alarm,0.508874,0.0017278035,0.002990797,0.003423365,0.002521166,0.0006694475,0.47352824,0.006265148
3,3,crowd-noise,crowd-noise,0.000510188,0.018348068,0.16266996,0.803709,0.0016435354,0.010396955,0.002195002,0.0005273821
1,1,community-radio,community-radio,0.00041764195,0.9816923,0.00020211867,0.012198991,5.6296958e-05,0.0031327838,0.0014384964,0.0008613521
4,4,generator,generator,6.988825e-06,3.0542327e-05,6.0898208e-05,2.7935765e-05,0.99968874,6.936941e-05,0.000112050395,3.4455902e-06
6,6,motorvehicle-horn,motorvehicle-horn,0.082905985,0.012017481,0.004884782,0.008678659,0.0005527168,0.06734437,0.81911194,0.0045040264
1,1,community-radio,community-radio,2.6927399e-05,0.9957113,3.180233e-05,0.00088029687,9.41143e-05,0.0027536144,0.00034724514,0.00015476569
4,4,generator,generator,0.00013880634,0.00018501026,0.0010072023,0.001456691,0.99437886,0.00013288745,0.002493626,0.00020689797
3,3,crowd-noise,crowd-noise,5.2578002e-06,0.00012139264,0.00013067371,0.99930227,0.0002354342,0.00011901018,5.9167294e-05,2.6821264e-05
7,7,motorvehicle-siren,motorvehicle-siren,0.020340485,0.00054995,0.007542824,0.0016018889,0.0027281132,0.0004032903,0.004141102,0.9626924
5,5,mobile-music,mobile-music,0.0024666812,0.16658697,0.0010457787,0.004684596,0.0011748675,0.7952209,0.027180351,0.001639828
1,1,community-radio,community-radio,1.3577046e-05,0.9989843,2.2517372e-06,6.1658895e-05,2.7144291e-05,0.00087419484,5.4916895e-06,3.130621e-05
4,4,generator,generator,4.7327583e-05,0.0024049697,0.00021156568,0.00035982786,0.9956974,0.00072291866,0.0005317589,2.4311626e-05
4,4,generator,generator,7.699067e-06,0.0024677005,0.00598004,0.004683983,0.98643327,8.3278974e-05,0.00024124404,0.00010274493
1,1,community-radio,community-radio,0.0011722955,0.55782765,0.00010772731,0.002833908,8.008913e-05,0.40910769,0.0054417513,0.023428934
1,5,community-radio,mobile-music,0.0011907548,0.15906303,0.001144118,0.0010426011,0.0008713892,0.83258164,0.0028803833,0.0012261317
5,5,mobile-music,mobile-music,4.2499946e-06,0.0006747872,5.322078e-06,8.224366e-05,2.1581733e-05,0.9991825,1.316132e-05,1.6150072e-05
3,3,crowd-noise,crowd-noise,0.0006169495,0.010221586,0.10360248,0.86823386,0.0033582717,0.010671884,0.0017118164,0.001583172
0,0,car-alarm,car-alarm,0.9997341,9.65119e-06,1.98917e-06,4.644402e-06,1.14370934e-07,3.2126345e-06,0.00011350726,0.00013271646
7,7,motorvehicle-siren,motorvehicle-siren,1.2452527e-05,4.1479023e-05,1.5224851e-06,1.948226e-06,3.330917e-06,1.1734934e-06,3.241028e-06,0.9999349
7,7,motorvehicle-siren,motorvehicle-siren,2.2719827e-05,4.323721e-06,6.917432e-07,8.029521e-07,3.988849e-07,6.014657e-08,2.9313153e-06,0.99996805
1,1,community-radio,community-radio,0.001837094,0.54353386,0.04401433,0.32814562,0.010658574,0.011623694,0.054275714,0.005911076
5,5,mobile-music,mobile-music,3.0189436e-05,0.0018560697,2.642253e-05,0.0005357859,0.000106398955,0.99729013,0.00011005692,4.494628e-05
3,2,crowd-noise,construction-site,0.008955529,0.03377026,0.5024742,0.18657443,0.07136847,0.043602277,0.10456936,0.048685495
2,2,construction-site,construction-site,0.00023139377,0.0027333023,0.8427116,0.0019825937,0.00032045064,0.14348292,0.0082771825,0.00026047954
5,5,mobile-music,mobile-music,3.8187507e-05,0.0011437957,4.0977535e-05,0.0003719579,5.2784115e-05,0.9981945,0.00012242293,3.5372883e-05
6,6,motorvehicle-horn,motorvehicle-horn,0.080833726,0.022607481,0.009542227,0.072413415,0.0066432576,0.0026476788,0.7386027,0.0667095
5,5,mobile-music,mobile-music,0.00028199516,0.09310682,0.00036819532,0.0077290856,0.00034062017,0.89651525,0.00042295083,0.0012350631
7,7,motorvehicle-siren,motorvehicle-siren,0.0004987023,0.00062206073,0.020597959,0.0002360196,0.00022313623,0.00020236534,0.00033171318,0.97728795
2,2,construction-site,construction-site,0.00022014996,0.0018062653,0.96492076,0.021349518,0.005578137,0.00056211173,0.002322303,0.0032407045
2,2,construction-site,construction-site,0.0003093262,0.0005727938,0.9449026,0.0025533824,0.0005922454,0.03833295,0.0125792865,0.00015735802
2,2,construction-site,construction-site,0.00011094222,0.00079071143,0.92904925,0.056912683,0.008491593,0.0005115527,0.0031243165,0.0010090298
1,1,community-radio,community-radio,5.0058043e-05,0.98844403,6.289082e-05,0.00980785,0.00020959669,0.0004407598,0.00028889088,0.00069593394
3,3,crowd-noise,crowd-noise,3.241766e-05,0.0010990698,0.0016700047,0.9955297,0.0008286643,0.0005619151,0.00018675886,9.154226e-05
2,2,construction-site,construction-site,0.00011745059,0.0010623641,0.9800945,0.0012579442,0.00052788365,9.014641e-05,0.01666371,0.0001860671
2,2,construction-site,construction-site,9.50895e-06,5.5454297e-05,0.9995864,0.00020434348,6.494354e-05,1.4596606e-05,2.8309052e-05,3.635398e-05
4,4,generator,generator,1.0541796e-05,0.0023480197,0.009253513,0.0009884406,0.98700887,0.00014635018,0.00020529148,3.89021e-05
1,1,community-radio,community-radio,0.120602295,0.5959946,0.013263809,0.050030515,0.0025496946,0.041608732,0.14170125,0.034249168
5,5,mobile-music,mobile-music,1.9574052e-06,0.0002454069,3.9717165e-06,2.2497403e-05,6.0040547e-06,0.99970204,1.3582732e-05,4.517328e-06
1,1,community-radio,community-radio,0.001793138,0.4906145,0.0033061095,0.47370926,0.0008070845,0.012504119,0.014788168,0.0024775672
6,6,motorvehicle-horn,motorvehicle-horn,0.35859334,0.0072603524,0.011775666,0.03245005,0.011821962,0.006505736,0.56144816,0.010144778
7,7,motorvehicle-siren,motorvehicle-siren,3.5928842e-06,3.5455305e-06,3.938062e-07,7.555993e-07,2.0794137e-06,1.8146683e-07,1.91014e-06,0.9999876
4,4,generator,generator,1.6710567e-06,1.5309251e-05,1.5501962e-05,8.728216e-06,0.99991035,1.2419891e-05,3.4995603e-05,9.577859e-07
0,0,car-alarm,car-alarm,0.9994056,2.8105387e-06,2.09879e-06,1.4859959e-06,8.2556774e-08,2.949541e-07,2.0291069e-05,0.00056726113
0,6,car-alarm,motorvehicle-horn,0.054266527,0.0003611049,0.004479979,0.0042932173,0.0046097944,0.00045771306,0.9290469,0.002484656
2,2,construction-site,construction-site,0.007111334,0.024305306,0.519331,0.105673306,0.03428517,0.094397105,0.21045655,0.0044402434
0,6,car-alarm,motorvehicle-horn,0.2642338,0.026624484,0.023447642,0.073332,0.01004752,0.005114373,0.55696034,0.040239878
2,4,construction-site,generator,0.00025247424,0.012955938,0.022987196,0.043990217,0.91027623,0.0013139541,0.0047502317,0.003473674
0,0,car-alarm,car-alarm,0.9991341,3.974195e-06,2.4625417e-06,2.727426e-06,1.246361e-07,5.7720257e-07,2.4392468e-05,0.0008317181
3,3,crowd-noise,crowd-noise,1.4968637e-06,6.8805486e-05,6.884539e-05,0.9996543,0.00010462148,6.953068e-05,1.8902641e-05,1.3481759e-05
5,1,mobile-music,community-radio,4.3323726e-05,0.5338513,0.00020502791,0.0006199709,0.00023638245,0.46455318,0.00042922018,6.155987e-05
7,5,motorvehicle-siren,mobile-music,0.0069135744,0.24308611,0.19570798,0.16248424,0.0128320325,0.35904202,0.015613437,0.004320595
3,3,crowd-noise,crowd-noise,0.0004933661,0.08429395,0.08023726,0.8192548,0.00396709,0.0066251946,0.0040641925,0.0010641343
6,6,motorvehicle-horn,motorvehicle-horn,0.1841258,0.0037775885,0.022527799,0.012891837,0.007523235,0.004065318,0.75950146,0.005586898
7,7,motorvehicle-siren,motorvehicle-siren,1.2066044e-05,2.4559837e-05,1.9904844e-06,1.9157058e-06,1.5827356e-06,3.0105176e-07,3.3846948e-06,0.9999541
1,1,community-radio,community-radio,6.487638e-05,0.99372405,3.313217e-05,0.0033663784,7.288469e-05,0.001911176,0.00062378426,0.00020385963
4,4,generator,generator,9.5633095e-06,5.568537e-05,6.610077e-05,3.3322645e-05,0.99968195,3.6439236e-05,0.0001118199,5.109672e-06
1,1,community-radio,community-radio,0.0015759973,0.5937081,0.0020809157,0.33878866,0.00093770784,0.05886656,0.0024604374,0.0015816436
5,1,mobile-music,community-radio,0.006539197,0.5599172,0.002584706,0.21387194,0.0030641544,0.1974868,0.0071425634,0.009393429
4,4,generator,generator,7.3567535e-05,0.0005776646,0.0056823953,0.0019531532,0.9909504,0.00041091727,0.0002611297,9.078402e-05
4,4,generator,generator,1.6583687e-06,4.180325e-06,2.7424645e-05,3.0527168e-05,0.99989974,4.109248e-06,3.0424337e-05,2.0072769e-06
4,5,generator,mobile-music,0.0019012367,0.060064822,0.34667912,0.06259091,0.12560713,0.3793569,0.01900063,0.004799283
5,5,mobile-music,mobile-music,1.8468132e-06,0.000117808035,1.6831551e-06,1.110661e-05,4.60971e-06,0.99980956,3.5882127e-05,1.7582757e-05
3,3,crowd-noise,crowd-noise,6.812183e-06,0.0001808226,0.00016124806,0.99912506,0.0002895266,0.00014632056,5.954986e-05,3.0652995e-05
5,5,mobile-music,mobile-music,0.0011657121,0.068157114,0.0013438195,0.012532234,0.00074803777,0.9134549,0.0005425784,0.0020555947
1,1,community-radio,community-radio,0.00014249906,0.9842471,0.00015572937,0.0038209083,0.00014195775,0.01070172,0.00021633752,0.0005738043
0,0,car-alarm,car-alarm,0.9997166,5.7279576e-06,2.2572724e-06,2.0696875e-06,1.0921843e-07,1.5386448e-06,3.6984187e-05,0.00023474605
1,1,community-radio,community-radio,0.0021533978,0.5556521,0.017165536,0.31030646,0.060075413,0.011452152,0.023040978,0.020153984
0,0,car-alarm,car-alarm,0.59285176,0.0021436189,0.0065600364,0.007966349,0.007213309,0.001203838,0.37593544,0.006125678
1,1,community-radio,community-radio,0.00045634544,0.89069355,6.296428e-05,0.0071825194,0.0021595913,0.09241371,0.0011809312,0.005850375
2,2,construction-site,construction-site,1.6446396e-05,0.00014411188,0.99781704,0.00057473243,0.00023890269,0.0004967213,0.0006837989,2.8173561e-05
3,3,crowd-noise,crowd-noise,0.00017051415,0.03288823,0.00012251982,0.96380204,0.00032833248,0.0016531819,0.0006182236,0.00041698647
3,1,crowd-noise,community-radio,0.0021615836,0.5914417,0.0008669494,0.363736,0.00065956084,0.030401165,0.007877616,0.0028554
4,4,generator,generator,5.102639e-06,3.0672763e-05,9.2289105e-05,2.565099e-05,0.9997427,1.3871721e-05,8.7674816e-05,2.0564153e-06
6,5,motorvehicle-horn,mobile-music,0.002888668,0.24744496,0.09529036,0.24216507,0.07188442,0.26547694,0.00659435,0.06825525
2,2,construction-site,construction-site,8.596609e-06,0.0001654637,0.99903524,0.00025987913,0.00030066085,7.693882e-05,0.00013291376,2.0271287e-05
2,2,construction-site,construction-site,0.001943766,0.03179049,0.61781245,0.3339569,0.0071966765,0.00316677,0.00091251085,0.003220441
6,3,motorvehicle-horn,crowd-noise,0.01713862,0.22541012,0.003130643,0.67881143,0.0053153792,0.0065796115,0.045002628,0.018611595
1,1,community-radio,community-radio,1.6320559e-05,0.9982388,2.2504615e-05,0.0010404356,3.398358e-05,0.00024931217,0.00014943494,0.0002491213
5,5,mobile-music,mobile-music,5.2813542e-05,0.0061866473,9.0588255e-06,0.00014029117,5.7039848e-05,0.9929757,0.00056348677,1.4965919e-05
5,5,mobile-music,mobile-music,4.4310127e-05,0.02552902,0.00012442487,0.0017246592,0.00011377965,0.9719254,0.00033539254,0.00020308906
3,3,crowd-noise,crowd-noise,2.4670668e-05,0.0037080457,0.03141182,0.96243393,0.00083274033,0.00060369354,0.0002292267,0.0007558561
2,2,construction-site,construction-site,0.00071837095,0.0025875256,0.8512894,0.020270655,0.09048268,0.0029458753,0.02873686,0.002968758
3,3,crowd-noise,crowd-noise,1.9808438e-06,9.26685e-05,0.000119922064,0.9994469,0.00022435629,5.9436596e-05,3.2516273e-05,2.2179693e-05
4,4,generator,generator,2.164464e-06,9.7888715e-06,2.6704776e-05,9.3890385e-06,0.99989426,5.736849e-06,5.127691e-05,7.3587773e-07
6,6,motorvehicle-horn,motorvehicle-horn,0.11197952,0.0012881907,0.005668755,0.00974139,0.008191179,0.0067738798,0.84697163,0.009385436
2,2,construction-site,construction-site,2.1223661e-05,0.00072316115,0.9912657,0.005807347,0.0010696219,0.00011103067,0.0007885573,0.00021335349
5,5,mobile-music,mobile-music,6.932702e-05,0.00060194376,1.3323335e-05,7.314924e-05,0.0001409768,0.9979532,0.0010708282,7.723529e-05
4,4,generator,generator,1.1724861e-06,8.462668e-05,1.0941865e-05,1.7217122e-05,0.99981815,4.5657198e-05,1.2546191e-05,9.729019e-06
6,6,motorvehicle-horn,motorvehicle-horn,0.0129460115,0.00035055078,0.03189274,0.004185034,0.010067298,0.0005167295,0.93865156,0.0013901234
0,0,car-alarm,car-alarm,0.49380633,0.0019118091,0.0027753834,0.005972174,0.0015159264,0.0006528001,0.48753473,0.0058308584
0,0,car-alarm,car-alarm,0.9998565,3.0609613e-06,8.501433e-07,1.6396821e-06,6.155922e-08,7.746787e-07,4.9698494e-05,8.741186e-05
5,1,mobile-music,community-radio,5.0431645e-05,0.6187825,0.00023993282,0.0014178267,3.0259953e-05,0.37872487,0.000639999,0.00011421053
2,2,construction-site,construction-site,0.0014383842,0.00061913126,0.8205737,0.002407412,0.0027765564,7.4085714e-05,0.0063025034,0.16580819
4,4,generator,generator,1.6151455e-06,2.5993868e-05,1.721462e-05,1.3501102e-05,0.9998977,1.7963734e-05,2.2947585e-05,2.9687305e-06
1,1,community-radio,community-radio,0.00026840996,0.7592007,0.014707209,0.17970487,0.0045094434,0.039255824,0.0018115747,0.0005419701
1,1,community-radio,community-radio,0.00022585913,0.64087844,0.011274476,0.31794888,0.020766668,0.003569309,0.00085653237,0.004479731
2,2,construction-site,construction-site,3.551152e-05,0.0009105409,0.9660125,0.030887945,0.0011702973,0.0001727431,0.000322316,0.00048818684
3,3,crowd-noise,crowd-noise,0.0009972146,0.011111202,0.32721934,0.639366,0.008985097,0.002617327,0.008592183,0.0011117207
1,1,community-radio,community-radio,0.002893959,0.8919523,0.0012063562,0.058600962,0.00046285108,0.035982814,0.004898547,0.0040022666
6,6,motorvehicle-horn,motorvehicle-horn,0.32253507,0.0010593898,0.006395549,0.009548977,0.0073095695,0.00042895915,0.6486947,0.0040277983
0,6,car-alarm,motorvehicle-horn,0.060422122,0.021357302,0.0030050697,0.01346956,0.024589168,0.013042191,0.85841346,0.0057011084
3,3,crowd-noise,crowd-noise,4.857732e-05,0.0015481531,0.00016467318,0.995433,0.00048921333,0.0019401616,0.00028506806,9.12481e-05
0,0,car-alarm,car-alarm,0.99977344,6.0920934e-06,1.8355197e-06,4.199463e-06,2.812703e-07,2.9845523e-06,9.298973e-05,0.000118169686
6,2,motorvehicle-horn,construction-site,0.00037779295,0.00015973237,0.74884623,0.002255697,0.043499127,0.0003083432,0.20426767,0.00028542444
5,5,mobile-music,mobile-music,6.704813e-05,0.0015683918,0.00034385128,0.00048734178,0.00016119743,0.9965546,0.00073671126,8.089315e-05
1,1,community-radio,community-radio,0.0011781313,0.7297361,0.02305096,0.13261133,0.00094404514,0.0055026347,0.10093988,0.006036921
1,1,community-radio,community-radio,0.00016477634,0.98843807,0.00014565514,0.006220166,0.0002259995,0.0028447122,0.0014812311,0.00047950068
0,0,car-alarm,car-alarm,0.99960846,1.550117e-05,4.301663e-06,1.2000465e-05,1.2502279e-06,5.872727e-06,0.00022023778,0.00013244667
5,5,mobile-music,mobile-music,1.5060359e-05,0.0006108711,3.1046002e-05,0.00020115421,2.4260278e-05,0.9990483,5.5461987e-05,1.3795985e-05
6,6,motorvehicle-horn,motorvehicle-horn,0.3636032,0.0028176543,0.005354591,0.007582135,0.0030155822,0.00096257485,0.604798,0.011866133
0,0,car-alarm,car-alarm,0.99923,2.6283793e-05,1.7983351e-05,1.648562e-05,8.025217e-07,1.0581823e-05,0.000105526524,0.00059222546
1,1,community-radio,community-radio,0.0014320161,0.78854537,0.0038776172,0.15374453,0.0018701543,0.037591465,0.00955406,0.0033847701
7,7,motorvehicle-siren,motorvehicle-siren,3.4358934e-05,1.618454e-05,2.4101455e-06,4.125753e-06,5.8323885e-06,1.9233323e-06,1.5179106e-05,0.9999199
2,2,construction-site,construction-site,0.00045540615,0.0014100407,0.97181064,0.013562512,0.002510356,0.0007968196,0.008370724,0.0010835003
6,6,motorvehicle-horn,motorvehicle-horn,0.21985587,0.00081618,0.0015377055,0.003011642,0.0008851104,0.0003943376,0.76928306,0.0042160084
1,1,community-radio,community-radio,4.432231e-05,0.98743176,0.00013630663,0.0007806949,3.755757e-05,0.010947179,0.00019692727,0.0004252536
4,4,generator,generator,3.8741196e-06,1.30018525e-05,0.00029337022,1.9545867e-05,0.9995604,4.460964e-06,0.00010129809,3.93047e-06
7,7,motorvehicle-siren,motorvehicle-siren,0.00034143028,0.00045759542,0.1742155,0.002315614,0.0010886563,1.856212e-05,0.0004980409,0.82106453
0,6,car-alarm,motorvehicle-horn,0.16758879,0.003025476,0.005897243,0.008996928,0.0016685304,0.0011808397,0.8038751,0.007767127
5,5,mobile-music,mobile-music,7.1537884e-06,0.00036044017,6.9753205e-06,5.027603e-05,6.5522454e-06,0.9995314,2.5499558e-05,1.1640773e-05
6,6,motorvehicle-horn,motorvehicle-horn,0.01980021,0.007450771,0.25053158,0.107399754,0.023187855,0.0061895805,0.5680784,0.017361898
5,1,mobile-music,community-radio,0.0007734836,0.64107877,0.008390179,0.28277576,0.0022574507,0.053388555,0.00326226,0.0080735395
2,2,construction-site,construction-site,2.1829066e-05,0.00080601074,0.994762,0.0003835875,4.3351673e-05,0.0019607125,0.001916102,0.00010641605
1,1,community-radio,community-radio,8.850644e-05,0.99600947,0.00021955244,0.0013292149,8.58812e-05,0.0017512522,0.00038176044,0.00013440696
6,5,motorvehicle-horn,mobile-music,0.01720891,0.03409422,0.031318236,0.0008734939,0.002633071,0.56150067,0.35060826,0.0017632111
0,5,car-alarm,mobile-music,0.00034118016,0.17623092,0.0016076834,0.023638476,0.0071563004,0.7783975,0.0014047473,0.011223192
0,6,car-alarm,motorvehicle-horn,0.17800832,0.0019238454,0.00329093,0.006378686,0.006260043,0.0025849214,0.798631,0.0029222153
7,7,motorvehicle-siren,motorvehicle-siren,0.007474879,0.08756322,4.096376e-05,0.0045097843,0.008892059,0.36750975,0.020105075,0.5039043
4,4,generator,generator,6.426957e-07,1.4306372e-05,6.7138867e-06,4.802676e-06,0.99995005,8.8232355e-06,1.4113171e-05,5.0278715e-07
6,6,motorvehicle-horn,motorvehicle-horn,0.118787564,0.15857746,0.007670902,0.16103914,0.009948152,0.007869054,0.52396536,0.012142363
1,1,community-radio,community-radio,6.4300234e-06,0.9986355,6.5856398e-06,0.00070502236,4.167627e-05,0.00039604557,0.00015280307,5.5914927e-05
0,0,car-alarm,car-alarm,0.99857235,9.9897035e-05,3.9726634e-05,9.693033e-05,2.781377e-06,4.9661136e-05,0.00031798304,0.00082067697
4,4,generator,generator,0.00045072284,0.014030965,0.11571507,0.049809128,0.8072135,0.0022302985,0.009549783,0.0010005026
3,3,crowd-noise,crowd-noise,1.2183496e-06,0.00025162686,0.00019909345,0.9986904,0.0007156014,8.481968e-05,2.2058612e-05,3.5109522e-05
5,5,mobile-music,mobile-music,1.4165296e-06,0.00016194826,2.4466754e-06,1.4656202e-05,5.8424744e-06,0.99979573,1.0531218e-05,7.360829e-06
4,4,generator,generator,1.0366183e-06,2.9812472e-05,1.0141635e-05,1.3029036e-05,0.9998989,1.9593028e-05,1.7313094e-05,1.01639625e-05
6,6,motorvehicle-horn,motorvehicle-horn,0.10133022,0.09438033,0.006119454,0.20481715,0.0075059095,0.0045788027,0.48436248,0.09690574
2,1,construction-site,community-radio,0.003946056,0.9482107,0.0014916979,0.015223337,0.00059008424,0.0106277745,0.018873582,0.0010366914
2,2,construction-site,construction-site,0.0015002082,0.0056597046,0.8825727,0.057333454,0.012481865,0.003282351,0.03054532,0.0066244127
7,7,motorvehicle-siren,motorvehicle-siren,1.7834249e-05,4.776499e-05,0.0010639104,4.0661518e-05,3.6700552e-05,1.9930342e-06,1.6565364e-05,0.99877447
3,3,crowd-noise,crowd-noise,0.0016653931,0.0035915296,0.0024467872,0.9789763,0.002457617,0.004808728,0.0046635866,0.0013900165
4,4,generator,generator,8.6516164e-05,0.00013376366,0.0011508901,0.0004938645,0.9900642,8.280117e-05,0.007677871,0.0003101349
3,3,crowd-noise,crowd-noise,3.436491e-06,0.0001374955,6.492716e-05,0.99933904,0.00029436842,0.00011606639,2.5373614e-05,1.9277988e-05
2,2,construction-site,construction-site,0.0020595628,0.0034273695,0.8486463,0.07468787,0.035774708,0.0057359226,0.026605098,0.0030632236
0,0,car-alarm,car-alarm,0.9997533,1.3171626e-05,3.8057813e-06,3.86658e-06,4.0630857e-07,1.6206391e-06,5.147874e-05,0.00017243934
2,1,construction-site,community-radio,0.0027790028,0.73299277,0.084974125,0.055403758,0.00921613,0.024065569,0.0015616708,0.08900706
1,1,community-radio,community-radio,0.0007630099,0.9011146,0.0002904592,0.006107221,0.00017740029,0.088381186,0.0017665308,0.0013996923
0,0,car-alarm,car-alarm,0.99868613,4.405077e-06,5.581363e-06,3.2368505e-06,2.4501944e-07,4.0274938e-07,2.6567157e-05,0.0012734048
3,3,crowd-noise,crowd-noise,0.000100155514,0.0014446145,0.0004589564,0.9952159,0.0008696522,0.0011803983,0.00054940383,0.00018098258
3,3,crowd-noise,crowd-noise,0.00035528344,0.0052482286,0.013875939,0.9698314,0.0010649314,0.006672476,0.002284655,0.00066711305
1,1,community-radio,community-radio,0.0025342833,0.96704537,6.1844636e-05,0.021261033,0.00016128377,0.0053682025,0.00056708953,0.0030010208
2,2,construction-site,construction-site,0.0003168848,0.00065125676,0.91608936,0.0016423236,0.00092012255,0.06547042,0.014638157,0.00027151164
4,2,generator,construction-site,0.00026861284,0.0023112665,0.54445696,0.0152685065,0.42036796,0.0014510815,0.015219123,0.00065648614
1,1,community-radio,community-radio,0.0044205473,0.76012224,0.0006186675,0.20576847,0.0027108756,0.010405514,0.01151842,0.004435221
1,1,community-radio,community-radio,0.0016020096,0.9299895,0.00044847297,0.0482605,0.00038879507,0.0015686435,0.0102835065,0.0074585355
7,7,motorvehicle-siren,motorvehicle-siren,6.932718e-06,7.19622e-06,9.824118e-07,1.1700602e-06,1.858129e-06,2.9713595e-07,2.9738953e-06,0.99997854
6,6,motorvehicle-horn,motorvehicle-horn,0.020338409,0.047492057,0.12664129,0.24436878,0.12962103,0.00079579395,0.34318793,0.087554716
1,1,community-radio,community-radio,6.507305e-05,0.9915115,3.46818e-05,0.00542502,9.950799e-05,0.0015971607,0.0010518586,0.00021510108
6,6,motorvehicle-horn,motorvehicle-horn,0.4654949,0.0017190397,0.0017949888,0.006900498,0.0011689782,0.00074656977,0.51556224,0.0066128518
7,7,motorvehicle-siren,motorvehicle-siren,8.340805e-06,4.912513e-06,8.6679745e-07,1.2338819e-06,1.909742e-06,1.661525e-07,4.1232884e-06,0.9999784
0,6,car-alarm,motorvehicle-horn,0.17402989,0.0007393418,0.0017130306,0.0033774648,0.00061545696,0.00023803157,0.81735003,0.001936755
3,3,crowd-noise,crowd-noise,2.3220198e-06,7.883326e-05,6.0795686e-05,0.9996099,0.00010130774,0.00011237253,2.1616408e-05,1.2822476e-05
1,1,community-radio,community-radio,8.466679e-05,0.98957866,4.5851193e-05,0.001571573,0.00025818183,0.007957993,0.00019069188,0.00031237802
3,2,crowd-noise,construction-site,0.028953727,0.03517253,0.42031023,0.064624846,0.24292263,0.054100618,0.1411501,0.012765244
3,3,crowd-noise,crowd-noise,0.00037418067,0.0012919678,0.0068364744,0.9824509,0.004538565,0.0025435174,0.0012265531,0.0007378648
5,5,mobile-music,mobile-music,3.5694447e-06,0.0013754189,3.6373995e-06,3.644596e-05,6.132363e-06,0.99854183,2.0466277e-05,1.2443376e-05
1,1,community-radio,community-radio,0.00048534546,0.9541338,0.0011058924,0.03288956,0.002212217,0.0037630275,0.004234615,0.0011755105
1,1,community-radio,community-radio,0.00018584644,0.9913039,1.8977733e-05,0.0004663018,4.334096e-06,0.007026381,0.0003544505,0.0006397358
7,7,motorvehicle-siren,motorvehicle-siren,0.00021179768,0.00024831062,8.867937e-06,1.4998856e-05,1.754511e-05,8.017323e-06,3.035394e-05,0.99946016
5,5,mobile-music,mobile-music,1.8420371e-06,0.00017406659,2.5956138e-06,1.34734255e-05,3.3748195e-06,0.9997836,1.768807e-05,3.4856089e-06
1,1,community-radio,community-radio,6.707799e-05,0.995333,1.8736813e-05,0.002321905,5.81366e-05,0.0016499438,0.00038066544,0.00017056605
3,6,crowd-noise,motorvehicle-horn,0.20991665,0.069665745,0.009972622,0.022887433,0.0025391856,0.009381347,0.6590796,0.01655738
5,5,mobile-music,mobile-music,0.0026364801,0.14280349,0.20141129,0.12049369,0.00398825,0.5035591,0.021348065,0.0037596216
0,0,car-alarm,car-alarm,0.9995839,8.8493e-06,8.344967e-06,6.378703e-06,4.1424818e-07,3.2853072e-06,6.98264e-05,0.00031910723
5,2,mobile-music,construction-site,0.0095010465,0.043104492,0.49786955,0.34084702,0.03623365,0.051824775,0.011164286,0.009455231
2,2,construction-site,construction-site,8.965565e-05,0.0004238377,0.9885721,0.0016872402,0.00047460102,0.0016168845,0.0069888453,0.00014690553
4,4,generator,generator,9.678266e-07,1.8032082e-06,4.6198613e-05,3.5657788e-06,0.9997925,3.1324424e-05,0.00011742241,6.191489e-06
5,5,mobile-music,mobile-music,8.4871914e-05,0.008382016,6.808544e-05,0.0015819074,0.00026464803,0.98938555,0.000106046806,0.00012690084
6,6,motorvehicle-horn,motorvehicle-horn,0.070930146,0.0003305663,0.003709812,0.0019523919,0.0016958212,0.00024367795,0.9169106,0.004226955
6,6,motorvehicle-horn,motorvehicle-horn,0.34856918,0.0014545941,0.0022543515,0.0052391933,0.0019257655,0.00079717184,0.635583,0.0041766684
6,6,motorvehicle-horn,motorvehicle-horn,0.09398551,0.04470539,0.0077770697,0.020544577,0.001817533,0.01115557,0.7823583,0.03765612
1,1,community-radio,community-radio,0.00012922137,0.99369013,7.459377e-05,0.001451128,3.6212576e-05,0.0032734643,0.0010430068,0.00030233304
3,3,crowd-noise,crowd-noise,2.5861604e-05,0.023645014,0.00046891862,0.96814,0.0012666829,0.0051236805,0.00013737791,0.0011924519
3,1,crowd-noise,community-radio,0.00029801615,0.87277263,0.004336869,0.077993505,0.0005868944,0.03794974,0.0034528503,0.0026094036
2,6,construction-site,motorvehicle-horn,0.045560397,0.027239114,0.0013619141,0.031010162,0.001627039,0.0056253723,0.8296645,0.05791141
3,3,crowd-noise,crowd-noise,5.662033e-05,0.0034358494,0.0002220794,0.9918641,0.00090068247,0.0030379083,0.00028275792,0.00020003822
3,3,crowd-noise,crowd-noise,1.5083284e-06,7.4085394e-05,6.979892e-05,0.9996586,0.000105559,5.5167646e-05,2.3004053e-05,1.2289226e-05
4,4,generator,generator,0.00036447233,0.00052851706,0.00096907833,0.0032351601,0.99292505,7.430582e-05,0.0015900478,0.00031343492
4,4,generator,generator,0.00013956864,0.0005116209,9.9428566e-05,8.2503655e-05,0.9988649,9.7017e-05,0.000105206156,9.9751676e-05
0,6,car-alarm,motorvehicle-horn,0.058740534,0.022554416,0.01570476,0.10160781,0.008088301,0.0032764352,0.7693506,0.020677056
4,4,generator,generator,4.7546538e-07,7.842632e-06,9.388658e-06,2.963918e-06,0.9999653,4.1447365e-06,9.702061e-06,2.241972e-07
1,1,community-radio,community-radio,0.004139473,0.7657822,0.00015346016,0.21395303,0.00062790955,0.007943924,0.0038033973,0.0035965978
6,6,motorvehicle-horn,motorvehicle-horn,0.14609534,0.0019888722,0.0011408711,0.006464113,0.00081921834,0.0005589227,0.838207,0.0047255787
1,1,community-radio,community-radio,0.00057519384,0.56425774,0.00035546906,0.049029853,0.0067274785,0.3771606,0.0008152108,0.0010784484
1,3,community-radio,crowd-noise,0.0042352895,0.22360009,0.11647072,0.41276264,0.06708611,0.0023894063,0.059797212,0.11365856
0,0,car-alarm,car-alarm,0.52454484,0.004582091,0.0062553445,0.009736345,0.0071477704,0.0031992253,0.43457538,0.009959002
1,1,community-radio,community-radio,0.0018384922,0.9671637,7.815138e-05,0.015238847,8.3816056e-05,0.013314332,0.00073821534,0.0015444437
5,5,mobile-music,mobile-music,4.6464145e-05,0.0012376242,0.00034976378,0.00021022341,6.0747177e-05,0.99751675,0.000554482,2.3931198e-05
1,5,community-radio,mobile-music,0.00083035475,0.13177831,0.00012602567,0.007219409,0.00012200297,0.85425454,0.0048840465,0.00078538025
5,5,mobile-music,mobile-music,3.2534088e-05,0.0016662101,0.0001772393,3.375334e-05,7.7751965e-06,0.9979253,0.00014742093,9.7716265e-06
6,6,motorvehicle-horn,motorvehicle-horn,0.263419,0.0076004523,0.025286088,0.013043155,0.016210161,0.0039096638,0.6569672,0.0135643
4,4,generator,generator,3.9122037e-06,2.9533921e-05,3.068381e-05,2.0811818e-05,0.999848,1.6688417e-05,4.4349792e-05,5.9686986e-06
2,2,construction-site,construction-site,1.0279275e-05,0.00047129748,0.9988279,0.0004646272,5.243202e-05,3.2148095e-05,8.2986844e-05,5.8300626e-05
3,2,crowd-noise,construction-site,0.035537973,0.03900139,0.471784,0.11581152,0.007835052,0.004608529,0.32078856,0.0046329373
2,2,construction-site,construction-site,1.0489496e-05,6.0522958e-05,0.9996848,0.00010307002,3.377337e-05,1.6429087e-05,3.497156e-05,5.607086e-05
0,0,car-alarm,car-alarm,0.9996131,1.1411328e-05,1.0194825e-05,7.420643e-06,3.834589e-07,2.0100838e-06,9.7083e-05,0.000258513
4,4,generator,generator,8.454884e-06,0.0006714445,2.2511938e-05,0.00030336212,0.9987979,7.3209696e-05,9.9091354e-05,2.409126e-05
6,1,motorvehicle-horn,community-radio,0.21817312,0.6231088,0.0014023177,0.008048127,0.00077481015,0.039618697,0.016519321,0.092354745
4,5,generator,mobile-music,0.15460853,0.30513403,0.00016141654,0.012344316,0.0925151,0.3337942,0.0037271755,0.09771524
6,0,motorvehicle-horn,car-alarm,0.5083254,0.00680125,0.004480201,0.008479639,0.0011393507,0.00074691523,0.45310664,0.016920675
5,3,mobile-music,crowd-noise,0.025040738,0.11762125,0.14685506,0.29893562,0.039634325,0.22835086,0.13514641,0.008415745
4,4,generator,generator,0.0010206613,0.0026698492,0.0028484217,0.0035214226,0.9533765,0.001375952,0.034649175,0.00053806696
3,3,crowd-noise,crowd-noise,6.109325e-06,0.0003356603,0.0011903443,0.9978434,0.00033464085,0.00014013604,0.00010052552,4.9125378e-05
5,5,mobile-music,mobile-music,1.7945189e-06,0.00038679794,3.3493236e-06,1.0030215e-05,4.320076e-06,0.99957114,1.5438083e-05,7.1606332e-06
0,0,car-alarm,car-alarm,0.9995745,6.131409e-06,6.8088284e-06,4.2256743e-06,3.1703618e-07,9.0568875e-07,4.6818383e-05,0.00036032154
2,2,construction-site,construction-site,2.662506e-05,0.000448768,0.9923394,0.0010127322,0.0030230498,0.0014971471,0.0015977877,5.450592e-05
7,7,motorvehicle-siren,motorvehicle-siren,8.518252e-06,4.189611e-06,2.3632892e-06,2.4601754e-06,2.1141134e-06,5.8268423e-08,1.6633064e-06,0.99997854
0,0,car-alarm,car-alarm,0.5389432,0.0019674944,0.005166675,0.012825216,0.0045447615,0.0006314078,0.4286444,0.007276933
7,7,motorvehicle-siren,motorvehicle-siren,0.00089747924,0.00030038544,8.808152e-05,1.0431026e-05,1.5496405e-05,3.0429363e-05,0.00096485665,0.99769294
2,2,construction-site,construction-site,0.00045320616,0.0037222367,0.92899734,0.0451775,0.012010779,0.0013658858,0.005493581,0.002779382
0,0,car-alarm,car-alarm,0.99935514,2.1421773e-05,1.839504e-05,1.63708e-05,7.946199e-07,3.839855e-06,0.000112839654,0.00047115432
5,5,mobile-music,mobile-music,2.3730296e-05,0.0043852516,4.1552034e-05,0.0003418551,3.8285005e-05,0.9950075,8.123314e-05,8.055357e-05
3,3,crowd-noise,crowd-noise,7.511239e-06,0.00076133007,0.00039019375,0.9984384,8.996196e-05,0.00018641209,9.0549765e-05,3.5588262e-05
6,6,motorvehicle-horn,motorvehicle-horn,0.007204572,6.499769e-05,0.00037401714,0.00053698453,0.00086604763,0.00012275485,0.9899686,0.00086210703
5,5,mobile-music,mobile-music,0.012075703,0.2789762,0.0018190792,0.3044878,0.00066096085,0.39460683,0.0050739916,0.0022994196
3,3,crowd-noise,crowd-noise,0.0001273374,0.006088697,0.00027126554,0.986067,0.0018490016,0.0047793756,0.0005310215,0.00028634115
5,5,mobile-music,mobile-music,6.0853625e-07,0.00027686098,1.7576601e-06,1.2637737e-05,1.0522367e-06,0.99969745,7.6053866e-06,1.983626e-06
1,1,community-radio,community-radio,0.00036624767,0.9698593,6.148108e-05,0.0018605489,3.059123e-05,0.024700956,0.002600866,0.0005199517
0,0,car-alarm,car-alarm,0.99937844,8.7282415e-06,1.0778145e-05,7.126555e-06,4.835678e-07,1.6758845e-06,0.00014825654,0.0004445059
3,3,crowd-noise,crowd-noise,3.3595488e-06,0.00018150026,0.0001322686,0.99895203,0.00056564296,0.00011948389,2.2682027e-05,2.3049568e-05
6,6,motorvehicle-horn,motorvehicle-horn,0.028062161,0.0058028335,0.008361452,0.016839636,0.035227526,0.007101631,0.89516085,0.0034438304
3,3,crowd-noise,crowd-noise,1.2965596e-06,9.514854e-05,6.9475405e-05,0.9996352,0.00011185628,5.8084646e-05,1.6362555e-05,1.24786175e-05
2,2,construction-site,construction-site,2.4796572e-07,9.421627e-07,0.9999589,1.3159342e-05,2.6883909e-06,2.3361632e-07,1.3722803e-06,2.236401e-05
6,2,motorvehicle-horn,construction-site,0.01068344,0.023719002,0.5075626,0.15858507,0.032329336,0.012639991,0.20762487,0.04685572
6,6,motorvehicle-horn,motorvehicle-horn,0.25105837,0.0007289464,0.0022768478,0.0047104848,0.0015759896,0.00031845842,0.73442763,0.0049033123
2,2,construction-site,construction-site,0.00020365727,0.0017053934,0.9767894,0.0036700496,0.012030762,0.0019832968,0.0031672448,0.00045027837
5,5,mobile-music,mobile-music,1.9880792e-06,0.00093998876,1.0303082e-05,2.4237763e-05,3.8539224e-06,0.9989868,1.785145e-05,1.5079825e-05
2,2,construction-site,construction-site,0.0002519311,0.0003620639,0.9760528,0.0015462019,0.0008034708,0.010752253,0.009965513,0.00026562193
1,1,community-radio,community-radio,0.00074003666,0.91046435,0.00094181305,0.013460983,0.00013648384,0.07037785,0.0024242015,0.0014542678
4,4,generator,generator,0.0006009681,0.0019249023,0.06402702,0.0030677165,0.83395106,0.016022079,0.07995225,0.00045399735
4,3,generator,crowd-noise,0.004689071,0.068976186,0.07761618,0.75149983,0.015543841,0.054676924,0.012431978,0.014566061
5,5,mobile-music,mobile-music,0.0016045657,0.39754683,0.00081768254,0.081301376,0.0011187731,0.5033853,0.0031033242,0.011122179
0,0,car-alarm,car-alarm,0.9994879,1.9642379e-05,1.6319924e-05,1.1488284e-05,7.965473e-07,7.0123137e-06,7.408667e-05,0.00038263196
6,6,motorvehicle-horn,motorvehicle-horn,0.0037883986,0.00030589098,0.0012584564,0.0018093754,0.00042370692,0.0019433668,0.990338,0.00013276473
1,1,community-radio,community-radio,7.068283e-05,0.9957409,3.399835e-05,0.00096124073,3.9588573e-05,0.0023059724,0.0003453935,0.00050221424
5,5,mobile-music,mobile-music,0.000101504425,0.27624533,2.616014e-05,0.0009958573,8.0802834e-05,0.7205201,0.00012288362,0.0019073626
1,1,community-radio,community-radio,1.3119871e-05,0.9982497,5.648957e-06,0.00011727309,9.942711e-06,0.0014731248,3.1457304e-05,9.9668956e-05
1,1,community-radio,community-radio,0.00266704,0.908359,0.0024063857,0.047169868,0.0013059161,0.0014726801,0.029215125,0.0074040378
4,4,generator,generator,4.937032e-06,1.2281974e-05,8.7695116e-05,1.928382e-05,0.99975866,4.9760333e-06,0.0001112266,1.0494209e-06
4,4,generator,generator,3.1417773e-07,5.2117443e-06,5.6482972e-06,3.0063552e-06,0.99997485,2.499018e-06,8.246441e-06,1.7828216e-07
3,3,crowd-noise,crowd-noise,0.000114696886,0.00127693,0.09914316,0.8956095,0.0018526054,0.00060364685,0.0010127178,0.00038686098
2,2,construction-site,construction-site,2.2278334e-06,0.0001312583,0.999014,0.00037453772,0.00033868366,1.7371172e-05,0.0001033414,1.8453991e-05
5,5,mobile-music,mobile-music,0.00021004704,0.020327406,0.0072997515,0.002052637,0.0019531664,0.9658871,0.001886365,0.00038353173
4,4,generator,generator,1.6081727e-05,7.836476e-05,0.00016126873,6.224322e-05,0.9994267,5.3487136e-05,0.0001936,8.151043e-06
0,0,car-alarm,car-alarm,0.99977344,1.3759369e-06,1.9142128e-06,1.9110864e-06,8.849736e-08,6.379252e-07,5.553237e-05,0.00016508883
3,3,crowd-noise,crowd-noise,0.013537557,0.045784377,0.044575047,0.7416824,0.08205259,0.004750276,0.0151079185,0.052509807
2,2,construction-site,construction-site,0.0003600368,0.0461592,0.5914291,0.3505361,0.005254418,0.0027954602,0.0023526577,0.0011130177
1,1,community-radio,community-radio,5.847763e-05,0.9958259,8.720207e-05,0.0025325415,6.9951726e-05,0.0008988779,0.00040309064,0.00012395094
1,1,community-radio,community-radio,9.2557966e-05,0.9940169,3.1767955e-05,0.003931823,7.538485e-05,0.00082904205,0.00087830913,0.0001442132
6,6,motorvehicle-horn,motorvehicle-horn,0.101313636,0.0059553944,0.0038157818,0.009288605,0.0014452388,0.0010228037,0.8626078,0.014550816
0,0,car-alarm,car-alarm,0.37479773,0.18271148,0.0038326592,0.21016687,0.0019694534,0.0866076,0.13290593,0.0070082406
4,4,generator,generator,3.4908182e-05,3.1031315e-05,5.277638e-05,5.39003e-05,0.99943215,7.084034e-05,0.0002855985,3.8768394e-05
1,1,community-radio,community-radio,1.1269934e-05,0.9988405,2.7352702e-05,0.00016562578,4.676359e-06,0.00077637064,6.566799e-05,0.000108587934
6,6,motorvehicle-horn,motorvehicle-horn,0.041389693,0.0006952713,0.00061527314,0.00093419035,7.391915e-05,0.00069097336,0.95305556,0.0025450187
0,0,car-alarm,car-alarm,0.9982381,1.1523858e-05,1.2656869e-05,1.4722915e-05,6.9578596e-07,5.7899583e-06,0.0011834981,0.00053298136
1,6,community-radio,motorvehicle-horn,0.051358905,0.24770749,0.0076632136,0.0794896,0.0064397813,0.0226939,0.5544489,0.030198181
3,3,crowd-noise,crowd-noise,6.681327e-06,0.00014426734,6.553176e-05,0.9991868,0.00039176006,0.0001493243,3.2260275e-05,2.331981e-05
4,4,generator,generator,1.2034728e-05,0.00022497613,2.92193e-06,5.6226978e-05,0.999526,0.00011165052,2.43104e-05,4.1793268e-05
1,1,community-radio,community-radio,7.932366e-05,0.9896499,0.00069861906,0.006661446,0.0002004017,0.0014788741,0.0007881118,0.00044340466
1,1,community-radio,community-radio,2.1179963e-05,0.9978243,4.98639e-06,0.00014159414,1.4667708e-06,0.001873245,5.0535353e-05,8.276758e-05
4,3,generator,crowd-noise,0.0077537466,0.028673247,0.29393935,0.4923203,0.102429636,0.022200795,0.028586738,0.024096183
7,7,motorvehicle-siren,motorvehicle-siren,3.1039078e-06,7.592715e-06,1.7070867e-06,2.7813646e-06,2.4325286e-06,1.454569e-07,3.998791e-06,0.9999783
4,4,generator,generator,0.00010316413,1.6613429e-05,0.00025385356,8.2628794e-05,0.99790823,5.967249e-05,0.0015575477,1.8384424e-05
1,1,community-radio,community-radio,0.00013474881,0.9809152,0.00017801979,0.014757362,0.0002057933,0.0015063206,0.0015883152,0.0007142365
1,1,community-radio,community-radio,4.9793616e-05,0.9974099,2.4043971e-05,0.00091356976,7.041117e-05,0.0012069384,0.00020515425,0.000120164375
4,4,generator,generator,0.00022286954,0.00011339517,0.00067462935,0.00032576078,0.9958603,4.5765617e-05,0.00272787,2.9493827e-05
2,2,construction-site,construction-site,0.0050956244,0.00461503,0.91880846,0.026737627,0.007143925,0.003319855,0.03261466,0.0016648128
5,2,mobile-music,construction-site,0.0019869523,0.0062437947,0.8627932,0.008658825,0.001828683,0.09290964,0.02404325,0.0015357089
0,0,car-alarm,car-alarm,0.52332646,0.06438024,0.050440945,0.00477681,0.00019331076,0.011008903,0.0051817917,0.34069148
7,7,motorvehicle-siren,motorvehicle-siren,2.639068e-05,1.1924196e-05,2.9841965e-07,1.2752033e-06,8.925314e-07,2.463927e-07,4.882702e-06,0.9999541
2,2,construction-site,construction-site,6.0677732e-05,0.00020133288,0.9911668,0.00047193965,0.0003842562,0.0019576938,0.005722775,3.4549994e-05
5,1,mobile-music,community-radio,0.011976464,0.4726298,0.15300678,0.2251959,0.016936526,0.03593988,0.07957386,0.004740863
3,3,crowd-noise,crowd-noise,0.00083099987,0.051975273,0.026971301,0.8973936,0.0051968144,0.0024635138,0.0018966486,0.013271822
3,3,crowd-noise,crowd-noise,0.0020338756,0.024813823,0.057138827,0.848784,0.04189234,0.0058407155,0.0104630515,0.009033333
1,1,community-radio,community-radio,2.2104481e-05,0.9959552,4.3224725e-05,0.00052761193,0.00023142432,0.0029595147,0.0002179253,4.2987733e-05
4,4,generator,generator,4.6985497e-06,0.0001443135,3.1763142e-05,8.798199e-05,0.9995371,0.00012215752,3.523291e-05,3.6879814e-05
1,1,community-radio,community-radio,0.000218686,0.98538774,0.00019094297,0.01076958,0.00021776716,0.000987068,0.0015345574,0.00069355255
6,6,motorvehicle-horn,motorvehicle-horn,0.017892493,0.3231989,0.033388883,0.13434716,0.013359125,0.0029607043,0.41360554,0.06124719
6,6,motorvehicle-horn,motorvehicle-horn,0.0087895235,0.0107245045,0.0032325196,0.015069424,0.163344,0.09182974,0.70182127,0.0051889843
0,0,car-alarm,car-alarm,0.9997414,5.0847125e-06,1.6739289e-06,1.5388606e-06,7.630917e-08,1.2199528e-06,3.1985877e-05,0.00021708886
6,6,motorvehicle-horn,motorvehicle-horn,0.054786306,0.07121467,0.10552599,0.31220922,0.042619932,0.048401337,0.34701663,0.018225946
6,6,motorvehicle-horn,motorvehicle-horn,0.040894926,0.0002983811,0.0029644603,0.0014151776,0.0017175857,0.00014147181,0.9492826,0.0032853915
6,6,motorvehicle-horn,motorvehicle-horn,0.2308882,0.0009934827,0.0019260964,0.005685335,0.001876181,0.00045879747,0.75450593,0.0036660398
3,3,crowd-noise,crowd-noise,0.0005486411,0.033999108,0.17520885,0.7787689,0.00223813,0.0044986033,0.0037840642,0.00095375447
4,3,generator,crowd-noise,0.0010220686,0.009124883,0.43765047,0.4840794,0.058704875,0.0043846555,0.0015970134,0.0034366034
5,7,mobile-music,motorvehicle-siren,0.0033680454,0.15632981,0.0006342351,0.00082372053,0.00014899253,0.14034182,0.006785408,0.69156796
2,2,construction-site,construction-site,9.67289e-07,5.3900953e-06,0.9996469,0.00015613167,2.464023e-05,1.3727931e-06,8.384056e-06,0.00015627692
6,6,motorvehicle-horn,motorvehicle-horn,0.0005121664,4.3811715e-06,0.0018135897,3.1393596e-05,0.00028651516,2.9625257e-05,0.9972224,9.992615e-05
1,1,community-radio,community-radio,0.00074096414,0.98926175,0.00017547302,0.0018264335,0.0002576535,0.0045953244,0.00074294105,0.0023994534
1,1,community-radio,community-radio,6.903356e-06,0.998901,4.2319507e-06,0.00022178372,7.003867e-06,0.00076520495,2.778036e-05,6.599511e-05
1,1,community-radio,community-radio,0.0016225243,0.9081267,0.0019078705,0.03932576,0.001285564,0.0020751858,0.01737879,0.028277569
4,4,generator,generator,6.192665e-05,0.00035099886,0.0004894797,0.00020091578,0.99822587,0.00014933643,0.00049538934,2.6190604e-05
5,5,mobile-music,mobile-music,8.806162e-05,0.04813529,0.00034346638,0.00080908474,5.1062627e-05,0.9499538,0.00042006382,0.00019909558
6,0,motorvehicle-horn,car-alarm,0.5780632,0.009040352,0.0077130087,0.01233052,0.005045629,0.002429493,0.37699148,0.0083863605
7,7,motorvehicle-siren,motorvehicle-siren,4.3453358e-05,1.606464e-05,5.2032037e-06,7.0112374e-06,2.6321595e-06,1.3683726e-06,1.4933346e-05,0.9999093
1,1,community-radio,community-radio,0.00023191462,0.9922816,9.1126276e-05,0.0021111255,3.3561104e-05,0.0043084356,0.00075202994,0.00019018285
1,1,community-radio,community-radio,0.0002815655,0.9849798,0.00014068927,0.010070703,0.0003138521,0.0018779397,0.0016086483,0.00072675414
1,1,community-radio,community-radio,8.181396e-05,0.99687445,4.509741e-05,0.0009876556,5.26724e-05,0.0015028808,0.00020019119,0.00025511827
4,2,generator,construction-site,0.00048017202,0.0065646013,0.8171188,0.03222033,0.03827564,0.00061670237,0.08852333,0.016200375
2,2,construction-site,construction-site,2.6431986e-05,0.004540263,0.6846463,0.30672607,0.0020770216,0.0008966125,0.00069633935,0.00039092737
5,5,mobile-music,mobile-music,3.992577e-05,0.0008768317,8.580831e-05,0.0006709205,0.000106532,0.9980459,0.0001151297,5.8903126e-05
5,2,mobile-music,construction-site,0.000321314,0.0007386378,0.9065784,0.0009817122,0.0011467643,0.07405896,0.015975786,0.0001983797
3,3,crowd-noise,crowd-noise,3.4711916e-06,0.001002167,0.000105162704,0.9983247,0.00026862996,0.00010614125,4.1907093e-05,0.00014775204
1,1,community-radio,community-radio,4.449313e-05,0.9940346,0.00058468664,0.0024407813,8.580544e-05,0.0020270192,0.00059584907,0.00018681727
2,2,construction-site,construction-site,0.0007846869,0.004425898,0.9636354,0.009494133,0.003303682,0.006361249,0.010775267,0.00121959
1,5,community-radio,mobile-music,0.003927614,0.38486448,0.0028511328,0.032420192,0.00079442235,0.5697789,0.0033665367,0.0019966948
3,3,crowd-noise,crowd-noise,0.071206465,0.035553418,0.08763621,0.49167842,0.0044671055,0.024803035,0.28145984,0.003195535
5,5,mobile-music,mobile-music,4.988192e-06,0.0003059165,4.952471e-06,1.728729e-05,6.004057e-06,0.9996147,2.1184002e-05,2.4866147e-05
5,5,mobile-music,mobile-music,0.00017552968,0.015507808,0.00010385587,0.0025243128,5.4639644e-05,0.98093396,0.0005539455,0.00014598445
3,3,crowd-noise,crowd-noise,4.060228e-06,0.0001503061,0.00013891315,0.99937916,0.00014421971,0.00012523455,4.003508e-05,1.804409e-05
5,5,mobile-music,mobile-music,6.4914775e-06,0.0059485896,6.305294e-06,8.458279e-05,2.1061851e-05,0.99375796,0.00014332499,3.1641237e-05
4,4,generator,generator,6.2825966e-05,0.00021767024,0.00022217877,0.0001807612,0.99868494,0.00013115151,0.00048249465,1.7928262e-05
7,7,motorvehicle-siren,motorvehicle-siren,1.1925307e-05,4.6464284e-06,5.771255e-07,7.728347e-07,1.641718e-06,1.786999e-07,5.5833552e-06,0.99997485
2,4,construction-site,generator,0.0047722547,0.03143297,0.11828361,0.17013043,0.5242136,0.007454927,0.13406798,0.009644242
5,5,mobile-music,mobile-music,0.000111926034,0.0010344136,6.426335e-05,0.0010005018,5.0900293e-05,0.99740005,0.00027939872,5.8494712e-05
4,4,generator,generator,6.0550556e-05,5.7686622e-05,3.518123e-05,6.755598e-05,0.99859947,3.0409154e-05,0.0011450598,4.0817263e-06
7,7,motorvehicle-siren,motorvehicle-siren,3.0129726e-05,1.3695976e-05,7.686942e-07,1.2827653e-06,1.999853e-06,4.728296e-07,1.3999429e-05,0.99993765
4,4,generator,generator,9.629134e-06,0.0011468757,0.004278022,0.018864077,0.97511226,0.00021487163,0.0002460794,0.00012806624
0,0,car-alarm,car-alarm,0.9992488,5.5017936e-06,6.0762336e-06,2.4539881e-06,1.5906096e-07,1.0510145e-06,2.9997336e-05,0.0007059695
6,6,motorvehicle-horn,motorvehicle-horn,0.196528,0.0015159675,0.015483844,0.010295674,0.014009329,0.0010051815,0.75631225,0.0048497226
3,4,crowd-noise,generator,0.00063649076,0.2621387,0.08424188,0.14801562,0.4789697,0.017035017,0.006330237,0.0026323455
3,3,crowd-noise,crowd-noise,0.00076247996,0.00779609,0.00043754233,0.9831066,0.00019121481,0.005944478,0.0011276361,0.0006339606
4,4,generator,generator,0.012791244,0.0023795068,0.009999581,0.0040717633,0.9081161,0.0014549276,0.060150076,0.001036706
2,2,construction-site,construction-site,0.0122225275,0.014000887,0.5324786,0.17606214,0.029261056,0.004822433,0.2018189,0.029333485
2,2,construction-site,construction-site,5.574043e-06,0.00034859774,0.9985946,0.00036467685,0.00025957605,6.248782e-05,0.00034366993,2.0904148e-05
1,5,community-radio,mobile-music,0.0016205936,0.09325788,0.003917254,0.003909277,0.0031457553,0.8898352,0.0037152015,0.0005988493
4,4,generator,generator,0.00030785648,0.00063076545,0.0051981113,0.001498626,0.9861856,0.0028271643,0.0029028398,0.00044901765
0,0,car-alarm,car-alarm,0.9991518,4.341748e-06,2.4898914e-06,2.0408543e-06,8.7725624e-08,5.052312e-07,1.7205746e-05,0.00082152756
2,1,construction-site,community-radio,0.00014005823,0.79786795,0.03069463,0.099516794,0.026074084,0.041699518,0.0021987136,0.0018082504
0,0,car-alarm,car-alarm,0.9995902,7.98428e-06,6.3958723e-06,4.199242e-06,2.4248445e-07,3.2009034e-06,6.5214816e-05,0.00032254765
3,3,crowd-noise,crowd-noise,2.8526206e-06,0.0001257387,7.605918e-05,0.99954754,0.00010447423,9.562284e-05,2.781876e-05,1.9803641e-05
0,7,car-alarm,motorvehicle-siren,0.0032244646,0.09594729,0.0026232905,0.032406934,0.004882827,0.003921801,0.00087307737,0.85612035
2,2,construction-site,construction-site,9.2602946e-05,0.0001645763,0.99886763,0.0002914466,9.524699e-05,1.955843e-05,5.4264205e-05,0.00041456136
1,1,community-radio,community-radio,8.8606124e-05,0.99607265,5.387421e-05,0.0025885333,7.293304e-05,0.00029800629,0.00038393703,0.0004413811
4,4,generator,generator,2.3141075e-07,4.419282e-06,4.1314597e-06,1.7897862e-06,0.9999821,2.0987113e-06,5.105044e-06,1.17228424e-07
0,0,car-alarm,car-alarm,0.99884206,9.4621406e-05,4.1458825e-05,5.9155496e-05,1.6806237e-06,1.8825513e-05,0.00018779922,0.00075447356
2,2,construction-site,construction-site,2.4947738e-06,4.1222997e-05,0.9998097,6.966508e-05,1.9416584e-05,1.6524169e-05,2.018757e-05,2.0881318e-05
6,4,motorvehicle-horn,generator,0.003023035,0.15086703,0.14840774,0.057161406,0.3846825,0.028452462,0.20246124,0.024944574
2,2,construction-site,construction-site,0.0015711098,0.015849106,0.8897642,0.057240725,0.0062999087,0.011226701,0.015688833,0.0023594464
5,5,mobile-music,mobile-music,1.9734553e-06,0.00023585944,7.2999987e-06,2.1214559e-05,6.0643224e-06,0.9996972,2.5209978e-05,5.2693117e-06
4,4,generator,generator,3.3548295e-05,0.00014584046,0.00019600982,0.00012574487,0.99909353,3.614548e-05,0.00035831172,1.0846085e-05
6,1,motorvehicle-horn,community-radio,0.004176979,0.66031486,0.038674295,0.12210124,0.059843607,0.05318629,0.052838337,0.0088644065
6,0,motorvehicle-horn,car-alarm,0.64976764,0.002383338,0.0034772754,0.0041549564,0.0016681533,0.0005719997,0.328661,0.0093157
1,1,community-radio,community-radio,2.048575e-05,0.99808025,7.431124e-06,0.00037297132,3.986699e-05,0.0013173616,2.8714132e-05,0.00013296983
4,4,generator,generator,2.3027426e-06,2.503873e-05,2.2259801e-05,1.7386232e-05,0.99989057,1.278536e-05,2.6129912e-05,3.5400308e-06
3,3,crowd-noise,crowd-noise,0.00034143665,0.00780083,0.0010479655,0.9853258,0.001053002,0.0017623915,0.0020159406,0.00065261376
0,0,car-alarm,car-alarm,0.9993704,8.584874e-06,8.458576e-06,7.323227e-06,3.7704814e-07,2.029433e-06,0.00011118053,0.00049166457
4,4,generator,generator,6.007257e-07,0.00010914805,3.056509e-06,3.3748704e-05,0.9997924,4.663116e-05,1.0359274e-05,4.082696e-06
6,6,motorvehicle-horn,motorvehicle-horn,0.31885642,0.0007533274,0.0010719569,0.0021593785,0.0016617017,0.0007035814,0.66947687,0.005316761
1,1,community-radio,community-radio,4.9155933e-05,0.9834737,0.0012032065,0.010633577,0.0010888744,0.0020063254,0.00048029146,0.0010648757
1,1,community-radio,community-radio,0.00018846252,0.901921,0.0005835967,0.0065106135,0.00075182726,0.08890706,0.00072612957,0.0004113857
1,1,community-radio,community-radio,0.00014078419,0.9838938,0.00015059812,0.0013411897,0.00013266786,0.013936946,0.0001311286,0.00027300374
3,3,crowd-noise,crowd-noise,2.1301435e-06,7.7105076e-05,0.00031083543,0.99928623,0.00020397376,6.8548594e-05,3.1696956e-05,1.947316e-05
2,2,construction-site,construction-site,0.0030899462,0.058044717,0.895229,0.032971315,0.001341294,0.0039340127,0.0030680706,0.0023217015
2,2,construction-site,construction-site,3.359074e-06,7.207301e-05,0.99802256,0.00036865042,0.001226247,1.4685747e-05,0.0002807918,1.164558e-05
0,0,car-alarm,car-alarm,0.9991775,3.0663934e-05,2.6079151e-05,1.9666753e-05,1.1473522e-06,1.3529697e-05,0.0001117459,0.0006196072
2,2,construction-site,construction-site,2.0704845e-06,1.3341898e-05,0.999764,0.00013706108,1.4877279e-05,2.864553e-06,1.1776767e-05,5.4016968e-05
2,2,construction-site,construction-site,4.7419776e-06,7.1316834e-05,0.99950504,0.00011941898,0.00014610158,2.9256846e-05,0.00010561699,1.8518629e-05
5,5,mobile-music,mobile-music,4.5021093e-06,0.0009246451,4.120272e-06,0.0001988394,2.0062198e-05,0.9987534,4.3826727e-05,5.0546627e-05
6,6,motorvehicle-horn,motorvehicle-horn,0.0045559737,4.0580388e-05,0.00061899784,0.00039534335,0.00013048503,0.00034611416,0.99382305,8.9497524e-05
3,6,crowd-noise,motorvehicle-horn,0.2751654,0.09093074,0.0071180603,0.11242957,0.003194189,0.011894451,0.48483446,0.014433131
1,1,community-radio,community-radio,8.145548e-05,0.9947666,5.5451903e-05,0.0035902709,5.422908e-05,0.00054421625,0.0006047006,0.0003031444
2,2,construction-site,construction-site,7.402142e-05,0.00019364289,0.9833957,0.00047094937,0.00022113406,0.0062737516,0.009325465,4.527825e-05
0,0,car-alarm,car-alarm,0.9991974,7.84156e-06,7.5786e-06,3.8792587e-06,3.7928612e-07,7.2614574e-07,3.3417695e-05,0.00074882724
3,6,crowd-noise,motorvehicle-horn,0.13099182,0.006602952,0.065741226,0.07010607,0.3439715,0.019469833,0.3539411,0.009175588
4,4,generator,generator,3.1255834e-06,7.3018346e-05,0.000116480514,1.958756e-05,0.99947125,0.00014309569,0.00016619364,7.301447e-06
4,4,generator,generator,0.0005697958,0.046146438,0.046622895,0.043319102,0.84974957,0.0028038821,0.009747595,0.0010407324
0,0,car-alarm,car-alarm,0.99977046,3.023883e-06,1.2756806e-06,1.4994381e-06,7.952932e-08,8.234897e-07,4.5115426e-05,0.00017771339
7,7,motorvehicle-siren,motorvehicle-siren,2.7045362e-05,5.136528e-05,0.00011955857,3.1100146e-05,1.29671525e-05,3.7426457e-07,1.0481041e-05,0.9997471
4,4,generator,generator,1.1174766e-05,6.764243e-05,6.431799e-05,4.761972e-05,0.9996885,3.6456713e-05,7.94556e-05,4.906e-06
2,2,construction-site,construction-site,0.0012340301,0.0063727326,0.9374688,0.012443731,0.0053079803,0.016651774,0.019055262,0.0014657236
4,4,generator,generator,1.3280176e-06,0.00047645124,1.8472796e-06,5.2390624e-05,0.99933547,0.000115382274,4.0527543e-06,1.3031882e-05
0,6,car-alarm,motorvehicle-horn,0.26094803,0.02612888,0.004453681,0.017524974,0.0030889965,0.004144179,0.6610517,0.022659522
0,0,car-alarm,car-alarm,0.99904424,3.6381505e-06,4.850976e-06,2.8734476e-06,2.0805102e-07,3.1307277e-07,3.123273e-05,0.0009125939
0,0,car-alarm,car-alarm,0.9995542,9.481995e-06,5.096167e-06,5.169174e-06,4.9037203e-07,2.2822576e-06,7.3574185e-05,0.0003496831
6,6,motorvehicle-horn,motorvehicle-horn,0.016300442,0.008352462,0.0453809,0.12091778,0.0657657,0.0010115963,0.62031233,0.12195873
6,0,motorvehicle-horn,car-alarm,0.5047909,0.0059847296,0.0020368756,0.008864655,0.0015951777,0.001498455,0.46142375,0.013805389
1,1,community-radio,community-radio,0.0034546533,0.9865537,3.9483468e-05,0.0011403253,0.00017981588,0.0072060023,0.0004547448,0.000971309
7,7,motorvehicle-siren,motorvehicle-siren,0.0131349685,0.047212563,0.26261443,0.117699064,0.012077311,0.14683463,0.10169003,0.298737
4,4,generator,generator,0.00010796568,0.0266531,0.006611077,0.002368275,0.9530084,0.008088478,0.002495199,0.0006674803
0,0,car-alarm,car-alarm,0.99964154,1.3344985e-05,3.9555703e-06,9.524797e-06,7.5858134e-07,4.0630252e-06,0.00017993804,0.00014688047
6,6,motorvehicle-horn,motorvehicle-horn,0.013881639,0.00041334328,0.00064020714,0.0037808805,0.0006560402,0.00015786945,0.9545881,0.02588201
0,0,car-alarm,car-alarm,0.999806,5.5014866e-06,1.6323194e-06,2.8058626e-06,9.4254396e-08,1.6645967e-06,6.0711653e-05,0.00012163825
1,3,community-radio,crowd-noise,0.0795312,0.030467791,0.089324616,0.70066315,0.01681941,0.047601316,0.012981196,0.02261139
4,4,generator,generator,3.4238562e-06,0.00012362318,1.9797655e-05,3.7529277e-05,0.99975437,2.5143181e-05,2.8916036e-05,7.1082372e-06
1,1,community-radio,community-radio,2.4819738e-05,0.62347215,0.00014963449,0.0006070401,1.2076027e-05,0.37538752,0.00027610263,7.066191e-05
0,0,car-alarm,car-alarm,0.99975187,9.64127e-06,1.9788044e-06,4.2641855e-06,1.120635e-07,2.8246595e-06,9.191771e-05,0.00013740727
7,7,motorvehicle-siren,motorvehicle-siren,9.032506e-06,3.246777e-05,0.000105539526,8.128434e-05,2.6913976e-05,5.5018666e-07,9.71241e-06,0.99973446
7,7,motorvehicle-siren,motorvehicle-siren,8.821801e-05,3.2675827e-05,5.4943303e-06,1.2767635e-05,4.2500742e-05,3.28975e-06,0.00024827503,0.99956673
7,7,motorvehicle-siren,motorvehicle-siren,2.9194223e-05,1.1675533e-05,8.3901165e-07,1.2416746e-06,1.4501993e-06,5.705979e-07,1.2265529e-05,0.9999428
6,5,motorvehicle-horn,mobile-music,0.0015499892,0.0030057,0.35299116,0.007248042,0.0093135685,0.5582368,0.06528774,0.0023670322
1,1,community-radio,community-radio,0.0005110787,0.9796199,0.0007457126,0.01124331,0.0005622005,0.0045135953,0.0019337076,0.0008704983
3,3,crowd-noise,crowd-noise,3.985053e-06,0.00060335355,0.00047608247,0.99827397,0.0002648238,0.00015772552,6.0329337e-05,0.00015978163
4,4,generator,generator,0.0097822305,0.050444078,0.06957231,0.052162528,0.63329214,0.077796355,0.09867197,0.008278396
2,2,construction-site,construction-site,1.1770093e-05,0.00012934658,0.9988279,0.00072260684,8.667735e-05,2.7594844e-05,4.9247625e-05,0.00014478216
6,6,motorvehicle-horn,motorvehicle-horn,0.049300022,0.16422985,0.016810512,0.15561183,0.13388479,0.052850015,0.3850596,0.04225333
7,7,motorvehicle-siren,motorvehicle-siren,0.1780606,0.002118594,0.00058703707,0.0015571447,0.00031460973,0.00011528932,0.21318209,0.6040646
3,1,crowd-noise,community-radio,0.005863745,0.6609025,0.0014123967,0.26629636,0.0015819783,0.041740455,0.0077921967,0.014410389
3,3,crowd-noise,crowd-noise,0.00046821203,0.015413645,0.005174281,0.97204214,0.00059572735,0.0028289442,0.0030835494,0.00039349069
3,3,crowd-noise,crowd-noise,2.8843394e-06,7.343343e-05,4.194094e-05,0.99963427,0.00013189534,8.205368e-05,2.114415e-05,1.2334955e-05
0,6,car-alarm,motorvehicle-horn,0.10613959,0.07464566,0.03572771,0.07934786,0.080795944,0.059978854,0.53925705,0.024107419
5,5,mobile-music,mobile-music,9.586264e-06,0.004847334,0.00020093672,0.00049257657,0.0002714417,0.9940196,0.00013149016,2.706413e-05
6,6,motorvehicle-horn,motorvehicle-horn,0.22381802,0.0017154271,0.0011248233,0.005465432,0.0018071152,0.0004584261,0.7612355,0.00437523
2,2,construction-site,construction-site,0.0001407559,0.011065419,0.90936583,0.04888516,0.010203727,0.0005976677,0.0017110398,0.018030316
3,3,crowd-noise,crowd-noise,2.7406363e-06,0.00020784923,0.00010801581,0.9993042,0.00014108677,0.0001886427,3.062293e-05,1.696051e-05
1,1,community-radio,community-radio,0.003970036,0.8503652,0.00017867962,0.070864625,0.00076405023,0.004046782,0.06798274,0.0018279237
3,3,crowd-noise,crowd-noise,0.02309869,0.42090973,0.009078739,0.4900331,0.006214702,0.01691697,0.02498708,0.008760947
2,2,construction-site,construction-site,6.5039494e-05,0.00029570656,0.99500906,0.0031866946,0.0003953536,0.00017486348,0.00042704842,0.0004463648
0,0,car-alarm,car-alarm,0.9991571,1.974366e-05,3.2045887e-06,2.2256422e-06,1.5347575e-07,3.2247551e-06,0.00022173418,0.00059256586
0,0,car-alarm,car-alarm,0.99961036,4.3275936e-06,6.123185e-06,5.515649e-06,3.0634644e-07,8.7077115e-07,4.896407e-05,0.00032357793
2,2,construction-site,construction-site,0.01118552,0.18798634,0.587107,0.0748807,0.031932037,0.013481853,0.07978393,0.0136426315
5,5,mobile-music,mobile-music,3.065062e-07,4.561514e-05,6.404021e-07,3.2974744e-06,1.0776214e-06,0.99994266,4.165843e-06,2.1650437e-06
6,6,motorvehicle-horn,motorvehicle-horn,0.011641094,0.0023620685,0.0049044336,0.013707172,0.0054884395,0.01995872,0.9407132,0.001224818
7,7,motorvehicle-siren,motorvehicle-siren,1.572669e-05,3.6347894e-05,2.1286357e-06,4.732955e-06,2.2855731e-06,1.5502291e-06,5.1420056e-06,0.99993205
6,6,motorvehicle-horn,motorvehicle-horn,0.39004606,0.0032948472,0.0018667202,0.004353981,0.00073457527,0.0010793954,0.5926516,0.005972901
4,4,generator,generator,1.7490319e-07,3.0981644e-06,5.087173e-06,1.7155011e-06,0.9999839,1.4183753e-06,4.617502e-06,1.00500344e-07
3,2,crowd-noise,construction-site,0.0053223097,0.011268012,0.7159581,0.15487383,0.054948702,0.010008907,0.033136427,0.014483635
3,3,crowd-noise,crowd-noise,0.0010575363,0.019415313,0.0025140608,0.9606796,0.0007453681,0.012072821,0.0029895625,0.0005257973
5,3,mobile-music,crowd-noise,0.007873141,0.08108911,0.13571668,0.62095356,0.013679674,0.00290418,0.12524289,0.012540855
2,2,construction-site,construction-site,4.157588e-05,0.00079936994,0.99664813,0.0006873439,7.344638e-05,0.0005343084,0.0010366456,0.0001792494
1,1,community-radio,community-radio,0.000881249,0.9531997,0.0038682122,0.025936933,0.005322979,0.0027585046,0.0059013832,0.0021311457
3,3,crowd-noise,crowd-noise,4.973661e-06,0.00043218903,0.00014703826,0.99880755,0.00019468744,7.520364e-05,5.4399698e-05,0.00028400595
0,0,car-alarm,car-alarm,0.99921227,5.4466523e-06,2.37406e-06,2.3345829e-06,1.214107e-07,4.9300365e-07,3.2869386e-05,0.00074409146
1,1,community-radio,community-radio,0.0030401323,0.95270395,0.00055362366,0.015231529,0.00031841616,0.0224993,0.0015852737,0.0040677763
2,2,construction-site,construction-site,0.0006509807,0.001666115,0.95968956,0.019042432,0.0045438674,0.0015841885,0.011869241,0.00095356785
7,7,motorvehicle-siren,motorvehicle-siren,1.09002485e-05,4.93937e-06,9.242054e-07,2.028523e-06,1.3228974e-06,2.4986252e-07,3.0393826e-06,0.9999765
5,5,mobile-music,mobile-music,5.4531656e-06,0.0002480924,9.386914e-06,3.4111683e-05,8.040448e-06,0.9996691,1.9540312e-05,6.330786e-06
4,4,generator,generator,1.2136835e-06,1.707156e-05,6.8768054e-06,9.076699e-06,0.99992216,2.0607085e-05,1.5905101e-05,7.1597397e-06
2,2,construction-site,construction-site,8.750567e-05,0.0015703902,0.9731513,0.022024944,0.0011375685,0.000660834,0.00040474406,0.0009626812
7,5,motorvehicle-siren,mobile-music,2.3531591e-05,0.11626242,1.0108078e-05,0.00078290136,0.00020934109,0.882213,0.00023234347,0.00026632927
1,7,community-radio,motorvehicle-siren,0.009230853,0.007892405,3.3187393e-05,0.000566533,0.00090225553,0.00090783904,0.008896323,0.9715707
5,5,mobile-music,mobile-music,5.0898776e-05,0.00901593,6.341938e-05,0.0002812422,9.616584e-05,0.9902582,0.00018108693,5.3021784e-05
2,2,construction-site,construction-site,6.978518e-05,0.00043162168,0.9947338,0.0034107617,0.0003179568,0.00022894077,0.0004688888,0.00033830252
6,6,motorvehicle-horn,motorvehicle-horn,0.0025568898,0.0005386136,0.014610865,0.00055269024,0.00113578,0.017908502,0.9626228,7.381726e-05
7,7,motorvehicle-siren,motorvehicle-siren,0.0012222496,4.0249697e-06,2.1784954e-06,4.580006e-06,3.5527858e-06,3.9597484e-07,0.00034539224,0.99841774
5,5,mobile-music,mobile-music,0.0016308501,0.42417216,0.0029732818,0.03339406,0.014096277,0.508729,0.010414886,0.0045895204
1,1,community-radio,community-radio,0.0015454742,0.65481484,0.0014678201,0.32588193,0.0017938527,0.0047532297,0.008103132,0.0016397932
1,1,community-radio,community-radio,8.536606e-05,0.996161,5.9763923e-05,0.0012107529,0.00027549776,0.0014085999,0.0005889901,0.00020993412
2,2,construction-site,construction-site,0.0005983016,0.0028778971,0.9684171,0.018622,0.0029081493,0.0017871255,0.00203831,0.0027510484
4,4,generator,generator,7.239927e-07,3.0457143e-06,4.459837e-05,4.7574677e-06,0.99986506,2.01884e-05,5.311681e-05,8.513737e-06
7,7,motorvehicle-siren,motorvehicle-siren,1.1419032e-05,9.819406e-06,1.0454627e-05,1.3212119e-05,6.8853133e-06,2.1475428e-07,5.301281e-06,0.99994266
2,2,construction-site,construction-site,7.468499e-05,0.00022514831,0.9891446,0.0014250326,0.00022146417,0.003433459,0.0053959074,7.962187e-05
1,1,community-radio,community-radio,0.002375181,0.5756807,0.0020131178,0.07263235,0.002079533,0.017324384,0.002852503,0.3250422
6,6,motorvehicle-horn,motorvehicle-horn,0.29469836,0.0019972615,0.0022191044,0.009600951,0.0031690074,0.00080731837,0.68184024,0.0056677926
7,7,motorvehicle-siren,motorvehicle-siren,7.4450604e-06,1.0953711e-05,4.3230775e-05,1.1284499e-05,7.187656e-06,1.4541718e-07,4.709062e-06,0.999915
5,5,mobile-music,mobile-music,1.2429759e-05,0.028563276,0.00013785828,0.00022394264,3.100216e-05,0.9709372,4.8255064e-05,4.6086112e-05
2,2,construction-site,construction-site,0.0010099856,0.0014896556,0.9938689,0.0018731112,0.0004387267,0.00033589106,0.00039037873,0.00059336144
0,0,car-alarm,car-alarm,0.99822456,4.5790844e-06,8.444971e-06,3.7332184e-06,2.7575388e-07,3.7301453e-07,2.62436e-05,0.0017318176
7,7,motorvehicle-siren,motorvehicle-siren,0.00036762454,0.0001923443,0.010504643,0.0002051374,0.00024195449,9.647065e-07,0.0002222585,0.98826516
5,5,mobile-music,mobile-music,2.1198339e-06,0.00037363858,2.1255098e-06,2.0479652e-05,7.5275716e-06,0.99952316,3.6733385e-05,3.4170353e-05
5,5,mobile-music,mobile-music,0.0006366961,0.009729985,0.00030597296,0.0024210399,0.00046759317,0.98446226,0.0016012952,0.0003752127
3,3,crowd-noise,crowd-noise,5.0716712e-06,0.00015616493,0.00012650302,0.9992803,0.00013090097,0.00023912758,4.204477e-05,2.0069563e-05
4,6,generator,motorvehicle-horn,0.01195647,0.0015840828,0.07848614,0.0056990585,0.08719002,0.03378381,0.7692017,0.012098788
3,3,crowd-noise,crowd-noise,2.61376e-06,6.588641e-05,2.625666e-05,0.99970657,9.844694e-05,7.302342e-05,1.787266e-05,9.29246e-06
3,3,crowd-noise,crowd-noise,6.760875e-07,0.00015341137,9.251831e-05,0.9992785,0.00035510247,7.1826114e-05,1.8446699e-05,2.9509469e-05
6,6,motorvehicle-horn,motorvehicle-horn,0.22653666,0.0075048306,0.012161368,0.0149955405,0.03743177,0.0084510995,0.6863498,0.0065688747
1,1,community-radio,community-radio,0.018908368,0.48614088,0.0025429302,0.25809848,0.0021785004,0.0024651792,0.22483239,0.004833341
1,1,community-radio,community-radio,0.00023184418,0.94577736,9.643758e-05,0.005909792,0.015714556,0.014802949,0.00025207765,0.017215107
3,3,crowd-noise,crowd-noise,0.0001934783,0.01706561,0.09652757,0.87234634,0.0050208466,0.0014384114,0.0011405058,0.00626726
4,4,generator,generator,2.040588e-05,9.735492e-05,0.00016060375,7.948719e-05,0.99935454,2.7378108e-05,0.00025214232,8.086265e-06
2,2,construction-site,construction-site,0.00015249853,0.0013669406,0.97376686,0.0018112932,0.00087270036,0.015135097,0.0068213083,7.32457e-05
7,7,motorvehicle-siren,motorvehicle-siren,0.0002138646,0.00074057415,2.7149828e-05,1.8779932e-05,1.6999069e-05,6.6565284e-05,0.00020148706,0.99871457
6,6,motorvehicle-horn,motorvehicle-horn,0.44635484,0.0031873083,0.011793658,0.010469713,0.0050179996,0.0008994273,0.50582635,0.016450658
0,0,car-alarm,car-alarm,0.9997565,5.3870685e-06,2.0403431e-06,3.8072562e-06,4.1041227e-07,2.1796238e-06,4.6621928e-05,0.00018316679
4,4,generator,generator,0.0006419173,0.054841936,0.003462159,0.008847326,0.9048562,0.020139063,0.00687368,0.00033770624
6,6,motorvehicle-horn,motorvehicle-horn,0.019193444,0.00071470486,0.031819478,0.0058634668,0.077755675,0.00035008485,0.8342967,0.030006416
2,6,construction-site,motorvehicle-horn,0.1000699,0.048073854,0.00447064,0.01391122,0.00033181635,0.0023690846,0.806683,0.024090474
3,3,crowd-noise,crowd-noise,2.1482015e-06,5.384977e-05,0.0001804687,0.9994098,0.00017124704,0.00011390716,4.0054827e-05,2.8595334e-05
4,4,generator,generator,5.128105e-06,0.00033913084,0.0028931121,0.0005894338,0.995773,4.1174662e-05,0.00033244258,2.6579419e-05
5,5,mobile-music,mobile-music,4.8598497e-07,8.634684e-05,8.3512583e-07,4.6654404e-06,1.7055653e-06,0.99990106,3.2757516e-06,1.650869e-06
6,6,motorvehicle-horn,motorvehicle-horn,0.067844436,0.005625243,0.050571285,0.0214624,0.0058202744,0.029869616,0.7960025,0.022804255
4,4,generator,generator,0.002489093,0.004507169,0.0014186656,0.003979441,0.9461529,0.0031307545,0.03628792,0.0020340895
7,7,motorvehicle-siren,motorvehicle-siren,1.9034222e-05,1.5722948e-05,3.6245865e-07,1.2965977e-06,8.4781533e-07,4.3011846e-07,3.0316878e-06,0.99995923
0,0,car-alarm,car-alarm,0.998536,2.9399544e-05,1.9946667e-06,2.2593633e-06,1.2207934e-07,5.450139e-06,0.00030843134,0.0011163609
5,3,mobile-music,crowd-noise,0.039054167,0.06721838,0.0406891,0.33848652,0.11869303,0.08048108,0.3039286,0.011449134
0,6,car-alarm,motorvehicle-horn,0.30608678,0.0029774774,0.003785241,0.0072008925,0.003453924,0.0018905847,0.6636568,0.010948415
2,3,construction-site,crowd-noise,0.0031173867,0.115495495,0.20078889,0.6498422,0.00641148,0.013578862,0.005384892,0.00538077
3,1,crowd-noise,community-radio,0.0019701691,0.8249189,0.03416693,0.1060288,0.015154297,0.008599336,0.0067627574,0.0023987305
6,6,motorvehicle-horn,motorvehicle-horn,0.26904392,0.006122811,0.006071925,0.01532779,0.0045563723,0.0007822756,0.6387397,0.0593553
3,2,crowd-noise,construction-site,0.014477533,0.016812293,0.5559891,0.20026828,0.06469191,0.012986297,0.11597226,0.018802332
1,1,community-radio,community-radio,0.00015561224,0.8089867,0.0002611558,0.008494504,0.0017121047,0.17915247,0.00017499476,0.0010624451
1,1,community-radio,community-radio,0.0001617563,0.9906674,0.0003978321,0.0045883693,0.00044305722,0.0005696799,0.0010956869,0.0020761932
6,6,motorvehicle-horn,motorvehicle-horn,0.21006137,0.04294992,0.0137079535,0.036871385,0.0041354825,0.030978529,0.637196,0.024099346
4,2,generator,construction-site,0.00034742054,0.004752443,0.7929817,0.025646983,0.16412282,0.0012842175,0.010049942,0.00081451127
4,4,generator,generator,2.3829067e-07,5.330235e-06,5.2239143e-06,2.8714833e-06,0.99997747,2.2651986e-06,6.4486558e-06,1.472827e-07
3,3,crowd-noise,crowd-noise,0.017452411,0.22800423,0.0015077641,0.69311994,0.0075785397,0.014067088,0.026857473,0.011412564
6,6,motorvehicle-horn,motorvehicle-horn,0.004939841,0.0012763597,0.003979898,0.000638448,0.0017328858,0.0031357568,0.98415965,0.00013718593
0,0,car-alarm,car-alarm,0.9784491,0.0027451357,0.005499209,0.003568376,0.00020171603,0.0032620127,0.0019348004,0.004339647
1,2,community-radio,construction-site,0.00057971076,0.0011399385,0.97984225,0.006019157,0.0006601247,0.0021233298,0.008783606,0.00085189
5,5,mobile-music,mobile-music,7.6590726e-07,0.0011435762,2.0552684e-06,1.8685443e-05,3.0079667e-05,0.9987915,8.383091e-06,4.8702764e-06
2,2,construction-site,construction-site,0.00057654583,0.0007119194,0.98772997,0.00081043865,0.00031342037,0.0031686113,0.0027177667,0.003971468
1,1,community-radio,community-radio,0.0002586237,0.9913254,6.445019e-05,0.0030038226,0.00012999162,0.0036161402,0.00042858935,0.001172951
5,5,mobile-music,mobile-music,0.0022309832,0.13002367,0.014153888,0.0051258295,0.0012737607,0.831262,0.015069811,0.0008600484
1,2,community-radio,construction-site,0.009755619,0.031568956,0.56207424,0.26312926,0.032625433,0.023100546,0.061307494,0.016438404
4,4,generator,generator,4.9257216e-07,8.87505e-06,7.271845e-06,3.248404e-06,0.9999671,4.3335413e-06,8.464377e-06,2.2717764e-07
3,3,crowd-noise,crowd-noise,3.8426886e-05,0.008659018,8.577417e-05,0.9902948,0.0001590387,0.00032679058,0.00032270193,0.0001133936
5,5,mobile-music,mobile-music,5.633785e-06,0.0010278356,1.2268944e-05,0.00012904739,4.54814e-05,0.9987276,2.7388449e-05,2.4796505e-05
5,5,mobile-music,mobile-music,1.8686345e-06,0.009890164,3.8912774e-05,6.2222774e-05,1.5022799e-05,0.9899677,1.7295786e-05,6.9846446e-06
6,2,motorvehicle-horn,construction-site,0.022224301,0.0063927383,0.47784472,0.0656315,0.12869303,0.0065761255,0.28336942,0.009268124
5,3,mobile-music,crowd-noise,0.0033441586,0.12356379,0.26873553,0.39683455,0.0020489376,0.194671,0.005991663,0.004810347
3,3,crowd-noise,crowd-noise,1.1652832e-06,7.513868e-05,8.295674e-05,0.9995383,0.00021370914,5.618125e-05,1.5766258e-05,1.6804188e-05
4,4,generator,generator,8.7417664e-07,8.171798e-06,1.116258e-05,3.6509653e-06,0.99995446,5.7955294e-06,1.5668702e-05,2.9557464e-07
1,3,community-radio,crowd-noise,0.010477966,0.23223585,0.0326764,0.42171293,0.013414822,0.0021196574,0.25924093,0.028121488
0,0,car-alarm,car-alarm,0.9997578,8.06437e-06,2.5110592e-06,4.9547957e-06,3.4497987e-07,3.0526312e-06,8.4610285e-05,0.00013865734
5,5,mobile-music,mobile-music,1.7899284e-06,0.00017972938,2.7872945e-06,7.989592e-06,1.75204e-06,0.9997869,1.6497277e-05,2.4934116e-06
1,5,community-radio,mobile-music,1.556467e-05,0.091171734,2.685766e-05,0.00022666655,1.560105e-05,0.9084375,6.236868e-05,4.3784614e-05
0,0,car-alarm,car-alarm,0.9996474,5.0609506e-06,2.8527122e-06,3.78294e-06,1.7869624e-07,7.83119e-07,4.1626536e-05,0.0002984612
5,5,mobile-music,mobile-music,5.3460397e-05,0.0026138811,6.125577e-05,0.00042168383,0.00010631981,0.99653023,0.00014681916,6.6376575e-05
6,1,motorvehicle-horn,community-radio,0.011544243,0.7484242,0.0067799413,0.04092419,0.013183191,0.04322509,0.03281775,0.103101514
7,7,motorvehicle-siren,motorvehicle-siren,0.0031382046,0.06296309,0.004037693,0.009399147,0.0003737161,0.00095362606,0.0020224461,0.9171121
7,7,motorvehicle-siren,motorvehicle-siren,6.8080226e-05,3.8048477e-06,1.3374371e-06,8.5335563e-07,5.478988e-07,2.730661e-07,1.847307e-05,0.99990666
0,6,car-alarm,motorvehicle-horn,0.32627523,0.010421583,0.023539873,0.04980311,0.024167627,0.005574453,0.54704463,0.0131734805
6,6,motorvehicle-horn,motorvehicle-horn,0.4405281,0.0015096506,0.0023000683,0.010178946,0.003339766,0.00075422844,0.5335746,0.0078147035
4,4,generator,generator,3.480864e-06,5.0525454e-05,6.699934e-05,2.5802186e-05,0.99978226,2.119988e-05,4.784119e-05,1.8828422e-06
2,0,construction-site,car-alarm,0.9655725,0.00604722,0.0007638572,0.0047735344,0.00053487264,0.00084084825,0.01323469,0.008232494
3,3,crowd-noise,crowd-noise,1.0385468e-06,9.96046e-05,0.00010614206,0.99948597,0.00021382191,5.379859e-05,1.9705423e-05,1.978462e-05
4,4,generator,generator,8.363621e-05,7.9924284e-05,0.0003485557,0.00012186348,0.9981957,5.244833e-05,0.0011029516,1.4977368e-05
1,1,community-radio,community-radio,0.0018076375,0.96435976,8.29719e-05,0.022735152,0.00033240835,0.0036799128,0.0063383947,0.0006637647
0,1,car-alarm,community-radio,8.404045e-05,0.99029434,0.00015558727,0.003308714,0.00014662786,0.005521519,0.0003962197,9.294555e-05
0,0,car-alarm,car-alarm,0.9962012,8.67708e-05,9.776192e-06,8.557406e-06,9.1871453e-07,8.466909e-06,0.0012168756,0.0024673515
2,2,construction-site,construction-site,0.03237251,0.011431439,0.5651397,0.099166214,0.08572835,0.009014935,0.18306541,0.0140814055
0,0,car-alarm,car-alarm,0.99967957,3.1843758e-06,1.6964494e-06,1.6337046e-06,6.416232e-08,4.9086634e-07,2.1220072e-05,0.00029219693
6,1,motorvehicle-horn,community-radio,0.009750869,0.88257307,0.0016869858,0.06400036,0.0008248579,0.016266856,0.01612106,0.008775904
5,5,mobile-music,mobile-music,0.00017095484,0.004040113,3.0329444e-05,7.778834e-05,5.9616373e-06,0.99417216,0.0014647722,3.784205e-05
1,3,community-radio,crowd-noise,0.0020650823,0.23492955,0.003939255,0.7398032,0.0027190621,0.006159485,0.0042500077,0.006134316
0,6,car-alarm,motorvehicle-horn,0.2558289,0.006188872,0.0016698923,0.011211458,0.0015522799,0.0021466382,0.7172114,0.0041906303
2,2,construction-site,construction-site,7.5798807e-06,0.000114978626,0.9987174,0.00082098757,6.6655164e-05,1.2550893e-05,2.2344217e-05,0.0002374564
0,0,car-alarm,car-alarm,0.99966025,7.922428e-06,6.97453e-06,4.4221088e-06,4.8879866e-07,1.5754166e-06,4.9887974e-05,0.00026849317
0,0,car-alarm,car-alarm,0.54731643,0.005212707,0.004155013,0.00914777,0.0027034762,0.0023178612,0.41820577,0.010940969
6,2,motorvehicle-horn,construction-site,0.0049681407,0.046647813,0.61503595,0.24015708,0.02115211,0.015033232,0.047146358,0.00985932
7,7,motorvehicle-siren,motorvehicle-siren,0.00041704602,0.03653222,0.0010509532,0.040155474,0.0010014203,0.0005229378,0.00045755037,0.9198625
5,5,mobile-music,mobile-music,5.86757e-06,0.00040699172,7.3356873e-06,2.4571627e-05,9.573729e-06,0.99947196,6.7758185e-05,5.9739637e-06
6,6,motorvehicle-horn,motorvehicle-horn,0.14493819,0.006923092,0.0054540476,0.008768701,0.00090005825,0.0048784437,0.8218632,0.0062743924
4,4,generator,generator,1.2002354e-06,3.188337e-05,0.000259598,2.5340685e-05,0.9996043,2.6205069e-05,2.9249875e-05,2.2277058e-05
3,3,crowd-noise,crowd-noise,0.00016489651,0.0032234285,0.00037270397,0.98614013,0.0016142139,0.0076574823,0.0005172117,0.00030993408
0,0,car-alarm,car-alarm,0.9997204,2.6335026e-06,1.8089324e-06,1.938204e-06,1.4551927e-07,3.600579e-07,5.260354e-05,0.00022009699
1,1,community-radio,community-radio,0.00031326863,0.9943658,0.00011399763,0.001280206,7.270544e-05,0.0026643085,0.00074115716,0.00044867856
6,1,motorvehicle-horn,community-radio,0.0039346586,0.6650029,0.0030546389,0.24936265,0.011598939,0.007802555,0.013577881,0.045665786
4,4,generator,generator,5.0044787e-07,0.00013922891,8.984937e-06,1.197703e-05,0.9997985,2.7915712e-05,5.335612e-06,7.585864e-06
4,4,generator,generator,0.00048657064,0.0091425795,0.00017566839,0.00017496082,0.91408366,0.0627688,0.011368254,0.0017996114
5,5,mobile-music,mobile-music,0.0003481719,0.020844365,0.00016302404,0.009766748,0.00029415384,0.96757835,0.00057384465,0.0004313666
3,3,crowd-noise,crowd-noise,4.3223454e-06,0.00015350615,9.214011e-05,0.99938107,0.00020941182,0.00010632483,3.3551103e-05,1.963176e-05
4,4,generator,generator,5.1230045e-06,1.5958696e-05,0.00015156622,2.3518829e-05,0.99967384,8.628486e-06,0.000119904,1.4407977e-06
3,3,crowd-noise,crowd-noise,0.0021826986,0.061368514,0.007044628,0.56096905,0.0047815507,0.35851738,0.0029313087,0.00220483
6,6,motorvehicle-horn,motorvehicle-horn,0.030979676,0.0033584267,0.0017504741,0.003698077,0.00080073136,0.0022735202,0.92588776,0.03125128
