filename,filepath,predicted_class_id,predicted_class_name,confidence,prob_crowd-noise,prob_generator,prob_motorvehicle-horn,prob_mobile-music,prob_community-radio,prob_construction-site,prob_motorvehicle-siren,prob_car-alarm
test_clip_1_chunk_0000.wav,..\pre_inference\processed_media\audio_chunks\test_clip_1_chunk_0000.wav,2,motorvehicle-horn,0.43619003891944885,0.21062542498111725,0.04846611246466637,0.43619003891944885,0.012645984068512917,0.16475710272789001,0.04252436384558678,0.07187996804714203,0.012911003082990646
test_clip_1_chunk_0000.wav,..\pre_inference\processed_media\audio_chunks\test_clip_1_chunk_0000.wav,2,motorvehicle-horn,0.43619003891944885,0.21062542498111725,0.04846611246466637,0.43619003891944885,0.012645984068512917,0.16475710272789001,0.04252436384558678,0.07187996804714203,0.012911003082990646
test_clip_1_chunk_0001.wav,..\pre_inference\processed_media\audio_chunks\test_clip_1_chunk_0001.wav,2,motorvehicle-horn,0.7051554918289185,0.023915324360132217,0.1566457450389862,0.7051554918289185,0.005642464850097895,0.007229651790112257,0.012928706593811512,0.08527927845716476,0.0032033375464379787
test_clip_1_chunk_0001.wav,..\pre_inference\processed_media\audio_chunks\test_clip_1_chunk_0001.wav,2,motorvehicle-horn,0.7051554918289185,0.023915324360132217,0.1566457450389862,0.7051554918289185,0.005642464850097895,0.007229651790112257,0.012928706593811512,0.08527927845716476,0.0032033375464379787
test_clip_1_chunk_0002.wav,..\pre_inference\processed_media\audio_chunks\test_clip_1_chunk_0002.wav,2,motorvehicle-horn,0.49575307965278625,0.03755451366305351,0.27277132868766785,0.49575307965278625,0.00785406120121479,0.010745430365204811,0.018813222646713257,0.14843738079071045,0.008070983923971653
test_clip_1_chunk_0002.wav,..\pre_inference\processed_media\audio_chunks\test_clip_1_chunk_0002.wav,2,motorvehicle-horn,0.49575307965278625,0.03755451366305351,0.27277132868766785,0.49575307965278625,0.00785406120121479,0.010745430365204811,0.018813222646713257,0.14843738079071045,0.008070983923971653
test_clip_1_chunk_0003.wav,..\pre_inference\processed_media\audio_chunks\test_clip_1_chunk_0003.wav,6,motorvehicle-siren,0.3313913643360138,0.021711936220526695,0.29304513335227966,0.29818910360336304,0.01128729060292244,0.015807949006557465,0.022935878485441208,0.3313913643360138,0.005631340201944113
test_clip_1_chunk_0003.wav,..\pre_inference\processed_media\audio_chunks\test_clip_1_chunk_0003.wav,6,motorvehicle-siren,0.3313913643360138,0.021711936220526695,0.29304513335227966,0.29818910360336304,0.01128729060292244,0.015807949006557465,0.022935878485441208,0.3313913643360138,0.005631340201944113
test_clip_1_chunk_0004.wav,..\pre_inference\processed_media\audio_chunks\test_clip_1_chunk_0004.wav,1,generator,0.8378118872642517,0.00851587112993002,0.8378118872642517,0.058310527354478836,0.005559228826314211,0.019531546160578728,0.027279183268547058,0.0385420061647892,0.004449835047125816
test_clip_1_chunk_0004.wav,..\pre_inference\processed_media\audio_chunks\test_clip_1_chunk_0004.wav,1,generator,0.8378118872642517,0.00851587112993002,0.8378118872642517,0.058310527354478836,0.005559228826314211,0.019531546160578728,0.027279183268547058,0.0385420061647892,0.004449835047125816
test_clip_1_chunk_0005.wav,..\pre_inference\processed_media\audio_chunks\test_clip_1_chunk_0005.wav,2,motorvehicle-horn,0.4209558665752411,0.020392127335071564,0.38860735297203064,0.4209558665752411,0.01283245999366045,0.039718158543109894,0.03956468030810356,0.07207049429416656,0.005858824588358402
test_clip_1_chunk_0005.wav,..\pre_inference\processed_media\audio_chunks\test_clip_1_chunk_0005.wav,2,motorvehicle-horn,0.4209558665752411,0.020392127335071564,0.38860735297203064,0.4209558665752411,0.01283245999366045,0.039718158543109894,0.03956468030810356,0.07207049429416656,0.005858824588358402
test_clip_1_chunk_0006.wav,..\pre_inference\processed_media\audio_chunks\test_clip_1_chunk_0006.wav,6,motorvehicle-siren,0.47395193576812744,0.0049398718401789665,0.2157190889120102,0.1208944246172905,0.008638222701847553,0.11352653801441193,0.050934065133333206,0.47395193576812744,0.011395889334380627
test_clip_1_chunk_0006.wav,..\pre_inference\processed_media\audio_chunks\test_clip_1_chunk_0006.wav,6,motorvehicle-siren,0.47395193576812744,0.0049398718401789665,0.2157190889120102,0.1208944246172905,0.008638222701847553,0.11352653801441193,0.050934065133333206,0.47395193576812744,0.011395889334380627
test_clip_1_chunk_0007.wav,..\pre_inference\processed_media\audio_chunks\test_clip_1_chunk_0007.wav,2,motorvehicle-horn,0.626139223575592,0.04234504699707031,0.13147281110286713,0.626139223575592,0.008907425217330456,0.04614230990409851,0.022392787039279938,0.1127699688076973,0.00983048789203167
test_clip_1_chunk_0007.wav,..\pre_inference\processed_media\audio_chunks\test_clip_1_chunk_0007.wav,2,motorvehicle-horn,0.626139223575592,0.04234504699707031,0.13147281110286713,0.626139223575592,0.008907425217330456,0.04614230990409851,0.022392787039279938,0.1127699688076973,0.00983048789203167
test_clip_1_chunk_0008.wav,..\pre_inference\processed_media\audio_chunks\test_clip_1_chunk_0008.wav,2,motorvehicle-horn,0.6120465397834778,0.026764772832393646,0.15026800334453583,0.6120465397834778,0.026886260136961937,0.027587736025452614,0.07221560180187225,0.06964168697595596,0.014589458703994751
test_clip_1_chunk_0008.wav,..\pre_inference\processed_media\audio_chunks\test_clip_1_chunk_0008.wav,2,motorvehicle-horn,0.6120465397834778,0.026764772832393646,0.15026800334453583,0.6120465397834778,0.026886260136961937,0.027587736025452614,0.07221560180187225,0.06964168697595596,0.014589458703994751
test_clip_1_chunk_0009.wav,..\pre_inference\processed_media\audio_chunks\test_clip_1_chunk_0009.wav,2,motorvehicle-horn,0.7384858727455139,0.06831525266170502,0.05461333692073822,0.7384858727455139,0.007906017825007439,0.015411331318318844,0.014029961079359055,0.09645403921604156,0.004784147255122662
test_clip_1_chunk_0009.wav,..\pre_inference\processed_media\audio_chunks\test_clip_1_chunk_0009.wav,2,motorvehicle-horn,0.7384858727455139,0.06831525266170502,0.05461333692073822,0.7384858727455139,0.007906017825007439,0.015411331318318844,0.014029961079359055,0.09645403921604156,0.004784147255122662
test_clip_1_chunk_0010.wav,..\pre_inference\processed_media\audio_chunks\test_clip_1_chunk_0010.wav,2,motorvehicle-horn,0.7439310550689697,0.15648253262043,0.014391702599823475,0.7439310550689697,0.00427199574187398,0.011730853468179703,0.011813865974545479,0.05241573974490166,0.004962350241839886
test_clip_1_chunk_0010.wav,..\pre_inference\processed_media\audio_chunks\test_clip_1_chunk_0010.wav,2,motorvehicle-horn,0.7439310550689697,0.15648253262043,0.014391702599823475,0.7439310550689697,0.00427199574187398,0.011730853468179703,0.011813865974545479,0.05241573974490166,0.004962350241839886
test_clip_1_chunk_0011.wav,..\pre_inference\processed_media\audio_chunks\test_clip_1_chunk_0011.wav,2,motorvehicle-horn,0.6349322199821472,0.03507397323846817,0.14125989377498627,0.6349322199821472,0.007248695008456707,0.024523673579096794,0.03744654357433319,0.11532805114984512,0.004187014885246754
test_clip_1_chunk_0011.wav,..\pre_inference\processed_media\audio_chunks\test_clip_1_chunk_0011.wav,2,motorvehicle-horn,0.6349322199821472,0.03507397323846817,0.14125989377498627,0.6349322199821472,0.007248695008456707,0.024523673579096794,0.03744654357433319,0.11532805114984512,0.004187014885246754
test_clip_1_chunk_0012.wav,..\pre_inference\processed_media\audio_chunks\test_clip_1_chunk_0012.wav,2,motorvehicle-horn,0.8852865695953369,0.008883683942258358,0.039625100791454315,0.8852865695953369,0.0013623011764138937,0.007013331167399883,0.04673303663730621,0.008709212765097618,0.002386718988418579
test_clip_1_chunk_0012.wav,..\pre_inference\processed_media\audio_chunks\test_clip_1_chunk_0012.wav,2,motorvehicle-horn,0.8852865695953369,0.008883683942258358,0.039625100791454315,0.8852865695953369,0.0013623011764138937,0.007013331167399883,0.04673303663730621,0.008709212765097618,0.002386718988418579
test_clip_1_chunk_0013.wav,..\pre_inference\processed_media\audio_chunks\test_clip_1_chunk_0013.wav,1,generator,0.8675483465194702,0.0051890104077756405,0.8675483465194702,0.09113126993179321,2.9170541893108748e-05,0.004232368897646666,0.030107541009783745,0.0015890421345829964,0.0001732722739689052
test_clip_1_chunk_0013.wav,..\pre_inference\processed_media\audio_chunks\test_clip_1_chunk_0013.wav,1,generator,0.8675483465194702,0.0051890104077756405,0.8675483465194702,0.09113126993179321,2.9170541893108748e-05,0.004232368897646666,0.030107541009783745,0.0015890421345829964,0.0001732722739689052
test_clip_1_chunk_0014.wav,..\pre_inference\processed_media\audio_chunks\test_clip_1_chunk_0014.wav,1,generator,0.6033889055252075,0.009584748186171055,0.6033889055252075,0.3287883400917053,0.004639752209186554,0.00537915388122201,0.03277947008609772,0.012594630941748619,0.0028450689278542995
test_clip_1_chunk_0014.wav,..\pre_inference\processed_media\audio_chunks\test_clip_1_chunk_0014.wav,1,generator,0.6033889055252075,0.009584748186171055,0.6033889055252075,0.3287883400917053,0.004639752209186554,0.00537915388122201,0.03277947008609772,0.012594630941748619,0.0028450689278542995
test_clip_1_chunk_0015.wav,..\pre_inference\processed_media\audio_chunks\test_clip_1_chunk_0015.wav,1,generator,0.41346296668052673,0.005497039295732975,0.41346296668052673,0.06769481301307678,0.04727906361222267,0.06118334084749222,0.046002913266420364,0.3552194833755493,0.0036603582557290792
test_clip_1_chunk_0015.wav,..\pre_inference\processed_media\audio_chunks\test_clip_1_chunk_0015.wav,1,generator,0.41346296668052673,0.005497039295732975,0.41346296668052673,0.06769481301307678,0.04727906361222267,0.06118334084749222,0.046002913266420364,0.3552194833755493,0.0036603582557290792
test_clip_1_chunk_0016.wav,..\pre_inference\processed_media\audio_chunks\test_clip_1_chunk_0016.wav,2,motorvehicle-horn,0.8285496830940247,0.024565767496824265,0.04625594615936279,0.8285496830940247,0.0043741436675190926,0.011067654006183147,0.01049370039254427,0.0693710595369339,0.005322034936398268
test_clip_1_chunk_0016.wav,..\pre_inference\processed_media\audio_chunks\test_clip_1_chunk_0016.wav,2,motorvehicle-horn,0.8285496830940247,0.024565767496824265,0.04625594615936279,0.8285496830940247,0.0043741436675190926,0.011067654006183147,0.01049370039254427,0.0693710595369339,0.005322034936398268
test_clip_1_chunk_0017.wav,..\pre_inference\processed_media\audio_chunks\test_clip_1_chunk_0017.wav,2,motorvehicle-horn,0.5016809105873108,0.028566638007760048,0.35531139373779297,0.5016809105873108,0.013430713675916195,0.018387610092759132,0.043821852654218674,0.02360609546303749,0.015194721519947052
test_clip_1_chunk_0017.wav,..\pre_inference\processed_media\audio_chunks\test_clip_1_chunk_0017.wav,2,motorvehicle-horn,0.5016809105873108,0.028566638007760048,0.35531139373779297,0.5016809105873108,0.013430713675916195,0.018387610092759132,0.043821852654218674,0.02360609546303749,0.015194721519947052
test_clip_1_chunk_0018.wav,..\pre_inference\processed_media\audio_chunks\test_clip_1_chunk_0018.wav,1,generator,0.43502965569496155,0.009408225305378437,0.43502965569496155,0.17040593922138214,0.010963661596179008,0.05340868979692459,0.12488044798374176,0.17212603986263275,0.023777371272444725
test_clip_1_chunk_0018.wav,..\pre_inference\processed_media\audio_chunks\test_clip_1_chunk_0018.wav,1,generator,0.43502965569496155,0.009408225305378437,0.43502965569496155,0.17040593922138214,0.010963661596179008,0.05340868979692459,0.12488044798374176,0.17212603986263275,0.023777371272444725
test_clip_1_chunk_0019.wav,..\pre_inference\processed_media\audio_chunks\test_clip_1_chunk_0019.wav,1,generator,0.3978440463542938,0.019113793969154358,0.3978440463542938,0.20973318815231323,0.009450658224523067,0.07110994309186935,0.05824771523475647,0.21414503455162048,0.02035563252866268
test_clip_1_chunk_0019.wav,..\pre_inference\processed_media\audio_chunks\test_clip_1_chunk_0019.wav,1,generator,0.3978440463542938,0.019113793969154358,0.3978440463542938,0.20973318815231323,0.009450658224523067,0.07110994309186935,0.05824771523475647,0.21414503455162048,0.02035563252866268
test_clip_1_chunk_0020.wav,..\pre_inference\processed_media\audio_chunks\test_clip_1_chunk_0020.wav,2,motorvehicle-horn,0.36006152629852295,0.028251931071281433,0.3212081491947174,0.36006152629852295,0.030913380905985832,0.025620870292186737,0.08547638356685638,0.1323544979095459,0.016113238409161568
test_clip_1_chunk_0020.wav,..\pre_inference\processed_media\audio_chunks\test_clip_1_chunk_0020.wav,2,motorvehicle-horn,0.36006152629852295,0.028251931071281433,0.3212081491947174,0.36006152629852295,0.030913380905985832,0.025620870292186737,0.08547638356685638,0.1323544979095459,0.016113238409161568
test_clip_1_chunk_0021.wav,..\pre_inference\processed_media\audio_chunks\test_clip_1_chunk_0021.wav,2,motorvehicle-horn,0.46542057394981384,0.06422385573387146,0.08823754638433456,0.46542057394981384,0.013230443000793457,0.017394140362739563,0.026909515261650085,0.31269219517707825,0.01189173199236393
test_clip_1_chunk_0021.wav,..\pre_inference\processed_media\audio_chunks\test_clip_1_chunk_0021.wav,2,motorvehicle-horn,0.46542057394981384,0.06422385573387146,0.08823754638433456,0.46542057394981384,0.013230443000793457,0.017394140362739563,0.026909515261650085,0.31269219517707825,0.01189173199236393
test_clip_1_chunk_0022.wav,..\pre_inference\processed_media\audio_chunks\test_clip_1_chunk_0022.wav,6,motorvehicle-siren,0.7176699042320251,0.005398859269917011,0.10390593111515045,0.1501910239458084,0.00378413125872612,0.007731381803750992,0.008120748214423656,0.7176699042320251,0.0031980169005692005
test_clip_1_chunk_0022.wav,..\pre_inference\processed_media\audio_chunks\test_clip_1_chunk_0022.wav,6,motorvehicle-siren,0.7176699042320251,0.005398859269917011,0.10390593111515045,0.1501910239458084,0.00378413125872612,0.007731381803750992,0.008120748214423656,0.7176699042320251,0.0031980169005692005
test_clip_1_chunk_0023.wav,..\pre_inference\processed_media\audio_chunks\test_clip_1_chunk_0023.wav,1,generator,0.7388323545455933,0.008240828290581703,0.7388323545455933,0.1229044571518898,0.00757761811837554,0.012171258218586445,0.030684510245919228,0.07485856860876083,0.00473044766113162
test_clip_1_chunk_0023.wav,..\pre_inference\processed_media\audio_chunks\test_clip_1_chunk_0023.wav,1,generator,0.7388323545455933,0.008240828290581703,0.7388323545455933,0.1229044571518898,0.00757761811837554,0.012171258218586445,0.030684510245919228,0.07485856860876083,0.00473044766113162
test_clip_1_chunk_0024.wav,..\pre_inference\processed_media\audio_chunks\test_clip_1_chunk_0024.wav,2,motorvehicle-horn,0.5670368671417236,0.0470130629837513,0.12208704650402069,0.5670368671417236,0.005688133183866739,0.006485034245997667,0.01134424190968275,0.23851963877677917,0.0018259792122989893
test_clip_1_chunk_0024.wav,..\pre_inference\processed_media\audio_chunks\test_clip_1_chunk_0024.wav,2,motorvehicle-horn,0.5670368671417236,0.0470130629837513,0.12208704650402069,0.5670368671417236,0.005688133183866739,0.006485034245997667,0.01134424190968275,0.23851963877677917,0.0018259792122989893
test_clip_1_chunk_0025.wav,..\pre_inference\processed_media\audio_chunks\test_clip_1_chunk_0025.wav,1,generator,0.3788510262966156,0.051577385514974594,0.3788510262966156,0.250271737575531,0.02025260217487812,0.028759852051734924,0.06996189057826996,0.17908595502376556,0.021239610388875008
test_clip_1_chunk_0025.wav,..\pre_inference\processed_media\audio_chunks\test_clip_1_chunk_0025.wav,1,generator,0.3788510262966156,0.051577385514974594,0.3788510262966156,0.250271737575531,0.02025260217487812,0.028759852051734924,0.06996189057826996,0.17908595502376556,0.021239610388875008
test_clip_1_chunk_0026.wav,..\pre_inference\processed_media\audio_chunks\test_clip_1_chunk_0026.wav,2,motorvehicle-horn,0.5586863160133362,0.08908657729625702,0.21939606964588165,0.5586863160133362,0.007907125167548656,0.017394090071320534,0.022282160818576813,0.07200142741203308,0.013246146962046623
test_clip_1_chunk_0026.wav,..\pre_inference\processed_media\audio_chunks\test_clip_1_chunk_0026.wav,2,motorvehicle-horn,0.5586863160133362,0.08908657729625702,0.21939606964588165,0.5586863160133362,0.007907125167548656,0.017394090071320534,0.022282160818576813,0.07200142741203308,0.013246146962046623
test_clip_1_chunk_0027.wav,..\pre_inference\processed_media\audio_chunks\test_clip_1_chunk_0027.wav,6,motorvehicle-siren,0.5253475308418274,0.023171694949269295,0.29811525344848633,0.116826631128788,0.005789472255855799,0.002520999638363719,0.02546074613928795,0.5253475308418274,0.0027676254976540804
test_clip_1_chunk_0027.wav,..\pre_inference\processed_media\audio_chunks\test_clip_1_chunk_0027.wav,6,motorvehicle-siren,0.5253475308418274,0.023171694949269295,0.29811525344848633,0.116826631128788,0.005789472255855799,0.002520999638363719,0.02546074613928795,0.5253475308418274,0.0027676254976540804
test_clip_1_chunk_0028.wav,..\pre_inference\processed_media\audio_chunks\test_clip_1_chunk_0028.wav,2,motorvehicle-horn,0.5802865028381348,0.07479067146778107,0.02071058750152588,0.5802865028381348,0.004375124350190163,0.007306031882762909,0.021473467350006104,0.2856054902076721,0.0054521034471690655
test_clip_1_chunk_0028.wav,..\pre_inference\processed_media\audio_chunks\test_clip_1_chunk_0028.wav,2,motorvehicle-horn,0.5802865028381348,0.07479067146778107,0.02071058750152588,0.5802865028381348,0.004375124350190163,0.007306031882762909,0.021473467350006104,0.2856054902076721,0.0054521034471690655
test_clip_1_chunk_0029.wav,..\pre_inference\processed_media\audio_chunks\test_clip_1_chunk_0029.wav,2,motorvehicle-horn,0.3559207022190094,0.018370110541582108,0.27740678191185,0.3559207022190094,0.016627628356218338,0.10832193493843079,0.047732409089803696,0.1640206277370453,0.011599771678447723
test_clip_1_chunk_0029.wav,..\pre_inference\processed_media\audio_chunks\test_clip_1_chunk_0029.wav,2,motorvehicle-horn,0.3559207022190094,0.018370110541582108,0.27740678191185,0.3559207022190094,0.016627628356218338,0.10832193493843079,0.047732409089803696,0.1640206277370453,0.011599771678447723
test_clip_1_chunk_0030.wav,..\pre_inference\processed_media\audio_chunks\test_clip_1_chunk_0030.wav,1,generator,0.37789300084114075,0.011464415118098259,0.37789300084114075,0.26501041650772095,0.010656365193426609,0.0759999230504036,0.039378996938467026,0.20930591225624084,0.010290958918631077
test_clip_1_chunk_0030.wav,..\pre_inference\processed_media\audio_chunks\test_clip_1_chunk_0030.wav,1,generator,0.37789300084114075,0.011464415118098259,0.37789300084114075,0.26501041650772095,0.010656365193426609,0.0759999230504036,0.039378996938467026,0.20930591225624084,0.010290958918631077
test_clip_1_chunk_0031.wav,..\pre_inference\processed_media\audio_chunks\test_clip_1_chunk_0031.wav,2,motorvehicle-horn,0.4710420072078705,0.025686999782919884,0.08664967119693756,0.4710420072078705,0.019178185611963272,0.03141700476408005,0.016985422000288963,0.33387425541877747,0.015166356228291988
test_clip_1_chunk_0031.wav,..\pre_inference\processed_media\audio_chunks\test_clip_1_chunk_0031.wav,2,motorvehicle-horn,0.4710420072078705,0.025686999782919884,0.08664967119693756,0.4710420072078705,0.019178185611963272,0.03141700476408005,0.016985422000288963,0.33387425541877747,0.015166356228291988
test_clip_1_chunk_0032.wav,..\pre_inference\processed_media\audio_chunks\test_clip_1_chunk_0032.wav,2,motorvehicle-horn,0.6396133303642273,0.032705649733543396,0.06717334687709808,0.6396133303642273,0.013852960430085659,0.010739958845078945,0.0272548645734787,0.20096853375434875,0.007691347971558571
test_clip_1_chunk_0032.wav,..\pre_inference\processed_media\audio_chunks\test_clip_1_chunk_0032.wav,2,motorvehicle-horn,0.6396133303642273,0.032705649733543396,0.06717334687709808,0.6396133303642273,0.013852960430085659,0.010739958845078945,0.0272548645734787,0.20096853375434875,0.007691347971558571
test_clip_1_chunk_0033.wav,..\pre_inference\processed_media\audio_chunks\test_clip_1_chunk_0033.wav,2,motorvehicle-horn,0.5513700246810913,0.050007183104753494,0.1423908919095993,0.5513700246810913,0.00705022644251585,0.010155042633414268,0.010362925007939339,0.2253241091966629,0.0033396242652088404
test_clip_1_chunk_0033.wav,..\pre_inference\processed_media\audio_chunks\test_clip_1_chunk_0033.wav,2,motorvehicle-horn,0.5513700246810913,0.050007183104753494,0.1423908919095993,0.5513700246810913,0.00705022644251585,0.010155042633414268,0.010362925007939339,0.2253241091966629,0.0033396242652088404
test_clip_1_chunk_0034.wav,..\pre_inference\processed_media\audio_chunks\test_clip_1_chunk_0034.wav,2,motorvehicle-horn,0.47460928559303284,0.045425888150930405,0.34350407123565674,0.47460928559303284,0.011070945300161839,0.007812098599970341,0.012642409652471542,0.10069593787193298,0.004239351954311132
test_clip_1_chunk_0034.wav,..\pre_inference\processed_media\audio_chunks\test_clip_1_chunk_0034.wav,2,motorvehicle-horn,0.47460928559303284,0.045425888150930405,0.34350407123565674,0.47460928559303284,0.011070945300161839,0.007812098599970341,0.012642409652471542,0.10069593787193298,0.004239351954311132
test_clip_1_chunk_0035.wav,..\pre_inference\processed_media\audio_chunks\test_clip_1_chunk_0035.wav,1,generator,0.446605920791626,0.03955117240548134,0.446605920791626,0.41187214851379395,0.008537781424820423,0.00736027117818594,0.0437433235347271,0.03752901405096054,0.004800305236130953
test_clip_1_chunk_0035.wav,..\pre_inference\processed_media\audio_chunks\test_clip_1_chunk_0035.wav,1,generator,0.446605920791626,0.03955117240548134,0.446605920791626,0.41187214851379395,0.008537781424820423,0.00736027117818594,0.0437433235347271,0.03752901405096054,0.004800305236130953
test_clip_1_chunk_0036.wav,..\pre_inference\processed_media\audio_chunks\test_clip_1_chunk_0036.wav,2,motorvehicle-horn,0.6525108218193054,0.10532683879137039,0.04321930557489395,0.6525108218193054,0.03829345852136612,0.041727881878614426,0.03784586489200592,0.07047689706087112,0.010599015280604362
test_clip_1_chunk_0036.wav,..\pre_inference\processed_media\audio_chunks\test_clip_1_chunk_0036.wav,2,motorvehicle-horn,0.6525108218193054,0.10532683879137039,0.04321930557489395,0.6525108218193054,0.03829345852136612,0.041727881878614426,0.03784586489200592,0.07047689706087112,0.010599015280604362
test_clip_1_chunk_0037.wav,..\pre_inference\processed_media\audio_chunks\test_clip_1_chunk_0037.wav,2,motorvehicle-horn,0.6130611896514893,0.04675412178039551,0.10020986199378967,0.6130611896514893,0.015468628145754337,0.01819811761379242,0.019809169694781303,0.17646771669387817,0.010031198151409626
test_clip_1_chunk_0037.wav,..\pre_inference\processed_media\audio_chunks\test_clip_1_chunk_0037.wav,2,motorvehicle-horn,0.6130611896514893,0.04675412178039551,0.10020986199378967,0.6130611896514893,0.015468628145754337,0.01819811761379242,0.019809169694781303,0.17646771669387817,0.010031198151409626
test_clip_1_chunk_0038.wav,..\pre_inference\processed_media\audio_chunks\test_clip_1_chunk_0038.wav,2,motorvehicle-horn,0.5951255559921265,0.05450330302119255,0.16956880688667297,0.5951255559921265,0.013062353245913982,0.01512804813683033,0.05512832850217819,0.07669088244438171,0.020792707800865173
test_clip_1_chunk_0038.wav,..\pre_inference\processed_media\audio_chunks\test_clip_1_chunk_0038.wav,2,motorvehicle-horn,0.5951255559921265,0.05450330302119255,0.16956880688667297,0.5951255559921265,0.013062353245913982,0.01512804813683033,0.05512832850217819,0.07669088244438171,0.020792707800865173
test_clip_1_chunk_0039.wav,..\pre_inference\processed_media\audio_chunks\test_clip_1_chunk_0039.wav,2,motorvehicle-horn,0.41570237278938293,0.03951611742377281,0.3402881622314453,0.41570237278938293,0.01661529392004013,0.01779250241816044,0.0642956867814064,0.08915624767541885,0.016633618623018265
test_clip_1_chunk_0039.wav,..\pre_inference\processed_media\audio_chunks\test_clip_1_chunk_0039.wav,2,motorvehicle-horn,0.41570237278938293,0.03951611742377281,0.3402881622314453,0.41570237278938293,0.01661529392004013,0.01779250241816044,0.0642956867814064,0.08915624767541885,0.016633618623018265
test_clip_1_chunk_0040.wav,..\pre_inference\processed_media\audio_chunks\test_clip_1_chunk_0040.wav,1,generator,0.4010005593299866,0.012115308083593845,0.4010005593299866,0.27776962518692017,0.005877363029867411,0.021670568734407425,0.03200886771082878,0.2415597289800644,0.007997970096766949
test_clip_1_chunk_0040.wav,..\pre_inference\processed_media\audio_chunks\test_clip_1_chunk_0040.wav,1,generator,0.4010005593299866,0.012115308083593845,0.4010005593299866,0.27776962518692017,0.005877363029867411,0.021670568734407425,0.03200886771082878,0.2415597289800644,0.007997970096766949
test_clip_1_chunk_0041.wav,..\pre_inference\processed_media\audio_chunks\test_clip_1_chunk_0041.wav,2,motorvehicle-horn,0.36673322319984436,0.027336088940501213,0.20530229806900024,0.36673322319984436,0.021098529919981956,0.011596590280532837,0.08835939317941666,0.266582727432251,0.012991204857826233
test_clip_1_chunk_0041.wav,..\pre_inference\processed_media\audio_chunks\test_clip_1_chunk_0041.wav,2,motorvehicle-horn,0.36673322319984436,0.027336088940501213,0.20530229806900024,0.36673322319984436,0.021098529919981956,0.011596590280532837,0.08835939317941666,0.266582727432251,0.012991204857826233
test_clip_1_chunk_0042.wav,..\pre_inference\processed_media\audio_chunks\test_clip_1_chunk_0042.wav,6,motorvehicle-siren,0.3375755548477173,0.03098396584391594,0.14370134472846985,0.32634297013282776,0.0183904767036438,0.061330001801252365,0.05820866674184799,0.3375755548477173,0.02346702665090561
test_clip_1_chunk_0042.wav,..\pre_inference\processed_media\audio_chunks\test_clip_1_chunk_0042.wav,6,motorvehicle-siren,0.3375755548477173,0.03098396584391594,0.14370134472846985,0.32634297013282776,0.0183904767036438,0.061330001801252365,0.05820866674184799,0.3375755548477173,0.02346702665090561
test_clip_1_chunk_0043.wav,..\pre_inference\processed_media\audio_chunks\test_clip_1_chunk_0043.wav,2,motorvehicle-horn,0.4712003469467163,0.03627438843250275,0.2484348714351654,0.4712003469467163,0.016453761607408524,0.01572825014591217,0.0451485812664032,0.1601419448852539,0.006617878098040819
test_clip_1_chunk_0043.wav,..\pre_inference\processed_media\audio_chunks\test_clip_1_chunk_0043.wav,2,motorvehicle-horn,0.4712003469467163,0.03627438843250275,0.2484348714351654,0.4712003469467163,0.016453761607408524,0.01572825014591217,0.0451485812664032,0.1601419448852539,0.006617878098040819
test_clip_1_chunk_0044.wav,..\pre_inference\processed_media\audio_chunks\test_clip_1_chunk_0044.wav,2,motorvehicle-horn,0.5050902366638184,0.030859757214784622,0.30419108271598816,0.5050902366638184,0.017568249255418777,0.011558102443814278,0.060776613652706146,0.05995086207985878,0.010005125775933266
test_clip_1_chunk_0044.wav,..\pre_inference\processed_media\audio_chunks\test_clip_1_chunk_0044.wav,2,motorvehicle-horn,0.5050902366638184,0.030859757214784622,0.30419108271598816,0.5050902366638184,0.017568249255418777,0.011558102443814278,0.060776613652706146,0.05995086207985878,0.010005125775933266
test_clip_1_chunk_0045.wav,..\pre_inference\processed_media\audio_chunks\test_clip_1_chunk_0045.wav,2,motorvehicle-horn,0.48044994473457336,0.0701574981212616,0.12310657650232315,0.48044994473457336,0.05530650168657303,0.036920465528964996,0.11145332455635071,0.08632747828960419,0.03627817705273628
test_clip_1_chunk_0045.wav,..\pre_inference\processed_media\audio_chunks\test_clip_1_chunk_0045.wav,2,motorvehicle-horn,0.48044994473457336,0.0701574981212616,0.12310657650232315,0.48044994473457336,0.05530650168657303,0.036920465528964996,0.11145332455635071,0.08632747828960419,0.03627817705273628
test_clip_1_chunk_0046.wav,..\pre_inference\processed_media\audio_chunks\test_clip_1_chunk_0046.wav,2,motorvehicle-horn,0.6524388194084167,0.05495055019855499,0.03398238494992256,0.6524388194084167,0.018602045252919197,0.044073861092329025,0.024069318547844887,0.16262170672416687,0.00926131010055542
test_clip_1_chunk_0046.wav,..\pre_inference\processed_media\audio_chunks\test_clip_1_chunk_0046.wav,2,motorvehicle-horn,0.6524388194084167,0.05495055019855499,0.03398238494992256,0.6524388194084167,0.018602045252919197,0.044073861092329025,0.024069318547844887,0.16262170672416687,0.00926131010055542
test_clip_1_chunk_0047.wav,..\pre_inference\processed_media\audio_chunks\test_clip_1_chunk_0047.wav,1,generator,0.7009987235069275,0.017332231625914574,0.7009987235069275,0.10612497478723526,0.023215139284729958,0.030653441324830055,0.04923992604017258,0.057700883597135544,0.014734671451151371
test_clip_1_chunk_0047.wav,..\pre_inference\processed_media\audio_chunks\test_clip_1_chunk_0047.wav,1,generator,0.7009987235069275,0.017332231625914574,0.7009987235069275,0.10612497478723526,0.023215139284729958,0.030653441324830055,0.04923992604017258,0.057700883597135544,0.014734671451151371
test_clip_1_chunk_0048.wav,..\pre_inference\processed_media\audio_chunks\test_clip_1_chunk_0048.wav,6,motorvehicle-siren,0.5219897031784058,0.024348294362425804,0.11982593685388565,0.2822309732437134,0.011331293731927872,0.019589684903621674,0.011652842164039612,0.5219897031784058,0.009031317196786404
test_clip_1_chunk_0048.wav,..\pre_inference\processed_media\audio_chunks\test_clip_1_chunk_0048.wav,6,motorvehicle-siren,0.5219897031784058,0.024348294362425804,0.11982593685388565,0.2822309732437134,0.011331293731927872,0.019589684903621674,0.011652842164039612,0.5219897031784058,0.009031317196786404
test_clip_1_chunk_0049.wav,..\pre_inference\processed_media\audio_chunks\test_clip_1_chunk_0049.wav,2,motorvehicle-horn,0.561134934425354,0.11477874964475632,0.09898902475833893,0.561134934425354,0.05020318925380707,0.031374555081129074,0.04887375980615616,0.06850917637348175,0.026136623695492744
test_clip_1_chunk_0049.wav,..\pre_inference\processed_media\audio_chunks\test_clip_1_chunk_0049.wav,2,motorvehicle-horn,0.561134934425354,0.11477874964475632,0.09898902475833893,0.561134934425354,0.05020318925380707,0.031374555081129074,0.04887375980615616,0.06850917637348175,0.026136623695492744
test_clip_1_chunk_0050.wav,..\pre_inference\processed_media\audio_chunks\test_clip_1_chunk_0050.wav,2,motorvehicle-horn,0.5727763772010803,0.08495905995368958,0.11875202506780624,0.5727763772010803,0.01677872985601425,0.03306286409497261,0.02376343496143818,0.13472837209701538,0.015179130248725414
test_clip_1_chunk_0050.wav,..\pre_inference\processed_media\audio_chunks\test_clip_1_chunk_0050.wav,2,motorvehicle-horn,0.5727763772010803,0.08495905995368958,0.11875202506780624,0.5727763772010803,0.01677872985601425,0.03306286409497261,0.02376343496143818,0.13472837209701538,0.015179130248725414
test_clip_1_chunk_0051.wav,..\pre_inference\processed_media\audio_chunks\test_clip_1_chunk_0051.wav,6,motorvehicle-siren,0.34130990505218506,0.016362303867936134,0.24236950278282166,0.2105339914560318,0.041527051478624344,0.0556335523724556,0.06074218079447746,0.34130990505218506,0.031521476805210114
test_clip_1_chunk_0051.wav,..\pre_inference\processed_media\audio_chunks\test_clip_1_chunk_0051.wav,6,motorvehicle-siren,0.34130990505218506,0.016362303867936134,0.24236950278282166,0.2105339914560318,0.041527051478624344,0.0556335523724556,0.06074218079447746,0.34130990505218506,0.031521476805210114
test_clip_1_chunk_0052.wav,..\pre_inference\processed_media\audio_chunks\test_clip_1_chunk_0052.wav,2,motorvehicle-horn,0.3940761685371399,0.1069992259144783,0.04356925189495087,0.3940761685371399,0.025881288573145866,0.010773668996989727,0.02603374980390072,0.3881682753562927,0.004498332738876343
test_clip_1_chunk_0052.wav,..\pre_inference\processed_media\audio_chunks\test_clip_1_chunk_0052.wav,2,motorvehicle-horn,0.3940761685371399,0.1069992259144783,0.04356925189495087,0.3940761685371399,0.025881288573145866,0.010773668996989727,0.02603374980390072,0.3881682753562927,0.004498332738876343
test_clip_1_chunk_0053.wav,..\pre_inference\processed_media\audio_chunks\test_clip_1_chunk_0053.wav,2,motorvehicle-horn,0.35606151819229126,0.09858512878417969,0.1301322877407074,0.35606151819229126,0.019809352234005928,0.019594985991716385,0.04217652603983879,0.32650917768478394,0.007131004240363836
test_clip_1_chunk_0053.wav,..\pre_inference\processed_media\audio_chunks\test_clip_1_chunk_0053.wav,2,motorvehicle-horn,0.35606151819229126,0.09858512878417969,0.1301322877407074,0.35606151819229126,0.019809352234005928,0.019594985991716385,0.04217652603983879,0.32650917768478394,0.007131004240363836
test_clip_1_chunk_0054.wav,..\pre_inference\processed_media\audio_chunks\test_clip_1_chunk_0054.wav,2,motorvehicle-horn,0.41393083333969116,0.09843150526285172,0.053894270211458206,0.41393083333969116,0.05634569376707077,0.026131486520171165,0.08600319921970367,0.20751938223838806,0.05774364247918129
test_clip_1_chunk_0054.wav,..\pre_inference\processed_media\audio_chunks\test_clip_1_chunk_0054.wav,2,motorvehicle-horn,0.41393083333969116,0.09843150526285172,0.053894270211458206,0.41393083333969116,0.05634569376707077,0.026131486520171165,0.08600319921970367,0.20751938223838806,0.05774364247918129
test_clip_1_chunk_0055.wav,..\pre_inference\processed_media\audio_chunks\test_clip_1_chunk_0055.wav,2,motorvehicle-horn,0.5591397285461426,0.06004450097680092,0.19116920232772827,0.5591397285461426,0.013792245648801327,0.014045009389519691,0.01671508327126503,0.13917763531208038,0.0059165749698877335
test_clip_1_chunk_0055.wav,..\pre_inference\processed_media\audio_chunks\test_clip_1_chunk_0055.wav,2,motorvehicle-horn,0.5591397285461426,0.06004450097680092,0.19116920232772827,0.5591397285461426,0.013792245648801327,0.014045009389519691,0.01671508327126503,0.13917763531208038,0.0059165749698877335
test_clip_1_chunk_0056.wav,..\pre_inference\processed_media\audio_chunks\test_clip_1_chunk_0056.wav,6,motorvehicle-siren,0.4359286427497864,0.035352546721696854,0.2160540074110031,0.2081107348203659,0.01701998896896839,0.008736258372664452,0.059589024633169174,0.4359286427497864,0.01920882612466812
test_clip_1_chunk_0056.wav,..\pre_inference\processed_media\audio_chunks\test_clip_1_chunk_0056.wav,6,motorvehicle-siren,0.4359286427497864,0.035352546721696854,0.2160540074110031,0.2081107348203659,0.01701998896896839,0.008736258372664452,0.059589024633169174,0.4359286427497864,0.01920882612466812
test_clip_1_chunk_0057.wav,..\pre_inference\processed_media\audio_chunks\test_clip_1_chunk_0057.wav,1,generator,0.42456406354904175,0.03130659833550453,0.42456406354904175,0.22567786276340485,0.016253972426056862,0.017806997522711754,0.05953691527247429,0.1789497286081314,0.04590386524796486
test_clip_1_chunk_0057.wav,..\pre_inference\processed_media\audio_chunks\test_clip_1_chunk_0057.wav,1,generator,0.42456406354904175,0.03130659833550453,0.42456406354904175,0.22567786276340485,0.016253972426056862,0.017806997522711754,0.05953691527247429,0.1789497286081314,0.04590386524796486
test_clip_1_chunk_0058.wav,..\pre_inference\processed_media\audio_chunks\test_clip_1_chunk_0058.wav,1,generator,0.48765113949775696,0.013150254264473915,0.48765113949775696,0.1926833838224411,0.00701708160340786,0.011834041215479374,0.018831059336662292,0.26302188634872437,0.005811132490634918
test_clip_1_chunk_0058.wav,..\pre_inference\processed_media\audio_chunks\test_clip_1_chunk_0058.wav,1,generator,0.48765113949775696,0.013150254264473915,0.48765113949775696,0.1926833838224411,0.00701708160340786,0.011834041215479374,0.018831059336662292,0.26302188634872437,0.005811132490634918
test_clip_1_chunk_0059.wav,..\pre_inference\processed_media\audio_chunks\test_clip_1_chunk_0059.wav,1,generator,0.5714006423950195,0.008358835242688656,0.5714006423950195,0.07843998074531555,0.017198897898197174,0.02739362046122551,0.05310499295592308,0.2394040822982788,0.00469894940033555
test_clip_1_chunk_0059.wav,..\pre_inference\processed_media\audio_chunks\test_clip_1_chunk_0059.wav,1,generator,0.5714006423950195,0.008358835242688656,0.5714006423950195,0.07843998074531555,0.017198897898197174,0.02739362046122551,0.05310499295592308,0.2394040822982788,0.00469894940033555
test_clip_1_chunk_0060.wav,..\pre_inference\processed_media\audio_chunks\test_clip_1_chunk_0060.wav,2,motorvehicle-horn,0.7448018789291382,0.1654750406742096,0.016985807567834854,0.7448018789291382,0.01998317241668701,0.03353024274110794,0.01548160333186388,0.0020379971247166395,0.0017042772378772497
test_clip_1_chunk_0060.wav,..\pre_inference\processed_media\audio_chunks\test_clip_1_chunk_0060.wav,2,motorvehicle-horn,0.7448018789291382,0.1654750406742096,0.016985807567834854,0.7448018789291382,0.01998317241668701,0.03353024274110794,0.01548160333186388,0.0020379971247166395,0.0017042772378772497
test_clip_1_chunk_0061.wav,..\pre_inference\processed_media\audio_chunks\test_clip_1_chunk_0061.wav,0,crowd-noise,0.4821629822254181,0.4821629822254181,0.0069901649840176105,0.352860689163208,0.020302703604102135,0.08944360166788101,0.017640572041273117,0.027566328644752502,0.003032906446605921
test_clip_1_chunk_0061.wav,..\pre_inference\processed_media\audio_chunks\test_clip_1_chunk_0061.wav,0,crowd-noise,0.4821629822254181,0.4821629822254181,0.0069901649840176105,0.352860689163208,0.020302703604102135,0.08944360166788101,0.017640572041273117,0.027566328644752502,0.003032906446605921
test_clip_1_chunk_0062.wav,..\pre_inference\processed_media\audio_chunks\test_clip_1_chunk_0062.wav,0,crowd-noise,0.40326568484306335,0.40326568484306335,0.029547901824116707,0.3731846511363983,0.018529264256358147,0.04705820605158806,0.11814918369054794,0.006700420286506414,0.0035646408796310425
test_clip_1_chunk_0062.wav,..\pre_inference\processed_media\audio_chunks\test_clip_1_chunk_0062.wav,0,crowd-noise,0.40326568484306335,0.40326568484306335,0.029547901824116707,0.3731846511363983,0.018529264256358147,0.04705820605158806,0.11814918369054794,0.006700420286506414,0.0035646408796310425
test_clip_1_chunk_0063.wav,..\pre_inference\processed_media\audio_chunks\test_clip_1_chunk_0063.wav,0,crowd-noise,0.3949878513813019,0.3949878513813019,0.17907719314098358,0.13809716701507568,0.007677687797695398,0.024728434160351753,0.2512298822402954,0.001589829451404512,0.0026118531823158264
test_clip_1_chunk_0063.wav,..\pre_inference\processed_media\audio_chunks\test_clip_1_chunk_0063.wav,0,crowd-noise,0.3949878513813019,0.3949878513813019,0.17907719314098358,0.13809716701507568,0.007677687797695398,0.024728434160351753,0.2512298822402954,0.001589829451404512,0.0026118531823158264
test_clip_1_chunk_0064.wav,..\pre_inference\processed_media\audio_chunks\test_clip_1_chunk_0064.wav,0,crowd-noise,0.39744728803634644,0.39744728803634644,0.07714024931192398,0.13088677823543549,0.08138380199670792,0.03652621805667877,0.26915469765663147,0.004459379240870476,0.0030015946831554174
test_clip_1_chunk_0064.wav,..\pre_inference\processed_media\audio_chunks\test_clip_1_chunk_0064.wav,0,crowd-noise,0.39744728803634644,0.39744728803634644,0.07714024931192398,0.13088677823543549,0.08138380199670792,0.03652621805667877,0.26915469765663147,0.004459379240870476,0.0030015946831554174
test_clip_1_chunk_0065.wav,..\pre_inference\processed_media\audio_chunks\test_clip_1_chunk_0065.wav,0,crowd-noise,0.6504161357879639,0.6504161357879639,0.04560075327754021,0.18051066994667053,0.01389369647949934,0.02991797961294651,0.04674054682254791,0.029554147273302078,0.003366021905094385
test_clip_1_chunk_0065.wav,..\pre_inference\processed_media\audio_chunks\test_clip_1_chunk_0065.wav,0,crowd-noise,0.6504161357879639,0.6504161357879639,0.04560075327754021,0.18051066994667053,0.01389369647949934,0.02991797961294651,0.04674054682254791,0.029554147273302078,0.003366021905094385
test_clip_1_chunk_0066.wav,..\pre_inference\processed_media\audio_chunks\test_clip_1_chunk_0066.wav,2,motorvehicle-horn,0.49102452397346497,0.4702319800853729,0.0012951301177963614,0.49102452397346497,0.007622035685926676,0.00772104412317276,0.02012140303850174,0.0010330628138035536,0.0009507793583907187
test_clip_1_chunk_0066.wav,..\pre_inference\processed_media\audio_chunks\test_clip_1_chunk_0066.wav,2,motorvehicle-horn,0.49102452397346497,0.4702319800853729,0.0012951301177963614,0.49102452397346497,0.007622035685926676,0.00772104412317276,0.02012140303850174,0.0010330628138035536,0.0009507793583907187
test_clip_1_chunk_0067.wav,..\pre_inference\processed_media\audio_chunks\test_clip_1_chunk_0067.wav,0,crowd-noise,0.5999354720115662,0.5999354720115662,0.033453624695539474,0.2806840240955353,0.02192576974630356,0.027084240689873695,0.03520699217915535,0.0002957613323815167,0.0014140548883005977
test_clip_1_chunk_0067.wav,..\pre_inference\processed_media\audio_chunks\test_clip_1_chunk_0067.wav,0,crowd-noise,0.5999354720115662,0.5999354720115662,0.033453624695539474,0.2806840240955353,0.02192576974630356,0.027084240689873695,0.03520699217915535,0.0002957613323815167,0.0014140548883005977
test_clip_1_chunk_0068.wav,..\pre_inference\processed_media\audio_chunks\test_clip_1_chunk_0068.wav,2,motorvehicle-horn,0.4042973816394806,0.31481263041496277,0.03928172588348389,0.4042973816394806,0.06047620624303818,0.11471688747406006,0.06495029479265213,0.000696130795404315,0.0007686917670071125
test_clip_1_chunk_0068.wav,..\pre_inference\processed_media\audio_chunks\test_clip_1_chunk_0068.wav,2,motorvehicle-horn,0.4042973816394806,0.31481263041496277,0.03928172588348389,0.4042973816394806,0.06047620624303818,0.11471688747406006,0.06495029479265213,0.000696130795404315,0.0007686917670071125
test_clip_1_chunk_0069.wav,..\pre_inference\processed_media\audio_chunks\test_clip_1_chunk_0069.wav,0,crowd-noise,0.4512999951839447,0.4512999951839447,0.042671576142311096,0.26103290915489197,0.08830873668193817,0.012154664844274521,0.14279602468013763,0.0007929573184810579,0.0009431277867406607
test_clip_1_chunk_0069.wav,..\pre_inference\processed_media\audio_chunks\test_clip_1_chunk_0069.wav,0,crowd-noise,0.4512999951839447,0.4512999951839447,0.042671576142311096,0.26103290915489197,0.08830873668193817,0.012154664844274521,0.14279602468013763,0.0007929573184810579,0.0009431277867406607
test_clip_1_chunk_0070.wav,..\pre_inference\processed_media\audio_chunks\test_clip_1_chunk_0070.wav,2,motorvehicle-horn,0.6926532983779907,0.15403299033641815,0.02794795110821724,0.6926532983779907,0.023367732763290405,0.03528132289648056,0.00838715024292469,0.05384989082813263,0.004479601513594389
test_clip_1_chunk_0070.wav,..\pre_inference\processed_media\audio_chunks\test_clip_1_chunk_0070.wav,2,motorvehicle-horn,0.6926532983779907,0.15403299033641815,0.02794795110821724,0.6926532983779907,0.023367732763290405,0.03528132289648056,0.00838715024292469,0.05384989082813263,0.004479601513594389
test_clip_1_chunk_0071.wav,..\pre_inference\processed_media\audio_chunks\test_clip_1_chunk_0071.wav,2,motorvehicle-horn,0.7526415586471558,0.13746871054172516,0.050169020891189575,0.7526415586471558,0.016522275283932686,0.0127186868339777,0.021930797025561333,0.006727578118443489,0.0018213526345789433
test_clip_1_chunk_0071.wav,..\pre_inference\processed_media\audio_chunks\test_clip_1_chunk_0071.wav,2,motorvehicle-horn,0.7526415586471558,0.13746871054172516,0.050169020891189575,0.7526415586471558,0.016522275283932686,0.0127186868339777,0.021930797025561333,0.006727578118443489,0.0018213526345789433
test_clip_1_chunk_0072.wav,..\pre_inference\processed_media\audio_chunks\test_clip_1_chunk_0072.wav,2,motorvehicle-horn,0.3943255543708801,0.19250476360321045,0.2791364789009094,0.3943255543708801,0.032769955694675446,0.01734306290745735,0.0779697597026825,0.0029620802961289883,0.002988337306305766
test_clip_1_chunk_0072.wav,..\pre_inference\processed_media\audio_chunks\test_clip_1_chunk_0072.wav,2,motorvehicle-horn,0.3943255543708801,0.19250476360321045,0.2791364789009094,0.3943255543708801,0.032769955694675446,0.01734306290745735,0.0779697597026825,0.0029620802961289883,0.002988337306305766
test_clip_1_chunk_0073.wav,..\pre_inference\processed_media\audio_chunks\test_clip_1_chunk_0073.wav,2,motorvehicle-horn,0.4966970980167389,0.4157654643058777,0.006540411151945591,0.4966970980167389,0.017768289893865585,0.011538111604750156,0.04995189979672432,0.0003992506244685501,0.0013394288253039122
test_clip_1_chunk_0073.wav,..\pre_inference\processed_media\audio_chunks\test_clip_1_chunk_0073.wav,2,motorvehicle-horn,0.4966970980167389,0.4157654643058777,0.006540411151945591,0.4966970980167389,0.017768289893865585,0.011538111604750156,0.04995189979672432,0.0003992506244685501,0.0013394288253039122
test_clip_1_chunk_0074.wav,..\pre_inference\processed_media\audio_chunks\test_clip_1_chunk_0074.wav,2,motorvehicle-horn,0.504497230052948,0.42070531845092773,0.00369511847384274,0.504497230052948,0.011486322619020939,0.014307697303593159,0.040254104882478714,0.0034488404635339975,0.0016054145526140928
test_clip_1_chunk_0074.wav,..\pre_inference\processed_media\audio_chunks\test_clip_1_chunk_0074.wav,2,motorvehicle-horn,0.504497230052948,0.42070531845092773,0.00369511847384274,0.504497230052948,0.011486322619020939,0.014307697303593159,0.040254104882478714,0.0034488404635339975,0.0016054145526140928
test_clip_1_chunk_0075.wav,..\pre_inference\processed_media\audio_chunks\test_clip_1_chunk_0075.wav,2,motorvehicle-horn,0.5337882041931152,0.3346337378025055,0.04832782596349716,0.5337882041931152,0.033981598913669586,0.008206428959965706,0.029355935752391815,0.009614355862140656,0.002091937931254506
test_clip_1_chunk_0075.wav,..\pre_inference\processed_media\audio_chunks\test_clip_1_chunk_0075.wav,2,motorvehicle-horn,0.5337882041931152,0.3346337378025055,0.04832782596349716,0.5337882041931152,0.033981598913669586,0.008206428959965706,0.029355935752391815,0.009614355862140656,0.002091937931254506
test_clip_1_chunk_0076.wav,..\pre_inference\processed_media\audio_chunks\test_clip_1_chunk_0076.wav,2,motorvehicle-horn,0.3834739029407501,0.23949284851551056,0.20618344843387604,0.3834739029407501,0.09038462489843369,0.038756340742111206,0.03624311462044716,0.004216684028506279,0.0012490656226873398
test_clip_1_chunk_0076.wav,..\pre_inference\processed_media\audio_chunks\test_clip_1_chunk_0076.wav,2,motorvehicle-horn,0.3834739029407501,0.23949284851551056,0.20618344843387604,0.3834739029407501,0.09038462489843369,0.038756340742111206,0.03624311462044716,0.004216684028506279,0.0012490656226873398
test_clip_1_chunk_0077.wav,..\pre_inference\processed_media\audio_chunks\test_clip_1_chunk_0077.wav,0,crowd-noise,0.47816628217697144,0.47816628217697144,0.09348711371421814,0.2785590589046478,0.0427296981215477,0.0547524131834507,0.03780632093548775,0.012576348148286343,0.0019227777374908328
test_clip_1_chunk_0077.wav,..\pre_inference\processed_media\audio_chunks\test_clip_1_chunk_0077.wav,0,crowd-noise,0.47816628217697144,0.47816628217697144,0.09348711371421814,0.2785590589046478,0.0427296981215477,0.0547524131834507,0.03780632093548775,0.012576348148286343,0.0019227777374908328
test_clip_1_chunk_0078.wav,..\pre_inference\processed_media\audio_chunks\test_clip_1_chunk_0078.wav,0,crowd-noise,0.561457633972168,0.561457633972168,0.0296990517526865,0.39474228024482727,0.0042185490019619465,0.0017171535873785615,0.00577023159712553,0.0021961587481200695,0.00019886501831933856
test_clip_1_chunk_0078.wav,..\pre_inference\processed_media\audio_chunks\test_clip_1_chunk_0078.wav,0,crowd-noise,0.561457633972168,0.561457633972168,0.0296990517526865,0.39474228024482727,0.0042185490019619465,0.0017171535873785615,0.00577023159712553,0.0021961587481200695,0.00019886501831933856
test_clip_1_chunk_0079.wav,..\pre_inference\processed_media\audio_chunks\test_clip_1_chunk_0079.wav,0,crowd-noise,0.7682532072067261,0.7682532072067261,0.0025119881611317396,0.16017578542232513,0.012875865213572979,0.017530061304569244,0.03766423091292381,0.00019813270773738623,0.0007907084072940052
test_clip_1_chunk_0079.wav,..\pre_inference\processed_media\audio_chunks\test_clip_1_chunk_0079.wav,0,crowd-noise,0.7682532072067261,0.7682532072067261,0.0025119881611317396,0.16017578542232513,0.012875865213572979,0.017530061304569244,0.03766423091292381,0.00019813270773738623,0.0007907084072940052
test_clip_1_chunk_0080.wav,..\pre_inference\processed_media\audio_chunks\test_clip_1_chunk_0080.wav,0,crowd-noise,0.5364090204238892,0.5364090204238892,0.013007755391299725,0.3428768217563629,0.015332402661442757,0.009198540821671486,0.08036310225725174,0.0008440809324383736,0.001968297641724348
test_clip_1_chunk_0080.wav,..\pre_inference\processed_media\audio_chunks\test_clip_1_chunk_0080.wav,0,crowd-noise,0.5364090204238892,0.5364090204238892,0.013007755391299725,0.3428768217563629,0.015332402661442757,0.009198540821671486,0.08036310225725174,0.0008440809324383736,0.001968297641724348
test_clip_1_chunk_0081.wav,..\pre_inference\processed_media\audio_chunks\test_clip_1_chunk_0081.wav,0,crowd-noise,0.3979558050632477,0.3979558050632477,0.01686200685799122,0.15362921357154846,0.16551703214645386,0.019982369616627693,0.24395708739757538,0.00045300694182515144,0.00164347467944026
test_clip_1_chunk_0081.wav,..\pre_inference\processed_media\audio_chunks\test_clip_1_chunk_0081.wav,0,crowd-noise,0.3979558050632477,0.3979558050632477,0.01686200685799122,0.15362921357154846,0.16551703214645386,0.019982369616627693,0.24395708739757538,0.00045300694182515144,0.00164347467944026
test_clip_1_chunk_0082.wav,..\pre_inference\processed_media\audio_chunks\test_clip_1_chunk_0082.wav,2,motorvehicle-horn,0.4834893047809601,0.31252726912498474,0.018371189013123512,0.4834893047809601,0.08391036093235016,0.00039020873373374343,0.09399165213108063,0.0015416033565998077,0.005778447259217501
test_clip_1_chunk_0082.wav,..\pre_inference\processed_media\audio_chunks\test_clip_1_chunk_0082.wav,2,motorvehicle-horn,0.4834893047809601,0.31252726912498474,0.018371189013123512,0.4834893047809601,0.08391036093235016,0.00039020873373374343,0.09399165213108063,0.0015416033565998077,0.005778447259217501
test_clip_1_chunk_0083.wav,..\pre_inference\processed_media\audio_chunks\test_clip_1_chunk_0083.wav,0,crowd-noise,0.5024668574333191,0.5024668574333191,0.012583601288497448,0.37036430835723877,0.040507830679416656,0.015046504326164722,0.04837958514690399,0.00874346774071455,0.00190784374717623
test_clip_1_chunk_0083.wav,..\pre_inference\processed_media\audio_chunks\test_clip_1_chunk_0083.wav,0,crowd-noise,0.5024668574333191,0.5024668574333191,0.012583601288497448,0.37036430835723877,0.040507830679416656,0.015046504326164722,0.04837958514690399,0.00874346774071455,0.00190784374717623
test_clip_1_chunk_0084.wav,..\pre_inference\processed_media\audio_chunks\test_clip_1_chunk_0084.wav,0,crowd-noise,0.46952852606773376,0.46952852606773376,0.12814490497112274,0.18078970909118652,0.11067764461040497,0.0032657852862030268,0.10261207073926926,0.0028783304151147604,0.0021029796916991472
test_clip_1_chunk_0084.wav,..\pre_inference\processed_media\audio_chunks\test_clip_1_chunk_0084.wav,0,crowd-noise,0.46952852606773376,0.46952852606773376,0.12814490497112274,0.18078970909118652,0.11067764461040497,0.0032657852862030268,0.10261207073926926,0.0028783304151147604,0.0021029796916991472
test_clip_1_chunk_0085.wav,..\pre_inference\processed_media\audio_chunks\test_clip_1_chunk_0085.wav,0,crowd-noise,0.6965774893760681,0.6965774893760681,0.033089760690927505,0.18048475682735443,0.040280137211084366,0.01211155392229557,0.015977393835783005,0.018632911145687103,0.002846068935468793
test_clip_1_chunk_0085.wav,..\pre_inference\processed_media\audio_chunks\test_clip_1_chunk_0085.wav,0,crowd-noise,0.6965774893760681,0.6965774893760681,0.033089760690927505,0.18048475682735443,0.040280137211084366,0.01211155392229557,0.015977393835783005,0.018632911145687103,0.002846068935468793
test_clip_1_chunk_0086.wav,..\pre_inference\processed_media\audio_chunks\test_clip_1_chunk_0086.wav,0,crowd-noise,0.4437997043132782,0.4437997043132782,0.014086995273828506,0.2817307412624359,0.08255711197853088,0.026581479236483574,0.13389000296592712,0.006115202326327562,0.011238708160817623
test_clip_1_chunk_0086.wav,..\pre_inference\processed_media\audio_chunks\test_clip_1_chunk_0086.wav,0,crowd-noise,0.4437997043132782,0.4437997043132782,0.014086995273828506,0.2817307412624359,0.08255711197853088,0.026581479236483574,0.13389000296592712,0.006115202326327562,0.011238708160817623
test_clip_1_chunk_0087.wav,..\pre_inference\processed_media\audio_chunks\test_clip_1_chunk_0087.wav,0,crowd-noise,0.4748765528202057,0.4748765528202057,0.01744050346314907,0.3172594904899597,0.10098987817764282,0.041169531643390656,0.02855359949171543,0.01746232807636261,0.002248110482469201
test_clip_1_chunk_0087.wav,..\pre_inference\processed_media\audio_chunks\test_clip_1_chunk_0087.wav,0,crowd-noise,0.4748765528202057,0.4748765528202057,0.01744050346314907,0.3172594904899597,0.10098987817764282,0.041169531643390656,0.02855359949171543,0.01746232807636261,0.002248110482469201
test_clip_1_chunk_0088.wav,..\pre_inference\processed_media\audio_chunks\test_clip_1_chunk_0088.wav,2,motorvehicle-horn,0.43612825870513916,0.4305154085159302,0.008068975992500782,0.43612825870513916,0.04223749414086342,0.03306690603494644,0.02405655011534691,0.01745310053229332,0.00847335159778595
test_clip_1_chunk_0088.wav,..\pre_inference\processed_media\audio_chunks\test_clip_1_chunk_0088.wav,2,motorvehicle-horn,0.43612825870513916,0.4305154085159302,0.008068975992500782,0.43612825870513916,0.04223749414086342,0.03306690603494644,0.02405655011534691,0.01745310053229332,0.00847335159778595
test_clip_1_chunk_0089.wav,..\pre_inference\processed_media\audio_chunks\test_clip_1_chunk_0089.wav,2,motorvehicle-horn,0.4956206679344177,0.4014694094657898,0.017348172143101692,0.4956206679344177,0.011239762417972088,0.03493327274918556,0.025930194184184074,0.00974014587700367,0.0037183372769504786
test_clip_1_chunk_0089.wav,..\pre_inference\processed_media\audio_chunks\test_clip_1_chunk_0089.wav,2,motorvehicle-horn,0.4956206679344177,0.4014694094657898,0.017348172143101692,0.4956206679344177,0.011239762417972088,0.03493327274918556,0.025930194184184074,0.00974014587700367,0.0037183372769504786
test_clip_1_chunk_0090.wav,..\pre_inference\processed_media\audio_chunks\test_clip_1_chunk_0090.wav,5,construction-site,0.39728057384490967,0.19678229093551636,0.007348185405135155,0.07268344610929489,0.19742901623249054,0.12729449570178986,0.39728057384490967,0.0006274391780607402,0.0005544986925087869
test_clip_1_chunk_0090.wav,..\pre_inference\processed_media\audio_chunks\test_clip_1_chunk_0090.wav,5,construction-site,0.39728057384490967,0.19678229093551636,0.007348185405135155,0.07268344610929489,0.19742901623249054,0.12729449570178986,0.39728057384490967,0.0006274391780607402,0.0005544986925087869
test_clip_1_chunk_0091.wav,..\pre_inference\processed_media\audio_chunks\test_clip_1_chunk_0091.wav,0,crowd-noise,0.4439292550086975,0.4439292550086975,0.03580191358923912,0.32426223158836365,0.06496526300907135,0.019787246361374855,0.08031586557626724,0.015583069995045662,0.015355158597230911
test_clip_1_chunk_0091.wav,..\pre_inference\processed_media\audio_chunks\test_clip_1_chunk_0091.wav,0,crowd-noise,0.4439292550086975,0.4439292550086975,0.03580191358923912,0.32426223158836365,0.06496526300907135,0.019787246361374855,0.08031586557626724,0.015583069995045662,0.015355158597230911
test_clip_1_chunk_0092.wav,..\pre_inference\processed_media\audio_chunks\test_clip_1_chunk_0092.wav,0,crowd-noise,0.5701277256011963,0.5701277256011963,0.04155890271067619,0.23887306451797485,0.0252357367426157,0.06656453758478165,0.03462018445134163,0.01987110823392868,0.003148730145767331
test_clip_1_chunk_0092.wav,..\pre_inference\processed_media\audio_chunks\test_clip_1_chunk_0092.wav,0,crowd-noise,0.5701277256011963,0.5701277256011963,0.04155890271067619,0.23887306451797485,0.0252357367426157,0.06656453758478165,0.03462018445134163,0.01987110823392868,0.003148730145767331
test_clip_1_chunk_0093.wav,..\pre_inference\processed_media\audio_chunks\test_clip_1_chunk_0093.wav,2,motorvehicle-horn,0.7672824263572693,0.08131976425647736,0.058382730931043625,0.7672824263572693,0.03132462128996849,0.019720669835805893,0.039250560104846954,0.00156308407895267,0.001156178186647594
test_clip_1_chunk_0093.wav,..\pre_inference\processed_media\audio_chunks\test_clip_1_chunk_0093.wav,2,motorvehicle-horn,0.7672824263572693,0.08131976425647736,0.058382730931043625,0.7672824263572693,0.03132462128996849,0.019720669835805893,0.039250560104846954,0.00156308407895267,0.001156178186647594
test_clip_1_chunk_0094.wav,..\pre_inference\processed_media\audio_chunks\test_clip_1_chunk_0094.wav,0,crowd-noise,0.6732214689254761,0.6732214689254761,0.01683337800204754,0.19822441041469574,0.02190716192126274,0.03540351241827011,0.04378620907664299,0.009572403505444527,0.0010514516616240144
test_clip_1_chunk_0094.wav,..\pre_inference\processed_media\audio_chunks\test_clip_1_chunk_0094.wav,0,crowd-noise,0.6732214689254761,0.6732214689254761,0.01683337800204754,0.19822441041469574,0.02190716192126274,0.03540351241827011,0.04378620907664299,0.009572403505444527,0.0010514516616240144
test_clip_1_chunk_0095.wav,..\pre_inference\processed_media\audio_chunks\test_clip_1_chunk_0095.wav,1,generator,0.2879190444946289,0.2294074147939682,0.2879190444946289,0.14565099775791168,0.06570537388324738,0.08523183315992355,0.13972198963165283,0.039495084434747696,0.006868254859000444
test_clip_1_chunk_0095.wav,..\pre_inference\processed_media\audio_chunks\test_clip_1_chunk_0095.wav,1,generator,0.2879190444946289,0.2294074147939682,0.2879190444946289,0.14565099775791168,0.06570537388324738,0.08523183315992355,0.13972198963165283,0.039495084434747696,0.006868254859000444
test_clip_1_chunk_0096.wav,..\pre_inference\processed_media\audio_chunks\test_clip_1_chunk_0096.wav,2,motorvehicle-horn,0.30644848942756653,0.3002982437610626,0.17822150886058807,0.30644848942756653,0.04079236090183258,0.05281132459640503,0.03374052792787552,0.08383462578058243,0.003852890571579337
test_clip_1_chunk_0096.wav,..\pre_inference\processed_media\audio_chunks\test_clip_1_chunk_0096.wav,2,motorvehicle-horn,0.30644848942756653,0.3002982437610626,0.17822150886058807,0.30644848942756653,0.04079236090183258,0.05281132459640503,0.03374052792787552,0.08383462578058243,0.003852890571579337
test_clip_1_chunk_0097.wav,..\pre_inference\processed_media\audio_chunks\test_clip_1_chunk_0097.wav,0,crowd-noise,0.6835054159164429,0.6835054159164429,0.005685371812433004,0.29449617862701416,0.005106346216052771,0.005114595405757427,0.0053635938093066216,0.00042533062514849007,0.00030311441514641047
test_clip_1_chunk_0097.wav,..\pre_inference\processed_media\audio_chunks\test_clip_1_chunk_0097.wav,0,crowd-noise,0.6835054159164429,0.6835054159164429,0.005685371812433004,0.29449617862701416,0.005106346216052771,0.005114595405757427,0.0053635938093066216,0.00042533062514849007,0.00030311441514641047
test_clip_1_chunk_0098.wav,..\pre_inference\processed_media\audio_chunks\test_clip_1_chunk_0098.wav,0,crowd-noise,0.48062121868133545,0.48062121868133545,0.045337334275245667,0.3360365033149719,0.03342113643884659,0.015671567991375923,0.07970962673425674,0.00825440138578415,0.000948248605709523
test_clip_1_chunk_0098.wav,..\pre_inference\processed_media\audio_chunks\test_clip_1_chunk_0098.wav,0,crowd-noise,0.48062121868133545,0.48062121868133545,0.045337334275245667,0.3360365033149719,0.03342113643884659,0.015671567991375923,0.07970962673425674,0.00825440138578415,0.000948248605709523
test_clip_1_chunk_0099.wav,..\pre_inference\processed_media\audio_chunks\test_clip_1_chunk_0099.wav,0,crowd-noise,0.4444665312767029,0.4444665312767029,0.19900254905223846,0.2467632293701172,0.01148951519280672,0.062000058591365814,0.0037392869126051664,0.030442392453551292,0.002096449723467231
test_clip_1_chunk_0099.wav,..\pre_inference\processed_media\audio_chunks\test_clip_1_chunk_0099.wav,0,crowd-noise,0.4444665312767029,0.4444665312767029,0.19900254905223846,0.2467632293701172,0.01148951519280672,0.062000058591365814,0.0037392869126051664,0.030442392453551292,0.002096449723467231
test_clip_1_chunk_0100.wav,..\pre_inference\processed_media\audio_chunks\test_clip_1_chunk_0100.wav,0,crowd-noise,0.5547354817390442,0.5547354817390442,0.03734764829277992,0.3043166697025299,0.029124543070793152,0.027898985892534256,0.023782851174473763,0.020713379606604576,0.0020803939551115036
test_clip_1_chunk_0100.wav,..\pre_inference\processed_media\audio_chunks\test_clip_1_chunk_0100.wav,0,crowd-noise,0.5547354817390442,0.5547354817390442,0.03734764829277992,0.3043166697025299,0.029124543070793152,0.027898985892534256,0.023782851174473763,0.020713379606604576,0.0020803939551115036
test_clip_1_chunk_0101.wav,..\pre_inference\processed_media\audio_chunks\test_clip_1_chunk_0101.wav,2,motorvehicle-horn,0.5440590381622314,0.23395951092243195,0.011860380880534649,0.5440590381622314,0.1093863695859909,0.030282694846391678,0.0501166433095932,0.014468391425907612,0.005866990424692631
test_clip_1_chunk_0101.wav,..\pre_inference\processed_media\audio_chunks\test_clip_1_chunk_0101.wav,2,motorvehicle-horn,0.5440590381622314,0.23395951092243195,0.011860380880534649,0.5440590381622314,0.1093863695859909,0.030282694846391678,0.0501166433095932,0.014468391425907612,0.005866990424692631
test_clip_1_chunk_0102.wav,..\pre_inference\processed_media\audio_chunks\test_clip_1_chunk_0102.wav,3,mobile-music,0.44480860233306885,0.03270960599184036,0.032857391983270645,0.2646642029285431,0.44480860233306885,0.009387443773448467,0.1843666285276413,0.018831659108400345,0.012374493293464184
test_clip_1_chunk_0102.wav,..\pre_inference\processed_media\audio_chunks\test_clip_1_chunk_0102.wav,3,mobile-music,0.44480860233306885,0.03270960599184036,0.032857391983270645,0.2646642029285431,0.44480860233306885,0.009387443773448467,0.1843666285276413,0.018831659108400345,0.012374493293464184
test_clip_1_chunk_0103.wav,..\pre_inference\processed_media\audio_chunks\test_clip_1_chunk_0103.wav,2,motorvehicle-horn,0.5562358498573303,0.1932712346315384,0.03307555988430977,0.5562358498573303,0.09563162177801132,0.014767246320843697,0.0868978425860405,0.01196069922298193,0.008159903809428215
test_clip_1_chunk_0103.wav,..\pre_inference\processed_media\audio_chunks\test_clip_1_chunk_0103.wav,2,motorvehicle-horn,0.5562358498573303,0.1932712346315384,0.03307555988430977,0.5562358498573303,0.09563162177801132,0.014767246320843697,0.0868978425860405,0.01196069922298193,0.008159903809428215
test_clip_1_chunk_0104.wav,..\pre_inference\processed_media\audio_chunks\test_clip_1_chunk_0104.wav,0,crowd-noise,0.6880058646202087,0.6880058646202087,0.011027705855667591,0.14307472109794617,0.027662180364131927,0.08859464526176453,0.029473528265953064,0.008695260621607304,0.0034660494420677423
test_clip_1_chunk_0104.wav,..\pre_inference\processed_media\audio_chunks\test_clip_1_chunk_0104.wav,0,crowd-noise,0.6880058646202087,0.6880058646202087,0.011027705855667591,0.14307472109794617,0.027662180364131927,0.08859464526176453,0.029473528265953064,0.008695260621607304,0.0034660494420677423
test_clip_1_chunk_0105.wav,..\pre_inference\processed_media\audio_chunks\test_clip_1_chunk_0105.wav,0,crowd-noise,0.4743482172489166,0.4743482172489166,0.01051718182861805,0.27214667201042175,0.021596863865852356,0.0040902383625507355,0.20995675027370453,0.0016954998718574643,0.005648565478622913
test_clip_1_chunk_0105.wav,..\pre_inference\processed_media\audio_chunks\test_clip_1_chunk_0105.wav,0,crowd-noise,0.4743482172489166,0.4743482172489166,0.01051718182861805,0.27214667201042175,0.021596863865852356,0.0040902383625507355,0.20995675027370453,0.0016954998718574643,0.005648565478622913
test_clip_1_chunk_0106.wav,..\pre_inference\processed_media\audio_chunks\test_clip_1_chunk_0106.wav,2,motorvehicle-horn,0.6992745399475098,0.1503288596868515,0.027263931930065155,0.6992745399475098,0.0579591803252697,0.007383162621408701,0.057294126600027084,0.00024100489099510014,0.00025519749033264816
test_clip_1_chunk_0106.wav,..\pre_inference\processed_media\audio_chunks\test_clip_1_chunk_0106.wav,2,motorvehicle-horn,0.6992745399475098,0.1503288596868515,0.027263931930065155,0.6992745399475098,0.0579591803252697,0.007383162621408701,0.057294126600027084,0.00024100489099510014,0.00025519749033264816
test_clip_1_chunk_0107.wav,..\pre_inference\processed_media\audio_chunks\test_clip_1_chunk_0107.wav,2,motorvehicle-horn,0.7356193661689758,0.2117375284433365,0.0055905780754983425,0.7356193661689758,0.029493266716599464,0.0053536612540483475,0.010769905522465706,0.0004877218743786216,0.0009479898726567626
test_clip_1_chunk_0107.wav,..\pre_inference\processed_media\audio_chunks\test_clip_1_chunk_0107.wav,2,motorvehicle-horn,0.7356193661689758,0.2117375284433365,0.0055905780754983425,0.7356193661689758,0.029493266716599464,0.0053536612540483475,0.010769905522465706,0.0004877218743786216,0.0009479898726567626
test_clip_1_chunk_0108.wav,..\pre_inference\processed_media\audio_chunks\test_clip_1_chunk_0108.wav,2,motorvehicle-horn,0.6208542585372925,0.13645105063915253,0.06797974556684494,0.6208542585372925,0.054063580930233,0.006934821140021086,0.10912385582923889,0.0005506302695721388,0.0040419986471533775
test_clip_1_chunk_0108.wav,..\pre_inference\processed_media\audio_chunks\test_clip_1_chunk_0108.wav,2,motorvehicle-horn,0.6208542585372925,0.13645105063915253,0.06797974556684494,0.6208542585372925,0.054063580930233,0.006934821140021086,0.10912385582923889,0.0005506302695721388,0.0040419986471533775
test_clip_1_chunk_0109.wav,..\pre_inference\processed_media\audio_chunks\test_clip_1_chunk_0109.wav,2,motorvehicle-horn,0.7003778219223022,0.17716558277606964,0.006197175942361355,0.7003778219223022,0.05357123538851738,0.004635284189134836,0.05745956674218178,0.00011746335803763941,0.00047583325067535043
test_clip_1_chunk_0109.wav,..\pre_inference\processed_media\audio_chunks\test_clip_1_chunk_0109.wav,2,motorvehicle-horn,0.7003778219223022,0.17716558277606964,0.006197175942361355,0.7003778219223022,0.05357123538851738,0.004635284189134836,0.05745956674218178,0.00011746335803763941,0.00047583325067535043
test_clip_1_chunk_0110.wav,..\pre_inference\processed_media\audio_chunks\test_clip_1_chunk_0110.wav,2,motorvehicle-horn,0.5609257817268372,0.33393263816833496,0.009865117259323597,0.5609257817268372,0.018106551840901375,0.00908572692424059,0.06246079504489899,0.0006862451555207372,0.00493713328614831
test_clip_1_chunk_0110.wav,..\pre_inference\processed_media\audio_chunks\test_clip_1_chunk_0110.wav,2,motorvehicle-horn,0.5609257817268372,0.33393263816833496,0.009865117259323597,0.5609257817268372,0.018106551840901375,0.00908572692424059,0.06246079504489899,0.0006862451555207372,0.00493713328614831
test_clip_1_chunk_0111.wav,..\pre_inference\processed_media\audio_chunks\test_clip_1_chunk_0111.wav,1,generator,0.6853684186935425,0.0037586295511573553,0.6853684186935425,0.0015781009569764137,0.009188651107251644,0.09998144209384918,0.19481819868087769,0.003983591217547655,0.001323011820204556
test_clip_1_chunk_0111.wav,..\pre_inference\processed_media\audio_chunks\test_clip_1_chunk_0111.wav,1,generator,0.6853684186935425,0.0037586295511573553,0.6853684186935425,0.0015781009569764137,0.009188651107251644,0.09998144209384918,0.19481819868087769,0.003983591217547655,0.001323011820204556
test_clip_1_chunk_0112.wav,..\pre_inference\processed_media\audio_chunks\test_clip_1_chunk_0112.wav,1,generator,0.4988677501678467,0.0012053295504301786,0.4988677501678467,0.0006244398537091911,0.04502875357866287,0.05202489346265793,0.39721953868865967,0.004143976606428623,0.0008852150640450418
test_clip_1_chunk_0112.wav,..\pre_inference\processed_media\audio_chunks\test_clip_1_chunk_0112.wav,1,generator,0.4988677501678467,0.0012053295504301786,0.4988677501678467,0.0006244398537091911,0.04502875357866287,0.05202489346265793,0.39721953868865967,0.004143976606428623,0.0008852150640450418
test_clip_1_chunk_0113.wav,..\pre_inference\processed_media\audio_chunks\test_clip_1_chunk_0113.wav,1,generator,0.8256848454475403,0.0015246463008224964,0.8256848454475403,0.0017069765599444509,0.0065104663372039795,0.009796888567507267,0.15088637173175812,0.0026290128007531166,0.0012607160024344921
test_clip_1_chunk_0113.wav,..\pre_inference\processed_media\audio_chunks\test_clip_1_chunk_0113.wav,1,generator,0.8256848454475403,0.0015246463008224964,0.8256848454475403,0.0017069765599444509,0.0065104663372039795,0.009796888567507267,0.15088637173175812,0.0026290128007531166,0.0012607160024344921
test_clip_1_chunk_0114.wav,..\pre_inference\processed_media\audio_chunks\test_clip_1_chunk_0114.wav,1,generator,0.928851842880249,0.002756704343482852,0.928851842880249,0.0008073695353232324,0.008651948533952236,0.01195476483553648,0.04434318095445633,0.002437982242554426,0.00019616499776020646
test_clip_1_chunk_0114.wav,..\pre_inference\processed_media\audio_chunks\test_clip_1_chunk_0114.wav,1,generator,0.928851842880249,0.002756704343482852,0.928851842880249,0.0008073695353232324,0.008651948533952236,0.01195476483553648,0.04434318095445633,0.002437982242554426,0.00019616499776020646
test_clip_1_chunk_0115.wav,..\pre_inference\processed_media\audio_chunks\test_clip_1_chunk_0115.wav,5,construction-site,0.6749870777130127,0.00036586460191756487,0.22923682630062103,0.0003455634869169444,0.04315853491425514,0.029081666842103004,0.6749870777130127,0.01962418481707573,0.00320035801269114
test_clip_1_chunk_0115.wav,..\pre_inference\processed_media\audio_chunks\test_clip_1_chunk_0115.wav,5,construction-site,0.6749870777130127,0.00036586460191756487,0.22923682630062103,0.0003455634869169444,0.04315853491425514,0.029081666842103004,0.6749870777130127,0.01962418481707573,0.00320035801269114
test_clip_1_chunk_0116.wav,..\pre_inference\processed_media\audio_chunks\test_clip_1_chunk_0116.wav,5,construction-site,0.4000321924686432,0.05897674709558487,0.2188166081905365,0.14924682676792145,0.10037672519683838,0.04677155241370201,0.4000321924686432,0.015550966374576092,0.010228297673165798
test_clip_1_chunk_0116.wav,..\pre_inference\processed_media\audio_chunks\test_clip_1_chunk_0116.wav,5,construction-site,0.4000321924686432,0.05897674709558487,0.2188166081905365,0.14924682676792145,0.10037672519683838,0.04677155241370201,0.4000321924686432,0.015550966374576092,0.010228297673165798
test_clip_1_chunk_0117.wav,..\pre_inference\processed_media\audio_chunks\test_clip_1_chunk_0117.wav,5,construction-site,0.4225454032421112,0.005748855881392956,0.26332128047943115,0.09175895899534225,0.08224638551473618,0.04728246480226517,0.4225454032421112,0.057438649237155914,0.029658010229468346
test_clip_1_chunk_0117.wav,..\pre_inference\processed_media\audio_chunks\test_clip_1_chunk_0117.wav,5,construction-site,0.4225454032421112,0.005748855881392956,0.26332128047943115,0.09175895899534225,0.08224638551473618,0.04728246480226517,0.4225454032421112,0.057438649237155914,0.029658010229468346
test_clip_1_chunk_0118.wav,..\pre_inference\processed_media\audio_chunks\test_clip_1_chunk_0118.wav,5,construction-site,0.6578508615493774,0.0016600476810708642,0.2623312771320343,0.002881459891796112,0.04286140203475952,0.021119199693202972,0.6578508615493774,0.00865417905151844,0.0026415600441396236
test_clip_1_chunk_0118.wav,..\pre_inference\processed_media\audio_chunks\test_clip_1_chunk_0118.wav,5,construction-site,0.6578508615493774,0.0016600476810708642,0.2623312771320343,0.002881459891796112,0.04286140203475952,0.021119199693202972,0.6578508615493774,0.00865417905151844,0.0026415600441396236
test_clip_1_chunk_0119.wav,..\pre_inference\processed_media\audio_chunks\test_clip_1_chunk_0119.wav,5,construction-site,0.6620540022850037,0.0016991832526400685,0.21816760301589966,0.009361904114484787,0.03111850470304489,0.06151847913861275,0.6620540022850037,0.012269203551113605,0.003811127506196499
test_clip_1_chunk_0119.wav,..\pre_inference\processed_media\audio_chunks\test_clip_1_chunk_0119.wav,5,construction-site,0.6620540022850037,0.0016991832526400685,0.21816760301589966,0.009361904114484787,0.03111850470304489,0.06151847913861275,0.6620540022850037,0.012269203551113605,0.003811127506196499
test_clip_1_chunk_0120.wav,..\pre_inference\processed_media\audio_chunks\test_clip_1_chunk_0120.wav,1,generator,0.5247206091880798,0.004813146311789751,0.5247206091880798,0.09993081539869308,0.054670292884111404,0.013375826179981232,0.28224411606788635,0.01329404953867197,0.006951153744012117
test_clip_1_chunk_0120.wav,..\pre_inference\processed_media\audio_chunks\test_clip_1_chunk_0120.wav,1,generator,0.5247206091880798,0.004813146311789751,0.5247206091880798,0.09993081539869308,0.054670292884111404,0.013375826179981232,0.28224411606788635,0.01329404953867197,0.006951153744012117
test_clip_1_chunk_0121.wav,..\pre_inference\processed_media\audio_chunks\test_clip_1_chunk_0121.wav,1,generator,0.5408830046653748,0.005236084572970867,0.5408830046653748,0.020263204351067543,0.05119408294558525,0.07915600389242172,0.28623804450035095,0.015449662692844868,0.0015799199463799596
test_clip_1_chunk_0121.wav,..\pre_inference\processed_media\audio_chunks\test_clip_1_chunk_0121.wav,1,generator,0.5408830046653748,0.005236084572970867,0.5408830046653748,0.020263204351067543,0.05119408294558525,0.07915600389242172,0.28623804450035095,0.015449662692844868,0.0015799199463799596
test_clip_1_chunk_0122.wav,..\pre_inference\processed_media\audio_chunks\test_clip_1_chunk_0122.wav,1,generator,0.6976898312568665,0.00328425457701087,0.6976898312568665,0.01882282830774784,0.021158544346690178,0.012978576123714447,0.24031639099121094,0.0034192034509032965,0.0023303269408643246
test_clip_1_chunk_0122.wav,..\pre_inference\processed_media\audio_chunks\test_clip_1_chunk_0122.wav,1,generator,0.6976898312568665,0.00328425457701087,0.6976898312568665,0.01882282830774784,0.021158544346690178,0.012978576123714447,0.24031639099121094,0.0034192034509032965,0.0023303269408643246
test_clip_1_chunk_0123.wav,..\pre_inference\processed_media\audio_chunks\test_clip_1_chunk_0123.wav,1,generator,0.6988630294799805,0.007151580415666103,0.6988630294799805,0.010542221367359161,0.04696741700172424,0.1009330004453659,0.11487560719251633,0.018203571438789368,0.002463617827743292
test_clip_1_chunk_0123.wav,..\pre_inference\processed_media\audio_chunks\test_clip_1_chunk_0123.wav,1,generator,0.6988630294799805,0.007151580415666103,0.6988630294799805,0.010542221367359161,0.04696741700172424,0.1009330004453659,0.11487560719251633,0.018203571438789368,0.002463617827743292
test_clip_1_chunk_0124.wav,..\pre_inference\processed_media\audio_chunks\test_clip_1_chunk_0124.wav,5,construction-site,0.4920581877231598,0.00040577148320153356,0.44944146275520325,0.003300544572994113,0.022394560277462006,0.016648339107632637,0.4920581877231598,0.013969983905553818,0.0017811438301578164
test_clip_1_chunk_0124.wav,..\pre_inference\processed_media\audio_chunks\test_clip_1_chunk_0124.wav,5,construction-site,0.4920581877231598,0.00040577148320153356,0.44944146275520325,0.003300544572994113,0.022394560277462006,0.016648339107632637,0.4920581877231598,0.013969983905553818,0.0017811438301578164
test_clip_1_chunk_0125.wav,..\pre_inference\processed_media\audio_chunks\test_clip_1_chunk_0125.wav,1,generator,0.6750866770744324,0.005172939971089363,0.6750866770744324,0.006489415653049946,0.026390865445137024,0.05365191772580147,0.2100093811750412,0.01908867061138153,0.004110108129680157
test_clip_1_chunk_0125.wav,..\pre_inference\processed_media\audio_chunks\test_clip_1_chunk_0125.wav,1,generator,0.6750866770744324,0.005172939971089363,0.6750866770744324,0.006489415653049946,0.026390865445137024,0.05365191772580147,0.2100093811750412,0.01908867061138153,0.004110108129680157
test_clip_1_chunk_0126.wav,..\pre_inference\processed_media\audio_chunks\test_clip_1_chunk_0126.wav,1,generator,0.47666287422180176,0.0035204263404011726,0.47666287422180176,0.026282120496034622,0.03913704305887222,0.014482543803751469,0.4155324101448059,0.018405957147479057,0.00597668532282114
test_clip_1_chunk_0126.wav,..\pre_inference\processed_media\audio_chunks\test_clip_1_chunk_0126.wav,1,generator,0.47666287422180176,0.0035204263404011726,0.47666287422180176,0.026282120496034622,0.03913704305887222,0.014482543803751469,0.4155324101448059,0.018405957147479057,0.00597668532282114
test_clip_1_chunk_0127.wav,..\pre_inference\processed_media\audio_chunks\test_clip_1_chunk_0127.wav,1,generator,0.7547709345817566,0.0060897753573954105,0.7547709345817566,0.018734732642769814,0.04584459587931633,0.01302412524819374,0.13785184919834137,0.018645154312253,0.005038864444941282
test_clip_1_chunk_0127.wav,..\pre_inference\processed_media\audio_chunks\test_clip_1_chunk_0127.wav,1,generator,0.7547709345817566,0.0060897753573954105,0.7547709345817566,0.018734732642769814,0.04584459587931633,0.01302412524819374,0.13785184919834137,0.018645154312253,0.005038864444941282
test_clip_1_chunk_0128.wav,..\pre_inference\processed_media\audio_chunks\test_clip_1_chunk_0128.wav,1,generator,0.6908019781112671,0.0010531165171414614,0.6908019781112671,0.0039728423580527306,0.019241701811552048,0.026907768100500107,0.2488810122013092,0.005117285531014204,0.004024283494800329
test_clip_1_chunk_0128.wav,..\pre_inference\processed_media\audio_chunks\test_clip_1_chunk_0128.wav,1,generator,0.6908019781112671,0.0010531165171414614,0.6908019781112671,0.0039728423580527306,0.019241701811552048,0.026907768100500107,0.2488810122013092,0.005117285531014204,0.004024283494800329
test_clip_1_chunk_0129.wav,..\pre_inference\processed_media\audio_chunks\test_clip_1_chunk_0129.wav,1,generator,0.6749769449234009,0.003672561841085553,0.6749769449234009,0.013416056521236897,0.05139615014195442,0.011349368840456009,0.2224017232656479,0.018776539713144302,0.004010605625808239
test_clip_1_chunk_0129.wav,..\pre_inference\processed_media\audio_chunks\test_clip_1_chunk_0129.wav,1,generator,0.6749769449234009,0.003672561841085553,0.6749769449234009,0.013416056521236897,0.05139615014195442,0.011349368840456009,0.2224017232656479,0.018776539713144302,0.004010605625808239
test_clip_1_chunk_0130.wav,..\pre_inference\processed_media\audio_chunks\test_clip_1_chunk_0130.wav,5,construction-site,0.3772309422492981,0.0019226981094107032,0.3491685092449188,0.0036466331221163273,0.18666064739227295,0.04851360619068146,0.3772309422492981,0.02719186246395111,0.005665191914886236
test_clip_1_chunk_0130.wav,..\pre_inference\processed_media\audio_chunks\test_clip_1_chunk_0130.wav,5,construction-site,0.3772309422492981,0.0019226981094107032,0.3491685092449188,0.0036466331221163273,0.18666064739227295,0.04851360619068146,0.3772309422492981,0.02719186246395111,0.005665191914886236
test_clip_1_chunk_0131.wav,..\pre_inference\processed_media\audio_chunks\test_clip_1_chunk_0131.wav,1,generator,0.7261451482772827,0.0022963935043662786,0.7261451482772827,0.008727381005883217,0.020499275997281075,0.014036491513252258,0.20690003037452698,0.01563882827758789,0.00575649831444025
test_clip_1_chunk_0131.wav,..\pre_inference\processed_media\audio_chunks\test_clip_1_chunk_0131.wav,1,generator,0.7261451482772827,0.0022963935043662786,0.7261451482772827,0.008727381005883217,0.020499275997281075,0.014036491513252258,0.20690003037452698,0.01563882827758789,0.00575649831444025
test_clip_1_chunk_0132.wav,..\pre_inference\processed_media\audio_chunks\test_clip_1_chunk_0132.wav,1,generator,0.5516234636306763,0.0027440558187663555,0.5516234636306763,0.001862392295151949,0.09972566366195679,0.022840090095996857,0.2945901155471802,0.022213047370314598,0.004401116166263819
test_clip_1_chunk_0132.wav,..\pre_inference\processed_media\audio_chunks\test_clip_1_chunk_0132.wav,1,generator,0.5516234636306763,0.0027440558187663555,0.5516234636306763,0.001862392295151949,0.09972566366195679,0.022840090095996857,0.2945901155471802,0.022213047370314598,0.004401116166263819
test_clip_1_chunk_0133.wav,..\pre_inference\processed_media\audio_chunks\test_clip_1_chunk_0133.wav,1,generator,0.4965919554233551,0.001772878342308104,0.4965919554233551,0.003551797941327095,0.039886537939310074,0.029996203258633614,0.4083716571331024,0.01297262217849493,0.006856341380625963
test_clip_1_chunk_0133.wav,..\pre_inference\processed_media\audio_chunks\test_clip_1_chunk_0133.wav,1,generator,0.4965919554233551,0.001772878342308104,0.4965919554233551,0.003551797941327095,0.039886537939310074,0.029996203258633614,0.4083716571331024,0.01297262217849493,0.006856341380625963
test_clip_1_chunk_0134.wav,..\pre_inference\processed_media\audio_chunks\test_clip_1_chunk_0134.wav,1,generator,0.5375261902809143,0.003939947113394737,0.5375261902809143,0.004296595696359873,0.07665650546550751,0.01596808433532715,0.35058626532554626,0.004366983659565449,0.0066594528034329414
test_clip_1_chunk_0134.wav,..\pre_inference\processed_media\audio_chunks\test_clip_1_chunk_0134.wav,1,generator,0.5375261902809143,0.003939947113394737,0.5375261902809143,0.004296595696359873,0.07665650546550751,0.01596808433532715,0.35058626532554626,0.004366983659565449,0.0066594528034329414
test_clip_1_chunk_0135.wav,..\pre_inference\processed_media\audio_chunks\test_clip_1_chunk_0135.wav,1,generator,0.7135899066925049,0.0025499723851680756,0.7135899066925049,0.0011370034189894795,0.04460062086582184,0.01508112158626318,0.18540771305561066,0.03324640169739723,0.004387219436466694
test_clip_1_chunk_0135.wav,..\pre_inference\processed_media\audio_chunks\test_clip_1_chunk_0135.wav,1,generator,0.7135899066925049,0.0025499723851680756,0.7135899066925049,0.0011370034189894795,0.04460062086582184,0.01508112158626318,0.18540771305561066,0.03324640169739723,0.004387219436466694
test_clip_1_chunk_0136.wav,..\pre_inference\processed_media\audio_chunks\test_clip_1_chunk_0136.wav,1,generator,0.8234736919403076,0.0002911384799517691,0.8234736919403076,0.00019828035146929324,0.014985740184783936,0.010210376232862473,0.14373734593391418,0.005748092662543058,0.001355290412902832
test_clip_1_chunk_0136.wav,..\pre_inference\processed_media\audio_chunks\test_clip_1_chunk_0136.wav,1,generator,0.8234736919403076,0.0002911384799517691,0.8234736919403076,0.00019828035146929324,0.014985740184783936,0.010210376232862473,0.14373734593391418,0.005748092662543058,0.001355290412902832
test_clip_1_chunk_0137.wav,..\pre_inference\processed_media\audio_chunks\test_clip_1_chunk_0137.wav,1,generator,0.7970409989356995,0.00031132748699747026,0.7970409989356995,0.0012900211149826646,0.013440585695207119,0.00950364489108324,0.16827310621738434,0.008300439454615116,0.0018398355459794402
test_clip_1_chunk_0137.wav,..\pre_inference\processed_media\audio_chunks\test_clip_1_chunk_0137.wav,1,generator,0.7970409989356995,0.00031132748699747026,0.7970409989356995,0.0012900211149826646,0.013440585695207119,0.00950364489108324,0.16827310621738434,0.008300439454615116,0.0018398355459794402
test_clip_1_chunk_0138.wav,..\pre_inference\processed_media\audio_chunks\test_clip_1_chunk_0138.wav,5,construction-site,0.47488316893577576,0.002676003845408559,0.4283049702644348,0.002311812248080969,0.050176747143268585,0.030484197661280632,0.47488316893577576,0.008480114862322807,0.0026829286944121122
test_clip_1_chunk_0138.wav,..\pre_inference\processed_media\audio_chunks\test_clip_1_chunk_0138.wav,5,construction-site,0.47488316893577576,0.002676003845408559,0.4283049702644348,0.002311812248080969,0.050176747143268585,0.030484197661280632,0.47488316893577576,0.008480114862322807,0.0026829286944121122
test_clip_1_chunk_0139.wav,..\pre_inference\processed_media\audio_chunks\test_clip_1_chunk_0139.wav,1,generator,0.6400839686393738,0.000610661692917347,0.6400839686393738,0.0001527804124634713,0.011268782429397106,0.0234548207372427,0.3152576684951782,0.007458716165274382,0.0017125637969002128
test_clip_1_chunk_0139.wav,..\pre_inference\processed_media\audio_chunks\test_clip_1_chunk_0139.wav,1,generator,0.6400839686393738,0.000610661692917347,0.6400839686393738,0.0001527804124634713,0.011268782429397106,0.0234548207372427,0.3152576684951782,0.007458716165274382,0.0017125637969002128
test_clip_1_chunk_0140.wav,..\pre_inference\processed_media\audio_chunks\test_clip_1_chunk_0140.wav,1,generator,0.4625380039215088,0.005580428056418896,0.4625380039215088,0.0035808200482279062,0.051390085369348526,0.04381623864173889,0.4113664925098419,0.01648629829287529,0.00524161197245121
test_clip_1_chunk_0140.wav,..\pre_inference\processed_media\audio_chunks\test_clip_1_chunk_0140.wav,1,generator,0.4625380039215088,0.005580428056418896,0.4625380039215088,0.0035808200482279062,0.051390085369348526,0.04381623864173889,0.4113664925098419,0.01648629829287529,0.00524161197245121
test_clip_1_chunk_0141.wav,..\pre_inference\processed_media\audio_chunks\test_clip_1_chunk_0141.wav,5,construction-site,0.5623884201049805,0.0007831439143046737,0.2919580936431885,0.00022376397100742906,0.06485099345445633,0.06627951562404633,0.5623884201049805,0.0083415936678648,0.005174510646611452
test_clip_1_chunk_0141.wav,..\pre_inference\processed_media\audio_chunks\test_clip_1_chunk_0141.wav,5,construction-site,0.5623884201049805,0.0007831439143046737,0.2919580936431885,0.00022376397100742906,0.06485099345445633,0.06627951562404633,0.5623884201049805,0.0083415936678648,0.005174510646611452
test_clip_1_chunk_0142.wav,..\pre_inference\processed_media\audio_chunks\test_clip_1_chunk_0142.wav,5,construction-site,0.502255380153656,0.004604527726769447,0.3635066747665405,0.0034533434081822634,0.029216540977358818,0.06505673378705978,0.502255380153656,0.026032913476228714,0.005873853340744972
test_clip_1_chunk_0142.wav,..\pre_inference\processed_media\audio_chunks\test_clip_1_chunk_0142.wav,5,construction-site,0.502255380153656,0.004604527726769447,0.3635066747665405,0.0034533434081822634,0.029216540977358818,0.06505673378705978,0.502255380153656,0.026032913476228714,0.005873853340744972
test_clip_1_chunk_0143.wav,..\pre_inference\processed_media\audio_chunks\test_clip_1_chunk_0143.wav,1,generator,0.4066360294818878,0.006514125969260931,0.4066360294818878,0.0031940871849656105,0.057381000369787216,0.17856621742248535,0.3070436120033264,0.029729055240750313,0.010935886763036251
test_clip_1_chunk_0143.wav,..\pre_inference\processed_media\audio_chunks\test_clip_1_chunk_0143.wav,1,generator,0.4066360294818878,0.006514125969260931,0.4066360294818878,0.0031940871849656105,0.057381000369787216,0.17856621742248535,0.3070436120033264,0.029729055240750313,0.010935886763036251
test_clip_1_chunk_0144.wav,..\pre_inference\processed_media\audio_chunks\test_clip_1_chunk_0144.wav,1,generator,0.6834883093833923,0.0027565087657421827,0.6834883093833923,0.002290892880409956,0.019399624317884445,0.045520421117544174,0.21575766801834106,0.024654455482959747,0.006132115609943867
test_clip_1_chunk_0144.wav,..\pre_inference\processed_media\audio_chunks\test_clip_1_chunk_0144.wav,1,generator,0.6834883093833923,0.0027565087657421827,0.6834883093833923,0.002290892880409956,0.019399624317884445,0.045520421117544174,0.21575766801834106,0.024654455482959747,0.006132115609943867
test_clip_1_chunk_0145.wav,..\pre_inference\processed_media\audio_chunks\test_clip_1_chunk_0145.wav,1,generator,0.472758024930954,0.0024460956919938326,0.472758024930954,0.0017840160289779305,0.019753756001591682,0.02491995133459568,0.4672606885433197,0.0056673940271139145,0.005410033743828535
test_clip_1_chunk_0145.wav,..\pre_inference\processed_media\audio_chunks\test_clip_1_chunk_0145.wav,1,generator,0.472758024930954,0.0024460956919938326,0.472758024930954,0.0017840160289779305,0.019753756001591682,0.02491995133459568,0.4672606885433197,0.0056673940271139145,0.005410033743828535
test_clip_1_chunk_0146.wav,..\pre_inference\processed_media\audio_chunks\test_clip_1_chunk_0146.wav,1,generator,0.40592533349990845,0.003197461599484086,0.40592533349990845,0.0027410308830440044,0.06040610745549202,0.19151540100574493,0.2510836720466614,0.060850679874420166,0.024280332028865814
test_clip_1_chunk_0146.wav,..\pre_inference\processed_media\audio_chunks\test_clip_1_chunk_0146.wav,1,generator,0.40592533349990845,0.003197461599484086,0.40592533349990845,0.0027410308830440044,0.06040610745549202,0.19151540100574493,0.2510836720466614,0.060850679874420166,0.024280332028865814
test_clip_1_chunk_0147.wav,..\pre_inference\processed_media\audio_chunks\test_clip_1_chunk_0147.wav,1,generator,0.5229387879371643,0.002918100683018565,0.5229387879371643,0.0015638315817341208,0.01953965239226818,0.012788370251655579,0.42822620272636414,0.007920220494270325,0.004104843828827143
test_clip_1_chunk_0147.wav,..\pre_inference\processed_media\audio_chunks\test_clip_1_chunk_0147.wav,1,generator,0.5229387879371643,0.002918100683018565,0.5229387879371643,0.0015638315817341208,0.01953965239226818,0.012788370251655579,0.42822620272636414,0.007920220494270325,0.004104843828827143
test_clip_1_chunk_0148.wav,..\pre_inference\processed_media\audio_chunks\test_clip_1_chunk_0148.wav,5,construction-site,0.41414132714271545,0.006607194896787405,0.31708380579948425,0.00522457342594862,0.05606640875339508,0.12439119815826416,0.41414132714271545,0.0678265318274498,0.008658956736326218
test_clip_1_chunk_0148.wav,..\pre_inference\processed_media\audio_chunks\test_clip_1_chunk_0148.wav,5,construction-site,0.41414132714271545,0.006607194896787405,0.31708380579948425,0.00522457342594862,0.05606640875339508,0.12439119815826416,0.41414132714271545,0.0678265318274498,0.008658956736326218
test_clip_1_chunk_0149.wav,..\pre_inference\processed_media\audio_chunks\test_clip_1_chunk_0149.wav,1,generator,0.5241020321846008,0.00085729721467942,0.5241020321846008,0.0006867030169814825,0.011048940941691399,0.005467594601213932,0.4551176428794861,0.0007412323029711843,0.001978563843294978
test_clip_1_chunk_0149.wav,..\pre_inference\processed_media\audio_chunks\test_clip_1_chunk_0149.wav,1,generator,0.5241020321846008,0.00085729721467942,0.5241020321846008,0.0006867030169814825,0.011048940941691399,0.005467594601213932,0.4551176428794861,0.0007412323029711843,0.001978563843294978
test_clip_1_chunk_0150.wav,..\pre_inference\processed_media\audio_chunks\test_clip_1_chunk_0150.wav,1,generator,0.6180128455162048,0.005522805731743574,0.6180128455162048,0.003083739196881652,0.0346783883869648,0.04790263622999191,0.2563585638999939,0.029348770156502724,0.005092235282063484
test_clip_1_chunk_0150.wav,..\pre_inference\processed_media\audio_chunks\test_clip_1_chunk_0150.wav,1,generator,0.6180128455162048,0.005522805731743574,0.6180128455162048,0.003083739196881652,0.0346783883869648,0.04790263622999191,0.2563585638999939,0.029348770156502724,0.005092235282063484
test_clip_1_chunk_0151.wav,..\pre_inference\processed_media\audio_chunks\test_clip_1_chunk_0151.wav,5,construction-site,0.48817363381385803,0.0019475353183224797,0.34036025404930115,0.0021449660416692495,0.04271997883915901,0.07141780108213425,0.48817363381385803,0.03931214660406113,0.01392358634620905
test_clip_1_chunk_0151.wav,..\pre_inference\processed_media\audio_chunks\test_clip_1_chunk_0151.wav,5,construction-site,0.48817363381385803,0.0019475353183224797,0.34036025404930115,0.0021449660416692495,0.04271997883915901,0.07141780108213425,0.48817363381385803,0.03931214660406113,0.01392358634620905
test_clip_1_chunk_0152.wav,..\pre_inference\processed_media\audio_chunks\test_clip_1_chunk_0152.wav,1,generator,0.6417403817176819,0.0080033540725708,0.6417403817176819,0.007384509313851595,0.017945710569620132,0.03305705636739731,0.2428477257490158,0.04180815443396568,0.007213106844574213
test_clip_1_chunk_0152.wav,..\pre_inference\processed_media\audio_chunks\test_clip_1_chunk_0152.wav,1,generator,0.6417403817176819,0.0080033540725708,0.6417403817176819,0.007384509313851595,0.017945710569620132,0.03305705636739731,0.2428477257490158,0.04180815443396568,0.007213106844574213
test_clip_1_chunk_0153.wav,..\pre_inference\processed_media\audio_chunks\test_clip_1_chunk_0153.wav,1,generator,0.6915497183799744,0.0005355207249522209,0.6915497183799744,0.0017764801159501076,0.013673637993633747,0.017785316333174706,0.26749393343925476,0.004191779065877199,0.002993589034304023
test_clip_1_chunk_0153.wav,..\pre_inference\processed_media\audio_chunks\test_clip_1_chunk_0153.wav,1,generator,0.6915497183799744,0.0005355207249522209,0.6915497183799744,0.0017764801159501076,0.013673637993633747,0.017785316333174706,0.26749393343925476,0.004191779065877199,0.002993589034304023
test_clip_1_chunk_0154.wav,..\pre_inference\processed_media\audio_chunks\test_clip_1_chunk_0154.wav,5,construction-site,0.5352516770362854,0.0013613224728032947,0.39219778776168823,0.0029356961604207754,0.021031824871897697,0.030166488140821457,0.5352516770362854,0.012753578834235668,0.004301667679101229
test_clip_1_chunk_0154.wav,..\pre_inference\processed_media\audio_chunks\test_clip_1_chunk_0154.wav,5,construction-site,0.5352516770362854,0.0013613224728032947,0.39219778776168823,0.0029356961604207754,0.021031824871897697,0.030166488140821457,0.5352516770362854,0.012753578834235668,0.004301667679101229
test_clip_1_chunk_0155.wav,..\pre_inference\processed_media\audio_chunks\test_clip_1_chunk_0155.wav,1,generator,0.5564068555831909,0.0027619549073278904,0.5564068555831909,0.0024016518145799637,0.020490210503339767,0.055217791348695755,0.35223305225372314,0.005354270804673433,0.005134210921823978
test_clip_1_chunk_0155.wav,..\pre_inference\processed_media\audio_chunks\test_clip_1_chunk_0155.wav,1,generator,0.5564068555831909,0.0027619549073278904,0.5564068555831909,0.0024016518145799637,0.020490210503339767,0.055217791348695755,0.35223305225372314,0.005354270804673433,0.005134210921823978
test_clip_1_chunk_0156.wav,..\pre_inference\processed_media\audio_chunks\test_clip_1_chunk_0156.wav,5,construction-site,0.5568949580192566,0.0008287250529974699,0.34336963295936584,0.0015748253790661693,0.043323490768671036,0.04699866101145744,0.5568949580192566,0.004639273043721914,0.0023704005870968103
test_clip_1_chunk_0156.wav,..\pre_inference\processed_media\audio_chunks\test_clip_1_chunk_0156.wav,5,construction-site,0.5568949580192566,0.0008287250529974699,0.34336963295936584,0.0015748253790661693,0.043323490768671036,0.04699866101145744,0.5568949580192566,0.004639273043721914,0.0023704005870968103
test_clip_1_chunk_0157.wav,..\pre_inference\processed_media\audio_chunks\test_clip_1_chunk_0157.wav,5,construction-site,0.5837818384170532,0.008246134966611862,0.24061129987239838,0.013731610961258411,0.024284249171614647,0.09909927099943161,0.5837818384170532,0.025047212839126587,0.005198376718908548
test_clip_1_chunk_0157.wav,..\pre_inference\processed_media\audio_chunks\test_clip_1_chunk_0157.wav,5,construction-site,0.5837818384170532,0.008246134966611862,0.24061129987239838,0.013731610961258411,0.024284249171614647,0.09909927099943161,0.5837818384170532,0.025047212839126587,0.005198376718908548
test_clip_1_chunk_0158.wav,..\pre_inference\processed_media\audio_chunks\test_clip_1_chunk_0158.wav,5,construction-site,0.6460428833961487,0.0015016898978501558,0.2832663953304291,0.003999426960945129,0.023395724594593048,0.030158402398228645,0.6460428833961487,0.008196053095161915,0.0034394701942801476
test_clip_1_chunk_0158.wav,..\pre_inference\processed_media\audio_chunks\test_clip_1_chunk_0158.wav,5,construction-site,0.6460428833961487,0.0015016898978501558,0.2832663953304291,0.003999426960945129,0.023395724594593048,0.030158402398228645,0.6460428833961487,0.008196053095161915,0.0034394701942801476
test_clip_1_chunk_0159.wav,..\pre_inference\processed_media\audio_chunks\test_clip_1_chunk_0159.wav,5,construction-site,0.48146340250968933,0.0008501304546371102,0.38247644901275635,0.0011429466539993882,0.010830267332494259,0.09274571388959885,0.48146340250968933,0.028908273205161095,0.0015828454634174705
test_clip_1_chunk_0159.wav,..\pre_inference\processed_media\audio_chunks\test_clip_1_chunk_0159.wav,5,construction-site,0.48146340250968933,0.0008501304546371102,0.38247644901275635,0.0011429466539993882,0.010830267332494259,0.09274571388959885,0.48146340250968933,0.028908273205161095,0.0015828454634174705
test_clip_1_chunk_0160.wav,..\pre_inference\processed_media\audio_chunks\test_clip_1_chunk_0160.wav,5,construction-site,0.5165066123008728,0.0032259952276945114,0.05620770528912544,0.0018185566877946258,0.330586314201355,0.046802714467048645,0.5165066123008728,0.04386792704463005,0.0009841310093179345
test_clip_1_chunk_0160.wav,..\pre_inference\processed_media\audio_chunks\test_clip_1_chunk_0160.wav,5,construction-site,0.5165066123008728,0.0032259952276945114,0.05620770528912544,0.0018185566877946258,0.330586314201355,0.046802714467048645,0.5165066123008728,0.04386792704463005,0.0009841310093179345
test_clip_1_chunk_0161.wav,..\pre_inference\processed_media\audio_chunks\test_clip_1_chunk_0161.wav,5,construction-site,0.3899596929550171,0.01835411600768566,0.22968962788581848,0.043082885444164276,0.10321996361017227,0.17048688232898712,0.3899596929550171,0.024476580321788788,0.020730284973978996
test_clip_1_chunk_0161.wav,..\pre_inference\processed_media\audio_chunks\test_clip_1_chunk_0161.wav,5,construction-site,0.3899596929550171,0.01835411600768566,0.22968962788581848,0.043082885444164276,0.10321996361017227,0.17048688232898712,0.3899596929550171,0.024476580321788788,0.020730284973978996
test_clip_1_chunk_0162.wav,..\pre_inference\processed_media\audio_chunks\test_clip_1_chunk_0162.wav,1,generator,0.5255337953567505,0.0014766936656087637,0.5255337953567505,0.011981140822172165,0.025188004598021507,0.012148763053119183,0.4093087613582611,0.008663046173751354,0.00569981848821044
test_clip_1_chunk_0162.wav,..\pre_inference\processed_media\audio_chunks\test_clip_1_chunk_0162.wav,1,generator,0.5255337953567505,0.0014766936656087637,0.5255337953567505,0.011981140822172165,0.025188004598021507,0.012148763053119183,0.4093087613582611,0.008663046173751354,0.00569981848821044
test_clip_1_chunk_0163.wav,..\pre_inference\processed_media\audio_chunks\test_clip_1_chunk_0163.wav,5,construction-site,0.7472079992294312,0.002106836996972561,0.1425149142742157,0.0017802396323531866,0.05210909992456436,0.04154246300458908,0.7472079992294312,0.009555422700941563,0.003183092689141631
test_clip_1_chunk_0163.wav,..\pre_inference\processed_media\audio_chunks\test_clip_1_chunk_0163.wav,5,construction-site,0.7472079992294312,0.002106836996972561,0.1425149142742157,0.0017802396323531866,0.05210909992456436,0.04154246300458908,0.7472079992294312,0.009555422700941563,0.003183092689141631
test_clip_1_chunk_0164.wav,..\pre_inference\processed_media\audio_chunks\test_clip_1_chunk_0164.wav,5,construction-site,0.5733270049095154,0.0009616590104997158,0.2893413007259369,0.0035910354927182198,0.05028369277715683,0.060795437544584274,0.5733270049095154,0.01237743441015482,0.009322386234998703
test_clip_1_chunk_0164.wav,..\pre_inference\processed_media\audio_chunks\test_clip_1_chunk_0164.wav,5,construction-site,0.5733270049095154,0.0009616590104997158,0.2893413007259369,0.0035910354927182198,0.05028369277715683,0.060795437544584274,0.5733270049095154,0.01237743441015482,0.009322386234998703
test_clip_1_chunk_0165.wav,..\pre_inference\processed_media\audio_chunks\test_clip_1_chunk_0165.wav,5,construction-site,0.6143708825111389,0.000946133688557893,0.2520429491996765,0.0006633907905779779,0.09959298372268677,0.016881417483091354,0.6143708825111389,0.013000979088246822,0.0025011885445564985
test_clip_1_chunk_0165.wav,..\pre_inference\processed_media\audio_chunks\test_clip_1_chunk_0165.wav,5,construction-site,0.6143708825111389,0.000946133688557893,0.2520429491996765,0.0006633907905779779,0.09959298372268677,0.016881417483091354,0.6143708825111389,0.013000979088246822,0.0025011885445564985
test_clip_1_chunk_0166.wav,..\pre_inference\processed_media\audio_chunks\test_clip_1_chunk_0166.wav,5,construction-site,0.5781037211418152,0.0020194733515381813,0.27971717715263367,0.0037566821556538343,0.03363964706659317,0.06363527476787567,0.5781037211418152,0.03347796946763992,0.005650030914694071
test_clip_1_chunk_0166.wav,..\pre_inference\processed_media\audio_chunks\test_clip_1_chunk_0166.wav,5,construction-site,0.5781037211418152,0.0020194733515381813,0.27971717715263367,0.0037566821556538343,0.03363964706659317,0.06363527476787567,0.5781037211418152,0.03347796946763992,0.005650030914694071
test_clip_1_chunk_0167.wav,..\pre_inference\processed_media\audio_chunks\test_clip_1_chunk_0167.wav,5,construction-site,0.5694870948791504,0.00064592354465276,0.35389506816864014,0.0003588934487197548,0.06002243980765343,0.009352951310575008,0.5694870948791504,0.0038264007307589054,0.002411231165751815
test_clip_1_chunk_0167.wav,..\pre_inference\processed_media\audio_chunks\test_clip_1_chunk_0167.wav,5,construction-site,0.5694870948791504,0.00064592354465276,0.35389506816864014,0.0003588934487197548,0.06002243980765343,0.009352951310575008,0.5694870948791504,0.0038264007307589054,0.002411231165751815
test_clip_1_chunk_0168.wav,..\pre_inference\processed_media\audio_chunks\test_clip_1_chunk_0168.wav,1,generator,0.502749502658844,0.0009629154810681939,0.502749502658844,0.0003631077706813812,0.02101404406130314,0.021779779344797134,0.43781912326812744,0.01215637568384409,0.0031551606953144073
test_clip_1_chunk_0168.wav,..\pre_inference\processed_media\audio_chunks\test_clip_1_chunk_0168.wav,1,generator,0.502749502658844,0.0009629154810681939,0.502749502658844,0.0003631077706813812,0.02101404406130314,0.021779779344797134,0.43781912326812744,0.01215637568384409,0.0031551606953144073
test_clip_1_chunk_0169.wav,..\pre_inference\processed_media\audio_chunks\test_clip_1_chunk_0169.wav,5,construction-site,0.6032912731170654,0.0008753721485845745,0.2911653220653534,0.0031600540969520807,0.08392259478569031,0.005979921668767929,0.6032912731170654,0.007693653926253319,0.003911829553544521
test_clip_1_chunk_0169.wav,..\pre_inference\processed_media\audio_chunks\test_clip_1_chunk_0169.wav,5,construction-site,0.6032912731170654,0.0008753721485845745,0.2911653220653534,0.0031600540969520807,0.08392259478569031,0.005979921668767929,0.6032912731170654,0.007693653926253319,0.003911829553544521
test_clip_1_chunk_0170.wav,..\pre_inference\processed_media\audio_chunks\test_clip_1_chunk_0170.wav,5,construction-site,0.47954675555229187,0.0028424926567822695,0.43229609727859497,0.0019132549641653895,0.035371068865060806,0.020422060042619705,0.47954675555229187,0.02385624125599861,0.0037519922479987144
test_clip_1_chunk_0170.wav,..\pre_inference\processed_media\audio_chunks\test_clip_1_chunk_0170.wav,5,construction-site,0.47954675555229187,0.0028424926567822695,0.43229609727859497,0.0019132549641653895,0.035371068865060806,0.020422060042619705,0.47954675555229187,0.02385624125599861,0.0037519922479987144
test_clip_1_chunk_0171.wav,..\pre_inference\processed_media\audio_chunks\test_clip_1_chunk_0171.wav,5,construction-site,0.5221071839332581,0.0006506660138256848,0.39599621295928955,0.0012627000687643886,0.048221152275800705,0.01696121133863926,0.5221071839332581,0.010319961234927177,0.0044809505343437195
test_clip_1_chunk_0171.wav,..\pre_inference\processed_media\audio_chunks\test_clip_1_chunk_0171.wav,5,construction-site,0.5221071839332581,0.0006506660138256848,0.39599621295928955,0.0012627000687643886,0.048221152275800705,0.01696121133863926,0.5221071839332581,0.010319961234927177,0.0044809505343437195
test_clip_1_chunk_0172.wav,..\pre_inference\processed_media\audio_chunks\test_clip_1_chunk_0172.wav,5,construction-site,0.7167016267776489,0.00311070354655385,0.14525504410266876,0.0007743395981378853,0.08441527932882309,0.02742735855281353,0.7167016267776489,0.02057720348238945,0.001738476799800992
test_clip_1_chunk_0172.wav,..\pre_inference\processed_media\audio_chunks\test_clip_1_chunk_0172.wav,5,construction-site,0.7167016267776489,0.00311070354655385,0.14525504410266876,0.0007743395981378853,0.08441527932882309,0.02742735855281353,0.7167016267776489,0.02057720348238945,0.001738476799800992
test_clip_1_chunk_0173.wav,..\pre_inference\processed_media\audio_chunks\test_clip_1_chunk_0173.wav,5,construction-site,0.5263149738311768,0.0011334848823025823,0.41018781065940857,0.001892701955512166,0.024829035624861717,0.016735585406422615,0.5263149738311768,0.008561113849282265,0.010345212183892727
test_clip_1_chunk_0173.wav,..\pre_inference\processed_media\audio_chunks\test_clip_1_chunk_0173.wav,5,construction-site,0.5263149738311768,0.0011334848823025823,0.41018781065940857,0.001892701955512166,0.024829035624861717,0.016735585406422615,0.5263149738311768,0.008561113849282265,0.010345212183892727
test_clip_1_chunk_0174.wav,..\pre_inference\processed_media\audio_chunks\test_clip_1_chunk_0174.wav,5,construction-site,0.5808238983154297,0.0007608556770719588,0.28946492075920105,0.0002198398724431172,0.10094304382801056,0.015649093315005302,0.5808238983154297,0.010498061776161194,0.0016402853652834892
test_clip_1_chunk_0174.wav,..\pre_inference\processed_media\audio_chunks\test_clip_1_chunk_0174.wav,5,construction-site,0.5808238983154297,0.0007608556770719588,0.28946492075920105,0.0002198398724431172,0.10094304382801056,0.015649093315005302,0.5808238983154297,0.010498061776161194,0.0016402853652834892
test_clip_1_chunk_0175.wav,..\pre_inference\processed_media\audio_chunks\test_clip_1_chunk_0175.wav,5,construction-site,0.6272278428077698,0.0032424263190478086,0.20245575904846191,0.00365913356654346,0.03899133950471878,0.0774373784661293,0.6272278428077698,0.038772646337747574,0.008213402703404427
test_clip_1_chunk_0175.wav,..\pre_inference\processed_media\audio_chunks\test_clip_1_chunk_0175.wav,5,construction-site,0.6272278428077698,0.0032424263190478086,0.20245575904846191,0.00365913356654346,0.03899133950471878,0.0774373784661293,0.6272278428077698,0.038772646337747574,0.008213402703404427
test_clip_1_chunk_0176.wav,..\pre_inference\processed_media\audio_chunks\test_clip_1_chunk_0176.wav,1,generator,0.46345141530036926,0.012154110707342625,0.46345141530036926,0.17219603061676025,0.039857666939496994,0.043554164469242096,0.20806866884231567,0.04689555615186691,0.013822389766573906
test_clip_1_chunk_0176.wav,..\pre_inference\processed_media\audio_chunks\test_clip_1_chunk_0176.wav,1,generator,0.46345141530036926,0.012154110707342625,0.46345141530036926,0.17219603061676025,0.039857666939496994,0.043554164469242096,0.20806866884231567,0.04689555615186691,0.013822389766573906
test_clip_1_chunk_0177.wav,..\pre_inference\processed_media\audio_chunks\test_clip_1_chunk_0177.wav,1,generator,0.8168755769729614,0.0018721135566011071,0.8168755769729614,0.0005056387162767351,0.027678053826093674,0.009242638014256954,0.13895899057388306,0.004142004065215588,0.0007250009221024811
test_clip_1_chunk_0177.wav,..\pre_inference\processed_media\audio_chunks\test_clip_1_chunk_0177.wav,1,generator,0.8168755769729614,0.0018721135566011071,0.8168755769729614,0.0005056387162767351,0.027678053826093674,0.009242638014256954,0.13895899057388306,0.004142004065215588,0.0007250009221024811
test_clip_1_chunk_0178.wav,..\pre_inference\processed_media\audio_chunks\test_clip_1_chunk_0178.wav,1,generator,0.6479632258415222,0.0008818633505143225,0.6479632258415222,0.0007246577297337353,0.02031666785478592,0.009614109061658382,0.31847986578941345,0.0011548802722245455,0.0008646717178635299
test_clip_1_chunk_0178.wav,..\pre_inference\processed_media\audio_chunks\test_clip_1_chunk_0178.wav,1,generator,0.6479632258415222,0.0008818633505143225,0.6479632258415222,0.0007246577297337353,0.02031666785478592,0.009614109061658382,0.31847986578941345,0.0011548802722245455,0.0008646717178635299
test_clip_1_chunk_0179.wav,..\pre_inference\processed_media\audio_chunks\test_clip_1_chunk_0179.wav,5,construction-site,0.5235462188720703,0.001595503999851644,0.4184842109680176,0.007253685500472784,0.03887282311916351,0.0036246743984520435,0.5235462188720703,0.004252896644175053,0.002370071830227971
test_clip_1_chunk_0179.wav,..\pre_inference\processed_media\audio_chunks\test_clip_1_chunk_0179.wav,5,construction-site,0.5235462188720703,0.001595503999851644,0.4184842109680176,0.007253685500472784,0.03887282311916351,0.0036246743984520435,0.5235462188720703,0.004252896644175053,0.002370071830227971
test_clip_1_chunk_0180.wav,..\pre_inference\processed_media\audio_chunks\test_clip_1_chunk_0180.wav,1,generator,0.675015389919281,0.003677548374980688,0.675015389919281,0.000709784624632448,0.020358433946967125,0.00935340952128172,0.28374022245407104,0.006234392989426851,0.0009108046651817858
test_clip_1_chunk_0180.wav,..\pre_inference\processed_media\audio_chunks\test_clip_1_chunk_0180.wav,1,generator,0.675015389919281,0.003677548374980688,0.675015389919281,0.000709784624632448,0.020358433946967125,0.00935340952128172,0.28374022245407104,0.006234392989426851,0.0009108046651817858
test_clip_1_chunk_0181.wav,..\pre_inference\processed_media\audio_chunks\test_clip_1_chunk_0181.wav,1,generator,0.6646623611450195,0.0003601878706831485,0.6646623611450195,0.0015013283118605614,0.015501782298088074,0.0035558186937123537,0.30783262848854065,0.005267266649752855,0.0013186243595555425
test_clip_1_chunk_0181.wav,..\pre_inference\processed_media\audio_chunks\test_clip_1_chunk_0181.wav,1,generator,0.6646623611450195,0.0003601878706831485,0.6646623611450195,0.0015013283118605614,0.015501782298088074,0.0035558186937123537,0.30783262848854065,0.005267266649752855,0.0013186243595555425
test_clip_1_chunk_0182.wav,..\pre_inference\processed_media\audio_chunks\test_clip_1_chunk_0182.wav,1,generator,0.811785101890564,0.0016603703843429685,0.811785101890564,0.0006479793810285628,0.008399358950555325,0.0011287401430308819,0.1751091182231903,0.0005266048246994615,0.0007427370874211192
test_clip_1_chunk_0182.wav,..\pre_inference\processed_media\audio_chunks\test_clip_1_chunk_0182.wav,1,generator,0.811785101890564,0.0016603703843429685,0.811785101890564,0.0006479793810285628,0.008399358950555325,0.0011287401430308819,0.1751091182231903,0.0005266048246994615,0.0007427370874211192
test_clip_1_chunk_0183.wav,..\pre_inference\processed_media\audio_chunks\test_clip_1_chunk_0183.wav,5,construction-site,0.6032946705818176,0.0016720477724447846,0.35945749282836914,0.00036774054751731455,0.018898438662290573,0.00941511895507574,0.6032946705818176,0.00550836743786931,0.0013861418701708317
test_clip_1_chunk_0183.wav,..\pre_inference\processed_media\audio_chunks\test_clip_1_chunk_0183.wav,5,construction-site,0.6032946705818176,0.0016720477724447846,0.35945749282836914,0.00036774054751731455,0.018898438662290573,0.00941511895507574,0.6032946705818176,0.00550836743786931,0.0013861418701708317
test_clip_1_chunk_0184.wav,..\pre_inference\processed_media\audio_chunks\test_clip_1_chunk_0184.wav,5,construction-site,0.6022531986236572,0.0008928325260058045,0.2358875870704651,0.0038526819553226233,0.015048951841890812,0.045688048005104065,0.6022531986236572,0.09452183544635773,0.0018548554508015513
test_clip_1_chunk_0184.wav,..\pre_inference\processed_media\audio_chunks\test_clip_1_chunk_0184.wav,5,construction-site,0.6022531986236572,0.0008928325260058045,0.2358875870704651,0.0038526819553226233,0.015048951841890812,0.045688048005104065,0.6022531986236572,0.09452183544635773,0.0018548554508015513
test_clip_1_chunk_0185.wav,..\pre_inference\processed_media\audio_chunks\test_clip_1_chunk_0185.wav,5,construction-site,0.6040524244308472,0.0007434219587594271,0.35745769739151,0.004484331700950861,0.015004009939730167,0.007671707309782505,0.6040524244308472,0.008604200556874275,0.0019822013564407825
test_clip_1_chunk_0185.wav,..\pre_inference\processed_media\audio_chunks\test_clip_1_chunk_0185.wav,5,construction-site,0.6040524244308472,0.0007434219587594271,0.35745769739151,0.004484331700950861,0.015004009939730167,0.007671707309782505,0.6040524244308472,0.008604200556874275,0.0019822013564407825
test_clip_1_chunk_0186.wav,..\pre_inference\processed_media\audio_chunks\test_clip_1_chunk_0186.wav,5,construction-site,0.4795849323272705,0.00129792804364115,0.40246570110321045,0.012005160562694073,0.01698957197368145,0.035779889672994614,0.4795849323272705,0.04762469232082367,0.004252109210938215
test_clip_1_chunk_0186.wav,..\pre_inference\processed_media\audio_chunks\test_clip_1_chunk_0186.wav,5,construction-site,0.4795849323272705,0.00129792804364115,0.40246570110321045,0.012005160562694073,0.01698957197368145,0.035779889672994614,0.4795849323272705,0.04762469232082367,0.004252109210938215
test_clip_1_chunk_0187.wav,..\pre_inference\processed_media\audio_chunks\test_clip_1_chunk_0187.wav,5,construction-site,0.6805842518806458,0.0008689116220921278,0.22421926259994507,0.006881957408040762,0.011561856605112553,0.029846252873539925,0.6805842518806458,0.04320084676146507,0.002836699364706874
test_clip_1_chunk_0187.wav,..\pre_inference\processed_media\audio_chunks\test_clip_1_chunk_0187.wav,5,construction-site,0.6805842518806458,0.0008689116220921278,0.22421926259994507,0.006881957408040762,0.011561856605112553,0.029846252873539925,0.6805842518806458,0.04320084676146507,0.002836699364706874
test_clip_1_chunk_0188.wav,..\pre_inference\processed_media\audio_chunks\test_clip_1_chunk_0188.wav,1,generator,0.5065892338752747,0.003246516454964876,0.5065892338752747,0.004939455538988113,0.01978239230811596,0.060042206197977066,0.31288227438926697,0.0902322456240654,0.0022856458090245724
test_clip_1_chunk_0188.wav,..\pre_inference\processed_media\audio_chunks\test_clip_1_chunk_0188.wav,1,generator,0.5065892338752747,0.003246516454964876,0.5065892338752747,0.004939455538988113,0.01978239230811596,0.060042206197977066,0.31288227438926697,0.0902322456240654,0.0022856458090245724
test_clip_1_chunk_0189.wav,..\pre_inference\processed_media\audio_chunks\test_clip_1_chunk_0189.wav,3,mobile-music,0.9188103675842285,0.0017212560633197427,0.03169773891568184,0.004354580771178007,0.9188103675842285,0.0034099756740033627,0.010925163514912128,0.019726648926734924,0.009354246780276299
test_clip_1_chunk_0189.wav,..\pre_inference\processed_media\audio_chunks\test_clip_1_chunk_0189.wav,3,mobile-music,0.9188103675842285,0.0017212560633197427,0.03169773891568184,0.004354580771178007,0.9188103675842285,0.0034099756740033627,0.010925163514912128,0.019726648926734924,0.009354246780276299
test_clip_1_chunk_0190.wav,..\pre_inference\processed_media\audio_chunks\test_clip_1_chunk_0190.wav,3,mobile-music,0.9999960660934448,1.4767551873191842e-14,3.876288246829063e-06,6.203891289580099e-10,0.9999960660934448,1.3707441858825092e-14,3.5782278473561746e-08,1.7226572544739444e-13,2.0018519827913472e-11
test_clip_1_chunk_0190.wav,..\pre_inference\processed_media\audio_chunks\test_clip_1_chunk_0190.wav,3,mobile-music,0.9999960660934448,1.4767551873191842e-14,3.876288246829063e-06,6.203891289580099e-10,0.9999960660934448,1.3707441858825092e-14,3.5782278473561746e-08,1.7226572544739444e-13,2.0018519827913472e-11
test_clip_1_chunk_0191.wav,..\pre_inference\processed_media\audio_chunks\test_clip_1_chunk_0191.wav,3,mobile-music,0.9999960660934448,1.4767551873191842e-14,3.876288246829063e-06,6.203891289580099e-10,0.9999960660934448,1.3707441858825092e-14,3.5782278473561746e-08,1.7226572544739444e-13,2.0018519827913472e-11
test_clip_1_chunk_0191.wav,..\pre_inference\processed_media\audio_chunks\test_clip_1_chunk_0191.wav,3,mobile-music,0.9999960660934448,1.4767551873191842e-14,3.876288246829063e-06,6.203891289580099e-10,0.9999960660934448,1.3707441858825092e-14,3.5782278473561746e-08,1.7226572544739444e-13,2.0018519827913472e-11
test_clip_1_chunk_0192.wav,..\pre_inference\processed_media\audio_chunks\test_clip_1_chunk_0192.wav,3,mobile-music,0.9999960660934448,1.471862216796075e-14,3.8694997783750296e-06,6.16997619662385e-10,0.9999960660934448,1.3687794929613528e-14,3.567569351048405e-08,1.7234229722582622e-13,1.9980449586509685e-11
test_clip_1_chunk_0192.wav,..\pre_inference\processed_media\audio_chunks\test_clip_1_chunk_0192.wav,3,mobile-music,0.9999960660934448,1.471862216796075e-14,3.8694997783750296e-06,6.16997619662385e-10,0.9999960660934448,1.3687794929613528e-14,3.567569351048405e-08,1.7234229722582622e-13,1.9980449586509685e-11
